dataset,frame,scene,split,perturbation,level,level_unit,seed,sector_center_deg,n_points,finite_points,invalid_ratio,empty_azimuth_bins,density_score,method,threshold,method_score,flagged
kitti_mini,000001,KITTI,calibration,original,0,none,42,0,120268,120268,0,0,0.2211283605,global_count,0.2,0.004828239616,False
kitti_mini,000001,KITTI,calibration,random_dropout,0.1,fraction_removed,42,0,108167,108167,0,0,0.2953426732,global_count,0.2,0.1049593923,False
kitti_mini,000001,KITTI,calibration,random_dropout,0.3,fraction_removed,42,0,84111,84111,0,0,0.4471790988,global_count,0.2,0.3040136035,True
kitti_mini,000001,KITTI,calibration,random_dropout,0.5,fraction_removed,42,0,59871,59871,0,0,0.6092389246,global_count,0.2,0.5045903443,True
kitti_mini,000001,KITTI,calibration,sector_dropout,10,degrees,42,0,117403,117403,0,0,0.5392058725,global_count,0.2,0.02853502025,False
kitti_mini,000001,KITTI,calibration,sector_dropout,20,degrees,42,0,114524,114524,0,2,1,global_count,0.2,0.05235764554,False
kitti_mini,000001,KITTI,calibration,sector_dropout,30,degrees,42,0,111656,111656,0,2,1,global_count,0.2,0.07608925003,False
kitti_mini,000004,KITTI,test,original,0,none,42,0,115976,115976,0,0,0.2491413474,global_count,0.2,0.04034290017,False
kitti_mini,000004,KITTI,test,random_dropout,0.1,fraction_removed,42,0,104322,104322,0,0,0.3207397622,global_count,0.2,0.1367752986,False
kitti_mini,000004,KITTI,test,random_dropout,0.3,fraction_removed,42,0,81127,81127,0,0,0.4676354029,global_count,0.2,0.3287050637,True
kitti_mini,000004,KITTI,test,random_dropout,0.5,fraction_removed,42,0,57713,57713,0,0,0.621664465,global_count,0.2,0.52244697,True
kitti_mini,000004,KITTI,test,sector_dropout,10,degrees,42,0,113221,113221,0,0,0.5478812145,global_count,0.2,0.06313947282,False
kitti_mini,000004,KITTI,test,sector_dropout,20,degrees,42,0,110374,110374,0,2,1,global_count,0.2,0.08669731034,False
kitti_mini,000004,KITTI,test,sector_dropout,30,degrees,42,0,107252,107252,0,2,1,global_count,0.2,0.1125306678,False
kitti_mini,000007,KITTI,calibration,original,0,none,42,0,122798,122798,0,0,0.2309782609,global_count,0.2,0,False
kitti_mini,000007,KITTI,calibration,random_dropout,0.1,fraction_removed,42,0,110452,110452,0,0,0.3202639752,global_count,0.2,0.08605189013,False
kitti_mini,000007,KITTI,calibration,random_dropout,0.3,fraction_removed,42,0,85891,85891,0,0,0.4549689441,global_count,0.2,0.2892847834,True
kitti_mini,000007,KITTI,calibration,random_dropout,0.5,fraction_removed,42,0,61146,61146,0,0,0.612189441,global_count,0.2,0.4940402064,True
kitti_mini,000007,KITTI,calibration,sector_dropout,10,degrees,42,0,119882,119882,0,0,0.5201868535,global_count,0.2,0.008022242173,False
kitti_mini,000007,KITTI,calibration,sector_dropout,20,degrees,42,0,116905,116905,0,2,1,global_count,0.2,0.03265578003,False
kitti_mini,000007,KITTI,calibration,sector_dropout,30,degrees,42,0,113797,113797,0,2,1,global_count,0.2,0.05837329284,False
kitti_mini,000008,KITTI,test,original,0,none,42,0,122555,122555,0,0,0.1737218252,global_count,0.2,0,False
kitti_mini,000008,KITTI,test,random_dropout,0.1,fraction_removed,42,0,110227,110227,0,0,0.2603078615,global_count,0.2,0.08791367918,False
kitti_mini,000008,KITTI,test,random_dropout,0.3,fraction_removed,42,0,85707,85707,0,0,0.4255085212,global_count,0.2,0.2908073131,True
kitti_mini,000008,KITTI,test,random_dropout,0.5,fraction_removed,42,0,61008,61008,0,0,0.5951072018,global_count,0.2,0.4951821037,True
kitti_mini,000008,KITTI,test,sector_dropout,10,degrees,42,0,119436,119436,0,0,0.5288621955,global_count,0.2,0.01171272181,False
kitti_mini,000008,KITTI,test,sector_dropout,20,degrees,42,0,116373,116373,0,2,1,global_count,0.2,0.03705787682,False
kitti_mini,000008,KITTI,test,sector_dropout,30,degrees,42,0,113375,113375,0,2,1,global_count,0.2,0.06186518165,False
kitti_mini,000009,KITTI,calibration,original,0,none,42,0,123928,123928,0,0,0.2182759236,global_count,0.2,0,False
kitti_mini,000009,KITTI,calibration,random_dropout,0.1,fraction_removed,42,0,111471,111471,0,0,0.3007317508,global_count,0.2,0.07762005436,False
kitti_mini,000009,KITTI,calibration,random_dropout,0.3,fraction_removed,42,0,86666,86666,0,0,0.4510083884,global_count,0.2,0.2828719544,True
kitti_mini,000009,KITTI,calibration,random_dropout,0.5,fraction_removed,42,0,61684,61684,0,0,0.6094949134,global_count,0.2,0.4895884619,True
kitti_mini,000009,KITTI,calibration,sector_dropout,10,degrees,42,0,121184,121184,0,0,0.5392303848,global_count,0.2,0,False
kitti_mini,000009,KITTI,calibration,sector_dropout,20,degrees,42,0,118144,118144,0,2,1,global_count,0.2,0.0224035283,False
kitti_mini,000009,KITTI,calibration,sector_dropout,30,degrees,42,0,114998,114998,0,2,1,global_count,0.2,0.0484354766,False
kitti_mini,000010,KITTI,test,original,0,none,42,0,115875,115875,0,0,0.2575017446,global_count,0.2,0.04117863659,False
kitti_mini,000010,KITTI,test,random_dropout,0.1,fraction_removed,42,0,104232,104232,0,0,0.3309141661,global_count,0.2,0.1375200142,False
kitti_mini,000010,KITTI,test,random_dropout,0.3,fraction_removed,42,0,81051,81051,0,0,0.4810886253,global_count,0.2,0.3293339346,True
kitti_mini,000010,KITTI,test,random_dropout,0.5,fraction_removed,42,0,57666,57666,0,0,0.6314606742,global_count,0.2,0.5228358771,True
kitti_mini,000010,KITTI,test,sector_dropout,10,degrees,42,0,112986,112986,0,0,0.5311978645,global_count,0.2,0.06508400806,False
kitti_mini,000010,KITTI,test,sector_dropout,20,degrees,42,0,110136,110136,0,2,1,global_count,0.2,0.08866666942,False
kitti_mini,000010,KITTI,test,sector_dropout,30,degrees,42,0,107326,107326,0,2,1,global_count,0.2,0.1119183461,False
kitti_mini,000011,KITTI,calibration,original,0,none,42,0,108004,108004,0,0,0.437449338,global_count,0.2,0.106308155,False
kitti_mini,000011,KITTI,calibration,random_dropout,0.1,fraction_removed,42,0,97137,97137,0,0,0.5033774655,global_count,0.2,0.1962284291,False
kitti_mini,000011,KITTI,calibration,random_dropout,0.3,fraction_removed,42,0,75504,75504,0,0,0.6092947852,global_count,0.2,0.3752332408,True
kitti_mini,000011,KITTI,calibration,random_dropout,0.5,fraction_removed,42,0,53691,53691,0,0,0.718724669,global_count,0.2,0.5557274837,True
kitti_mini,000011,KITTI,calibration,sector_dropout,10,degrees,42,0,104852,104852,0,0,0.4809262036,global_count,0.2,0.1323897511,False
kitti_mini,000011,KITTI,calibration,sector_dropout,20,degrees,42,0,101720,101720,0,2,1,global_count,0.2,0.1583058547,False
kitti_mini,000011,KITTI,calibration,sector_dropout,30,degrees,42,0,98457,98457,0,2,1,global_count,0.2,0.1853059333,False
kitti_mini,000012,KITTI,test,original,0,none,42,0,120007,120007,0,0,0.125468499,global_count,0.2,0.00698791492,False
kitti_mini,000012,KITTI,test,random_dropout,0.1,fraction_removed,42,0,107936,107936,0,0,0.2100660361,global_count,0.2,0.1068708291,False
kitti_mini,000012,KITTI,test,random_dropout,0.3,fraction_removed,42,0,83936,83936,0,0,0.3918105958,global_count,0.2,0.3054616616,True
kitti_mini,000012,KITTI,test,random_dropout,0.5,fraction_removed,42,0,59746,59746,0,0,0.5761692218,global_count,0.2,0.5056246716,True
kitti_mini,000012,KITTI,test,sector_dropout,10,degrees,42,0,117275,117275,0,0,0.5572238906,global_count,0.2,0.02959417136,False
kitti_mini,000012,KITTI,test,sector_dropout,20,degrees,42,0,114415,114415,0,2,1,global_count,0.2,0.0532595789,False
kitti_mini,000012,KITTI,test,sector_dropout,30,degrees,42,0,111302,111302,0,2,1,global_count,0.2,0.07901846481,False
kitti_mini,000015,KITTI,calibration,original,0,none,42,0,122583,122583,0,0,0.2275975811,global_count,0.2,0,False
kitti_mini,000015,KITTI,calibration,random_dropout,0.1,fraction_removed,42,0,110255,110255,0,0,0.3023639362,global_count,0.2,0.08768198988,False
kitti_mini,000015,KITTI,calibration,random_dropout,0.3,fraction_removed,42,0,85728,85728,0,0,0.4617921935,global_count,0.2,0.2906335461,True
kitti_mini,000015,KITTI,calibration,random_dropout,0.5,fraction_removed,42,0,61027,61027,0,0,0.6179219351,global_count,0.2,0.4950248859,True
kitti_mini,000015,KITTI,calibration,sector_dropout,10,degrees,42,0,119491,119491,0,0,0.5019157088,global_count,0.2,0.01125761782,False
kitti_mini,000015,KITTI,calibration,sector_dropout,20,degrees,42,0,116309,116309,0,2,1,global_count,0.2,0.03758745237,False
kitti_mini,000015,KITTI,calibration,sector_dropout,30,degrees,42,0,112922,112922,0,2,1,global_count,0.2,0.06561358361,False
kitti_mini,000016,KITTI,test,original,0,none,42,0,113070,113070,0,0,0.2336819807,global_count,0.2,0.06438894015,False
kitti_mini,000016,KITTI,test,random_dropout,0.1,fraction_removed,42,0,101696,101696,0,0,0.3033231828,global_count,0.2,0.1585044455,False
kitti_mini,000016,KITTI,test,random_dropout,0.3,fraction_removed,42,0,79085,79085,0,0,0.4566397458,global_count,0.2,0.3456018337,True
kitti_mini,000016,KITTI,test,random_dropout,0.5,fraction_removed,42,0,56269,56269,0,0,0.6126042632,global_count,0.2,0.5343955185,True
kitti_mini,000016,KITTI,test,sector_dropout,10,degrees,42,0,110084,110084,0,0,0.5395395395,global_count,0.2,0.08909694956,False
kitti_mini,000016,KITTI,test,sector_dropout,20,degrees,42,0,107282,107282,0,2,1,global_count,0.2,0.1122824293,False
kitti_mini,000016,KITTI,test,sector_dropout,30,degrees,42,0,104177,104177,0,2,1,global_count,0.2,0.1379751182,False
kitti_mini,000019,KITTI,calibration,original,0,none,42,0,115697,115697,0,0,0.3797752809,global_count,0.2,0.0426515186,False
kitti_mini,000019,KITTI,calibration,random_dropout,0.1,fraction_removed,42,0,104075,104075,0,0,0.4443820225,global_count,0.2,0.1388191293,False
kitti_mini,000019,KITTI,calibration,random_dropout,0.3,fraction_removed,42,0,80920,80920,0,0,0.5710674157,global_count,0.2,0.3304179096,True
kitti_mini,000019,KITTI,calibration,random_dropout,0.5,fraction_removed,42,0,57574,57574,0,0,0.6907303371,global_count,0.2,0.5235971419,True
kitti_mini,000019,KITTI,calibration,sector_dropout,10,degrees,42,0,112937,112937,0,0,0.4654654655,global_count,0.2,0.06548946434,False
kitti_mini,000019,KITTI,calibration,sector_dropout,20,degrees,42,0,109699,109699,0,2,1,global_count,0.2,0.0922826775,False
kitti_mini,000019,KITTI,calibration,sector_dropout,30,degrees,42,0,106352,106352,0,2,1,global_count,0.2,0.119977824,False
kitti_mini,000021,KITTI,test,original,0,none,42,0,125260,125260,0,0,0.1097626272,global_count,0.2,0,False
kitti_mini,000021,KITTI,test,random_dropout,0.1,fraction_removed,42,0,112663,112663,0,0,0.1904336962,global_count,0.2,0.06775670968,False
kitti_mini,000021,KITTI,test,random_dropout,0.3,fraction_removed,42,0,87589,87589,0,0,0.3771194003,global_count,0.2,0.275234482,True
kitti_mini,000021,KITTI,test,random_dropout,0.5,fraction_removed,42,0,62348,62348,0,0,0.5545243619,global_count,0.2,0.4840941155,True
kitti_mini,000021,KITTI,test,sector_dropout,10,degrees,42,0,122350,122350,0,0,0.4925870398,global_count,0.2,0,False
kitti_mini,000021,KITTI,test,sector_dropout,20,degrees,42,0,119279,119279,0,2,1,global_count,0.2,0.01301183684,False
kitti_mini,000021,KITTI,test,sector_dropout,30,degrees,42,0,115901,115901,0,2,1,global_count,0.2,0.04096349652,False
kitti_mini,000023,KITTI,calibration,original,0,none,42,0,120412,120412,0,0,0.2112836047,global_count,0.2,0.003636694621,False
kitti_mini,000023,KITTI,calibration,random_dropout,0.1,fraction_removed,42,0,108295,108295,0,0,0.2828474063,global_count,0.2,0.1039002412,False
kitti_mini,000023,KITTI,calibration,random_dropout,0.3,fraction_removed,42,0,84216,84216,0,0,0.4335478985,global_count,0.2,0.3031447686,True
kitti_mini,000023,KITTI,calibration,random_dropout,0.5,fraction_removed,42,0,59941,59941,0,0,0.5940931465,global_count,0.2,0.5040111211,True
kitti_mini,000023,KITTI,calibration,sector_dropout,10,degrees,42,0,117532,117532,0,0,0.5375375375,global_count,0.2,0.02746759453,False
kitti_mini,000023,KITTI,calibration,sector_dropout,20,degrees,42,0,114647,114647,0,2,1,global_count,0.2,0.05133986752,False
kitti_mini,000023,KITTI,calibration,sector_dropout,30,degrees,42,0,111761,111761,0,2,1,global_count,0.2,0.07522041514,False
kitti_mini,000025,KITTI,test,original,0,none,42,0,115780,115780,0,0,0.4989532449,global_count,0.2,0.0419647253,False
kitti_mini,000025,KITTI,test,random_dropout,0.1,fraction_removed,42,0,104147,104147,0,0,0.5528262387,global_count,0.2,0.1382233568,False
kitti_mini,000025,KITTI,test,random_dropout,0.3,fraction_removed,42,0,80980,80980,0,0,0.6519190509,global_count,0.2,0.3299214325,True
kitti_mini,000025,KITTI,test,random_dropout,0.5,fraction_removed,42,0,57618,57618,0,0,0.747662247,global_count,0.2,0.5232330588,True
kitti_mini,000025,KITTI,test,sector_dropout,10,degrees,42,0,112768,112768,0,0,0.5059137098,global_count,0.2,0.06688787479,False
kitti_mini,000025,KITTI,test,sector_dropout,20,degrees,42,0,109681,109681,0,2,1,global_count,0.2,0.09243162063,False
kitti_mini,000025,KITTI,test,sector_dropout,30,degrees,42,0,106354,106354,0,2,1,global_count,0.2,0.1199612748,False
kitti_mini,000031,KITTI,calibration,original,0,none,42,0,121291,121291,0,0,0.2161747142,global_count,0.2,0,False
kitti_mini,000031,KITTI,calibration,random_dropout,0.1,fraction_removed,42,0,109094,109094,0,0,0.2987544788,global_count,0.2,0.0972888214,False
kitti_mini,000031,KITTI,calibration,random_dropout,0.3,fraction_removed,42,0,84836,84836,0,0,0.4741511687,global_count,0.2,0.2980145054,True
kitti_mini,000031,KITTI,calibration,random_dropout,0.5,fraction_removed,42,0,60380,60380,0,0,0.6215662856,global_count,0.2,0.5003785638,True
kitti_mini,000031,KITTI,calibration,sector_dropout,10,degrees,42,0,118436,118436,0,0,0.4644644645,global_count,0.2,0.01998733983,False
kitti_mini,000031,KITTI,calibration,sector_dropout,20,degrees,42,0,115189,115189,0,2,1,global_count,0.2,0.04685502455,False
kitti_mini,000031,KITTI,calibration,sector_dropout,30,degrees,42,0,111968,111968,0,2,1,global_count,0.2,0.07350756921,False
kitti_mini,000032,KITTI,test,original,0,none,42,0,118661,118661,0,0,0.3036516854,global_count,0.2,0.01812555078,False
kitti_mini,000032,KITTI,test,random_dropout,0.1,fraction_removed,42,0,106737,106737,0,0,0.3735955056,global_count,0.2,0.1167920961,False
kitti_mini,000032,KITTI,test,random_dropout,0.3,fraction_removed,42,0,82996,82996,0,0,0.5095505618,global_count,0.2,0.3132398026,True
kitti_mini,000032,KITTI,test,random_dropout,0.5,fraction_removed,42,0,59084,59084,0,0,0.6460674157,global_count,0.2,0.5111024687,True
kitti_mini,000032,KITTI,test,sector_dropout,10,degrees,42,0,115376,115376,0,0,0.4869232051,global_count,0.2,0.04530767098,False
kitti_mini,000032,KITTI,test,sector_dropout,20,degrees,42,0,112167,112167,0,2,1,global_count,0.2,0.07186092022,False
kitti_mini,000032,KITTI,test,sector_dropout,30,degrees,42,0,108942,108942,0,2,1,global_count,0.2,0.09854656334,False
kitti_mini,000043,KITTI,calibration,original,0,none,42,0,122591,122591,0,0,0.1185770751,global_count,0.2,0,False
kitti_mini,000043,KITTI,calibration,random_dropout,0.1,fraction_removed,42,0,110261,110261,0,0,0.2026350461,global_count,0.2,0.08763234217,False
kitti_mini,000043,KITTI,calibration,random_dropout,0.3,fraction_removed,42,0,85733,85733,0,0,0.377602108,global_count,0.2,0.290592173,True
kitti_mini,000043,KITTI,calibration,random_dropout,0.5,fraction_removed,42,0,61030,61030,0,0,0.5571405414,global_count,0.2,0.4950000621,True
kitti_mini,000043,KITTI,calibration,sector_dropout,10,degrees,42,0,119700,119700,0,0,0.4659336998,global_count,0.2,0.009528222653,False
kitti_mini,000043,KITTI,calibration,sector_dropout,20,degrees,42,0,116484,116484,0,2,1,global_count,0.2,0.03613939422,False
kitti_mini,000043,KITTI,calibration,sector_dropout,30,degrees,42,0,113109,113109,0,2,1,global_count,0.2,0.06406623004,False
kitti_mini,000048,KITTI,test,original,0,none,42,0,122675,122675,0,0,0.1252311757,global_count,0.2,0,False
kitti_mini,000048,KITTI,test,random_dropout,0.1,fraction_removed,42,0,110341,110341,0,0,0.2113606341,global_count,0.2,0.08697037273,False
kitti_mini,000048,KITTI,test,random_dropout,0.3,fraction_removed,42,0,85799,85799,0,0,0.3965653897,global_count,0.2,0.2900460482,True
kitti_mini,000048,KITTI,test,random_dropout,0.5,fraction_removed,42,0,61084,61084,0,0,0.5717305152,global_count,0.2,0.4945532327,True
kitti_mini,000048,KITTI,test,sector_dropout,10,degrees,42,0,119639,119639,0,0,0.4619356988,global_count,0.2,0.01003297435,False
kitti_mini,000048,KITTI,test,sector_dropout,20,degrees,42,0,116394,116394,0,2,1,global_count,0.2,0.03688410984,False
kitti_mini,000048,KITTI,test,sector_dropout,30,degrees,42,0,113015,113015,0,2,1,global_count,0.2,0.06484404414,False
kitti_mini,000049,KITTI,calibration,original,0,none,42,0,113691,113691,0,0,0.2917112299,global_count,0.2,0.05925040235,False
kitti_mini,000049,KITTI,calibration,random_dropout,0.1,fraction_removed,42,0,102244,102244,0,0,0.3612299465,global_count,0.2,0.1539699549,False
kitti_mini,000049,KITTI,calibration,random_dropout,0.3,fraction_removed,42,0,79510,79510,0,0,0.5016042781,global_count,0.2,0.342085121,True
kitti_mini,000049,KITTI,calibration,random_dropout,0.5,fraction_removed,42,0,56570,56570,0,0,0.649197861,global_count,0.2,0.5319048584,True
kitti_mini,000049,KITTI,calibration,sector_dropout,10,degrees,42,0,110704,110704,0,0,0.4984984985,global_count,0.2,0.08396668639,False
kitti_mini,000049,KITTI,calibration,sector_dropout,20,degrees,42,0,107599,107599,0,2,1,global_count,0.2,0.1096593753,False
kitti_mini,000049,KITTI,calibration,sector_dropout,30,degrees,42,0,104368,104368,0,2,1,global_count,0.2,0.1363946662,False
kitti_mini,000061,KITTI,test,original,0,none,42,0,125247,125247,0,0,0.1957119296,global_count,0.2,0,False
kitti_mini,000061,KITTI,test,random_dropout,0.1,fraction_removed,42,0,112650,112650,0,0,0.2699285322,global_count,0.2,0.06786427972,False
kitti_mini,000061,KITTI,test,random_dropout,0.3,fraction_removed,42,0,87580,87580,0,0,0.4395272128,global_count,0.2,0.2753089536,True
kitti_mini,000061,KITTI,test,random_dropout,0.5,fraction_removed,42,0,62340,62340,0,0,0.6083012644,global_count,0.2,0.4841603124,True
kitti_mini,000061,KITTI,test,sector_dropout,10,degrees,42,0,121843,121843,0,0,0.4327660994,global_count,0.2,0,False
kitti_mini,000061,KITTI,test,sector_dropout,20,degrees,42,0,118439,118439,0,2,1,global_count,0.2,0.01996251598,False
kitti_mini,000061,KITTI,test,sector_dropout,30,degrees,42,0,114969,114969,0,2,1,global_count,0.2,0.04867544052,False
nuscenes_mini_subset,scene-0103_000,scene-0103,calibration,original,0,none,42,90,34752,34752,0,0,0.7826802766,global_count,0.2,0,False
nuscenes_mini_subset,scene-0103_000,scene-0103,calibration,random_dropout,0.1,fraction_removed,42,90,31318,31318,0,0,0.8037537043,global_count,0.2,0.09798387097,False
nuscenes_mini_subset,scene-0103_000,scene-0103,calibration,random_dropout,0.3,fraction_removed,42,90,24280,24280,0,0,0.8508396444,global_count,0.2,0.3006912442,True
nuscenes_mini_subset,scene-0103_000,scene-0103,calibration,random_dropout,0.5,fraction_removed,42,90,17300,17300,0,0,0.8946328614,global_count,0.2,0.5017281106,True
nuscenes_mini_subset,scene-0103_000,scene-0103,calibration,sector_dropout,10,degrees,42,90,34173,34173,0,0,0.7826802766,global_count,0.2,0.01575460829,False
nuscenes_mini_subset,scene-0103_000,scene-0103,calibration,sector_dropout,20,degrees,42,90,33489,33489,0,2,1,global_count,0.2,0.03545506912,False
nuscenes_mini_subset,scene-0103_000,scene-0103,calibration,sector_dropout,30,degrees,42,90,32758,32758,0,2,1,global_count,0.2,0.05650921659,False
nuscenes_mini_subset,scene-0103_001,scene-0103,test,original,0,none,42,90,34688,34688,0,0,0.6483993489,global_count,0.2,0.0009216589862,False
nuscenes_mini_subset,scene-0103_001,scene-0103,test,random_dropout,0.1,fraction_removed,42,90,31260,31260,0,0,0.6858383071,global_count,0.2,0.09965437788,False
nuscenes_mini_subset,scene-0103_001,scene-0103,test,random_dropout,0.3,fraction_removed,42,90,24237,24237,0,0,0.757460662,global_count,0.2,0.3019297235,True
nuscenes_mini_subset,scene-0103_001,scene-0103,test,random_dropout,0.5,fraction_removed,42,90,17270,17270,0,0,0.8279978296,global_count,0.2,0.5025921659,True
nuscenes_mini_subset,scene-0103_001,scene-0103,test,sector_dropout,10,degrees,42,90,34086,34086,0,0,0.6483993489,global_count,0.2,0.01826036866,False
nuscenes_mini_subset,scene-0103_001,scene-0103,test,sector_dropout,20,degrees,42,90,33401,33401,0,2,1,global_count,0.2,0.03798963134,False
nuscenes_mini_subset,scene-0103_001,scene-0103,test,sector_dropout,30,degrees,42,90,32666,32666,0,2,1,global_count,0.2,0.05915898618,False
nuscenes_mini_subset,scene-0103_002,scene-0103,calibration,original,0,none,42,90,34752,34752,0,0,0.6652197504,global_count,0.2,0,False
nuscenes_mini_subset,scene-0103_002,scene-0103,calibration,random_dropout,0.1,fraction_removed,42,90,31318,31318,0,0,0.7015735214,global_count,0.2,0.09798387097,False
nuscenes_mini_subset,scene-0103_002,scene-0103,calibration,random_dropout,0.3,fraction_removed,42,90,24280,24280,0,0,0.7688551275,global_count,0.2,0.3006912442,True
nuscenes_mini_subset,scene-0103_002,scene-0103,calibration,random_dropout,0.5,fraction_removed,42,90,17300,17300,0,0,0.8350515464,global_count,0.2,0.5017281106,True
nuscenes_mini_subset,scene-0103_002,scene-0103,calibration,sector_dropout,10,degrees,42,90,34178,34178,0,0,0.6652197504,global_count,0.2,0.01561059908,False
nuscenes_mini_subset,scene-0103_002,scene-0103,calibration,sector_dropout,20,degrees,42,90,33497,33497,0,2,1,global_count,0.2,0.03522465438,False
nuscenes_mini_subset,scene-0103_002,scene-0103,calibration,sector_dropout,30,degrees,42,90,32766,32766,0,2,1,global_count,0.2,0.05627880184,False
nuscenes_mini_subset,scene-0103_003,scene-0103,test,original,0,none,42,90,34720,34720,0,0,0.6950623983,global_count,0.2,0,False
nuscenes_mini_subset,scene-0103_003,scene-0103,test,random_dropout,0.1,fraction_removed,42,90,31288,31288,0,0,0.7254476397,global_count,0.2,0.09884792627,False
nuscenes_mini_subset,scene-0103_003,scene-0103,test,random_dropout,0.3,fraction_removed,42,90,24255,24255,0,0,0.788388497,global_count,0.2,0.3014112903,True
nuscenes_mini_subset,scene-0103_003,scene-0103,test,random_dropout,0.5,fraction_removed,42,90,17283,17283,0,0,0.8475311991,global_count,0.2,0.5022177419,True
nuscenes_mini_subset,scene-0103_003,scene-0103,test,sector_dropout,10,degrees,42,90,34137,34137,0,0,0.6950623983,global_count,0.2,0.01679147465,False
nuscenes_mini_subset,scene-0103_003,scene-0103,test,sector_dropout,20,degrees,42,90,33465,33465,0,2,1,global_count,0.2,0.03614631336,False
nuscenes_mini_subset,scene-0103_003,scene-0103,test,sector_dropout,30,degrees,42,90,32743,32743,0,2,1,global_count,0.2,0.05694124424,False
nuscenes_mini_subset,scene-0103_004,scene-0103,calibration,original,0,none,42,90,34784,34784,0,0,0.7059142702,global_count,0.2,0,False
nuscenes_mini_subset,scene-0103_004,scene-0103,calibration,random_dropout,0.1,fraction_removed,42,90,31345,31345,0,0,0.7357569181,global_count,0.2,0.0972062212,False
nuscenes_mini_subset,scene-0103_004,scene-0103,calibration,random_dropout,0.3,fraction_removed,42,90,24300,24300,0,0,0.796527401,global_count,0.2,0.3001152074,True
nuscenes_mini_subset,scene-0103_004,scene-0103,calibration,random_dropout,0.5,fraction_removed,42,90,17313,17313,0,0,0.8551275095,global_count,0.2,0.5013536866,True
nuscenes_mini_subset,scene-0103_004,scene-0103,calibration,sector_dropout,10,degrees,42,90,34196,34196,0,0,0.7059142702,global_count,0.2,0.0150921659,False
nuscenes_mini_subset,scene-0103_004,scene-0103,calibration,sector_dropout,20,degrees,42,90,33528,33528,0,2,1,global_count,0.2,0.03433179724,False
nuscenes_mini_subset,scene-0103_004,scene-0103,calibration,sector_dropout,30,degrees,42,90,32825,32825,0,2,1,global_count,0.2,0.05457949309,False
nuscenes_mini_subset,scene-0103_005,scene-0103,test,original,0,none,42,90,34720,34720,0,0,0.3824200913,global_count,0.2,0,False
nuscenes_mini_subset,scene-0103_005,scene-0103,test,random_dropout,0.1,fraction_removed,42,90,31288,31288,0,0,0.4566210046,global_count,0.2,0.09884792627,False
nuscenes_mini_subset,scene-0103_005,scene-0103,test,random_dropout,0.3,fraction_removed,42,90,24255,24255,0,0,0.5799086758,global_count,0.2,0.3014112903,True
nuscenes_mini_subset,scene-0103_005,scene-0103,test,random_dropout,0.5,fraction_removed,42,90,17283,17283,0,0,0.7160775371,global_count,0.2,0.5022177419,True
nuscenes_mini_subset,scene-0103_005,scene-0103,test,sector_dropout,10,degrees,42,90,34105,34105,0,0,0.4887218045,global_count,0.2,0.01771313364,False
nuscenes_mini_subset,scene-0103_005,scene-0103,test,sector_dropout,20,degrees,42,90,33424,33424,0,2,1,global_count,0.2,0.03732718894,False
nuscenes_mini_subset,scene-0103_005,scene-0103,test,sector_dropout,30,degrees,42,90,32673,32673,0,2,1,global_count,0.2,0.05895737327,False
nuscenes_mini_subset,scene-0103_006,scene-0103,calibration,original,0,none,42,90,34688,34688,0,0,0.6939772111,global_count,0.2,0.0009216589862,False
nuscenes_mini_subset,scene-0103_006,scene-0103,calibration,random_dropout,0.1,fraction_removed,42,90,31260,31260,0,0,0.7259902333,global_count,0.2,0.09965437788,False
nuscenes_mini_subset,scene-0103_006,scene-0103,calibration,random_dropout,0.3,fraction_removed,42,90,24237,24237,0,0,0.7873033098,global_count,0.2,0.3019297235,True
nuscenes_mini_subset,scene-0103_006,scene-0103,calibration,random_dropout,0.5,fraction_removed,42,90,17270,17270,0,0,0.8491589799,global_count,0.2,0.5025921659,True
nuscenes_mini_subset,scene-0103_006,scene-0103,calibration,sector_dropout,10,degrees,42,90,34101,34101,0,0,0.6939772111,global_count,0.2,0.01782834101,False
nuscenes_mini_subset,scene-0103_006,scene-0103,calibration,sector_dropout,20,degrees,42,90,33454,33454,0,2,1,global_count,0.2,0.03646313364,False
nuscenes_mini_subset,scene-0103_006,scene-0103,calibration,sector_dropout,30,degrees,42,90,32710,32710,0,2,1,global_count,0.2,0.05789170507,False
nuscenes_mini_subset,scene-0103_007,scene-0103,test,original,0,none,42,90,34688,34688,0,0,0.6543678785,global_count,0.2,0.0009216589862,False
nuscenes_mini_subset,scene-0103_007,scene-0103,test,random_dropout,0.1,fraction_removed,42,90,31260,31260,0,0,0.6907216495,global_count,0.2,0.09965437788,False
nuscenes_mini_subset,scene-0103_007,scene-0103,test,random_dropout,0.3,fraction_removed,42,90,24237,24237,0,0,0.7612588171,global_count,0.2,0.3019297235,True
nuscenes_mini_subset,scene-0103_007,scene-0103,test,random_dropout,0.5,fraction_removed,42,90,17270,17270,0,0,0.8334237656,global_count,0.2,0.5025921659,True
nuscenes_mini_subset,scene-0103_007,scene-0103,test,sector_dropout,10,degrees,42,90,34100,34100,0,0,0.6543678785,global_count,0.2,0.01785714286,False
nuscenes_mini_subset,scene-0103_007,scene-0103,test,sector_dropout,20,degrees,42,90,33463,33463,0,2,1,global_count,0.2,0.03620391705,False
nuscenes_mini_subset,scene-0103_007,scene-0103,test,sector_dropout,30,degrees,42,90,32730,32730,0,2,1,global_count,0.2,0.0573156682,False
nuscenes_mini_subset,scene-0103_008,scene-0103,calibration,original,0,none,42,90,34720,34720,0,0,0.7701679289,global_count,0.2,0,False
nuscenes_mini_subset,scene-0103_008,scene-0103,calibration,random_dropout,0.1,fraction_removed,42,90,31288,31288,0,0,0.7925584458,global_count,0.2,0.09884792627,False
nuscenes_mini_subset,scene-0103_008,scene-0103,calibration,random_dropout,0.3,fraction_removed,42,90,24255,24255,0,0,0.8393151136,global_count,0.2,0.3014112903,True
nuscenes_mini_subset,scene-0103_008,scene-0103,calibration,random_dropout,0.5,fraction_removed,42,90,17283,17283,0,0,0.8821205137,global_count,0.2,0.5022177419,True
nuscenes_mini_subset,scene-0103_008,scene-0103,calibration,sector_dropout,10,degrees,42,90,34166,34166,0,0,0.7701679289,global_count,0.2,0.0159562212,False
nuscenes_mini_subset,scene-0103_008,scene-0103,calibration,sector_dropout,20,degrees,42,90,33549,33549,0,2,1,global_count,0.2,0.03372695853,False
nuscenes_mini_subset,scene-0103_008,scene-0103,calibration,sector_dropout,30,degrees,42,90,32831,32831,0,2,1,global_count,0.2,0.05440668203,False
nuscenes_mini_subset,scene-0103_009,scene-0103,test,original,0,none,42,90,34720,34720,0,0,0.7942048074,global_count,0.2,0,False
nuscenes_mini_subset,scene-0103_009,scene-0103,test,random_dropout,0.1,fraction_removed,42,90,31288,31288,0,0,0.8139611459,global_count,0.2,0.09884792627,False
nuscenes_mini_subset,scene-0103_009,scene-0103,test,random_dropout,0.3,fraction_removed,42,90,24255,24255,0,0,0.8561080013,global_count,0.2,0.3014112903,True
nuscenes_mini_subset,scene-0103_009,scene-0103,test,random_dropout,0.5,fraction_removed,42,90,17283,17283,0,0,0.895291406,global_count,0.2,0.5022177419,True
nuscenes_mini_subset,scene-0103_009,scene-0103,test,sector_dropout,10,degrees,42,90,34174,34174,0,0,0.7942048074,global_count,0.2,0.01572580645,False
nuscenes_mini_subset,scene-0103_009,scene-0103,test,sector_dropout,20,degrees,42,90,33561,33561,0,2,1,global_count,0.2,0.03338133641,False
nuscenes_mini_subset,scene-0103_009,scene-0103,test,sector_dropout,30,degrees,42,90,32808,32808,0,2,1,global_count,0.2,0.05506912442,False
nuscenes_mini_subset,scene-0103_010,scene-0103,calibration,original,0,none,42,90,34720,34720,0,0,0.6728160608,global_count,0.2,0,False
nuscenes_mini_subset,scene-0103_010,scene-0103,calibration,random_dropout,0.1,fraction_removed,42,90,31288,31288,0,0,0.7080846446,global_count,0.2,0.09884792627,False
nuscenes_mini_subset,scene-0103_010,scene-0103,calibration,random_dropout,0.3,fraction_removed,42,90,24255,24255,0,0,0.7759088443,global_count,0.2,0.3014112903,True
nuscenes_mini_subset,scene-0103_010,scene-0103,calibration,random_dropout,0.5,fraction_removed,42,90,17283,17283,0,0,0.8426478568,global_count,0.2,0.5022177419,True
nuscenes_mini_subset,scene-0103_010,scene-0103,calibration,sector_dropout,10,degrees,42,90,34162,34162,0,0,0.6728160608,global_count,0.2,0.01607142857,False
nuscenes_mini_subset,scene-0103_010,scene-0103,calibration,sector_dropout,20,degrees,42,90,33505,33505,0,2,1,global_count,0.2,0.03499423963,False
nuscenes_mini_subset,scene-0103_010,scene-0103,calibration,sector_dropout,30,degrees,42,90,32755,32755,0,2,1,global_count,0.2,0.05659562212,False
nuscenes_mini_subset,scene-0103_011,scene-0103,test,original,0,none,42,90,34688,34688,0,0,0.6842105263,global_count,0.2,0.0009216589862,False
nuscenes_mini_subset,scene-0103_011,scene-0103,test,random_dropout,0.1,fraction_removed,42,90,31260,31260,0,0,0.7178513294,global_count,0.2,0.09965437788,False
nuscenes_mini_subset,scene-0103_011,scene-0103,test,random_dropout,0.3,fraction_removed,42,90,24237,24237,0,0,0.7851329354,global_count,0.2,0.3019297235,True
nuscenes_mini_subset,scene-0103_011,scene-0103,test,random_dropout,0.5,fraction_removed,42,90,17270,17270,0,0,0.8491589799,global_count,0.2,0.5025921659,True
nuscenes_mini_subset,scene-0103_011,scene-0103,test,sector_dropout,10,degrees,42,90,34078,34078,0,0,0.6842105263,global_count,0.2,0.01849078341,False
nuscenes_mini_subset,scene-0103_011,scene-0103,test,sector_dropout,20,degrees,42,90,33408,33408,0,2,1,global_count,0.2,0.03778801843,False
nuscenes_mini_subset,scene-0103_011,scene-0103,test,sector_dropout,30,degrees,42,90,32649,32649,0,2,1,global_count,0.2,0.05964861751,False
nuscenes_mini_subset,scene-0103_012,scene-0103,calibration,original,0,none,42,90,34688,34688,0,0,0.6782419967,global_count,0.2,0.0009216589862,False
nuscenes_mini_subset,scene-0103_012,scene-0103,calibration,random_dropout,0.1,fraction_removed,42,90,31260,31260,0,0,0.7107976126,global_count,0.2,0.09965437788,False
nuscenes_mini_subset,scene-0103_012,scene-0103,calibration,random_dropout,0.3,fraction_removed,42,90,24237,24237,0,0,0.7780792187,global_count,0.2,0.3019297235,True
nuscenes_mini_subset,scene-0103_012,scene-0103,calibration,random_dropout,0.5,fraction_removed,42,90,17270,17270,0,0,0.843733044,global_count,0.2,0.5025921659,True
nuscenes_mini_subset,scene-0103_012,scene-0103,calibration,sector_dropout,10,degrees,42,90,34076,34076,0,0,0.6782419967,global_count,0.2,0.0185483871,False
nuscenes_mini_subset,scene-0103_012,scene-0103,calibration,sector_dropout,20,degrees,42,90,33380,33380,0,2,1,global_count,0.2,0.03859447005,False
nuscenes_mini_subset,scene-0103_012,scene-0103,calibration,sector_dropout,30,degrees,42,90,32605,32605,0,2,1,global_count,0.2,0.06091589862,False
nuscenes_mini_subset,scene-0103_013,scene-0103,test,original,0,none,42,90,34688,34688,0,0,0.2136181575,global_count,0.2,0.0009216589862,False
nuscenes_mini_subset,scene-0103_013,scene-0103,test,random_dropout,0.1,fraction_removed,42,90,31260,31260,0,0,0.2950600801,global_count,0.2,0.09965437788,False
nuscenes_mini_subset,scene-0103_013,scene-0103,test,random_dropout,0.3,fraction_removed,42,90,24237,24237,0,0,0.4632843792,global_count,0.2,0.3019297235,True
nuscenes_mini_subset,scene-0103_013,scene-0103,test,random_dropout,0.5,fraction_removed,42,90,17270,17270,0,0,0.6141522029,global_count,0.2,0.5025921659,True
nuscenes_mini_subset,scene-0103_013,scene-0103,test,sector_dropout,10,degrees,42,90,34061,34061,0,0,0.4736842105,global_count,0.2,0.01898041475,False
nuscenes_mini_subset,scene-0103_013,scene-0103,test,sector_dropout,20,degrees,42,90,33357,33357,0,2,1,global_count,0.2,0.03925691244,False
nuscenes_mini_subset,scene-0103_013,scene-0103,test,sector_dropout,30,degrees,42,90,32548,32548,0,2,1,global_count,0.2,0.06255760369,False
nuscenes_mini_subset,scene-0103_014,scene-0103,calibration,original,0,none,42,90,34720,34720,0,0,0.6196418882,global_count,0.2,0,False
nuscenes_mini_subset,scene-0103_014,scene-0103,calibration,random_dropout,0.1,fraction_removed,42,90,31288,31288,0,0,0.660336408,global_count,0.2,0.09884792627,False
nuscenes_mini_subset,scene-0103_014,scene-0103,calibration,random_dropout,0.3,fraction_removed,42,90,24255,24255,0,0,0.7379272925,global_count,0.2,0.3014112903,True
nuscenes_mini_subset,scene-0103_014,scene-0103,calibration,random_dropout,0.5,fraction_removed,42,90,17283,17283,0,0,0.8166033641,global_count,0.2,0.5022177419,True
nuscenes_mini_subset,scene-0103_014,scene-0103,calibration,sector_dropout,10,degrees,42,90,34073,34073,0,0,0.6196418882,global_count,0.2,0.01863479263,False
nuscenes_mini_subset,scene-0103_014,scene-0103,calibration,sector_dropout,20,degrees,42,90,33351,33351,0,2,1,global_count,0.2,0.0394297235,False
nuscenes_mini_subset,scene-0103_014,scene-0103,calibration,sector_dropout,30,degrees,42,90,32523,32523,0,2,1,global_count,0.2,0.06327764977,False
nuscenes_mini_subset,scene-0103_015,scene-0103,test,original,0,none,42,90,34688,34688,0,0,0.4119196576,global_count,0.2,0.0009216589862,False
nuscenes_mini_subset,scene-0103_015,scene-0103,test,random_dropout,0.1,fraction_removed,42,90,31260,31260,0,0,0.471188673,global_count,0.2,0.09965437788,False
nuscenes_mini_subset,scene-0103_015,scene-0103,test,random_dropout,0.3,fraction_removed,42,90,24237,24237,0,0,0.5946657886,global_count,0.2,0.3019297235,True
nuscenes_mini_subset,scene-0103_015,scene-0103,test,random_dropout,0.5,fraction_removed,42,90,17270,17270,0,0,0.7089232796,global_count,0.2,0.5025921659,True
nuscenes_mini_subset,scene-0103_015,scene-0103,test,sector_dropout,10,degrees,42,90,34032,34032,0,0,0.4736842105,global_count,0.2,0.0198156682,False
nuscenes_mini_subset,scene-0103_015,scene-0103,test,sector_dropout,20,degrees,42,90,33326,33326,0,2,1,global_count,0.2,0.04014976959,False
nuscenes_mini_subset,scene-0103_015,scene-0103,test,sector_dropout,30,degrees,42,90,32508,32508,0,2,1,global_count,0.2,0.06370967742,False
nuscenes_mini_subset,scene-0103_016,scene-0103,calibration,original,0,none,42,90,34720,34720,0,0,0.6652197504,global_count,0.2,0,False
nuscenes_mini_subset,scene-0103_016,scene-0103,calibration,random_dropout,0.1,fraction_removed,42,90,31288,31288,0,0,0.699403147,global_count,0.2,0.09884792627,False
nuscenes_mini_subset,scene-0103_016,scene-0103,calibration,random_dropout,0.3,fraction_removed,42,90,24255,24255,0,0,0.7677699403,global_count,0.2,0.3014112903,True
nuscenes_mini_subset,scene-0103_016,scene-0103,calibration,random_dropout,0.5,fraction_removed,42,90,17283,17283,0,0,0.8372219208,global_count,0.2,0.5022177419,True
nuscenes_mini_subset,scene-0103_016,scene-0103,calibration,sector_dropout,10,degrees,42,90,34055,34055,0,0,0.6652197504,global_count,0.2,0.01915322581,False
nuscenes_mini_subset,scene-0103_016,scene-0103,calibration,sector_dropout,20,degrees,42,90,33363,33363,0,2,1,global_count,0.2,0.03908410138,False
nuscenes_mini_subset,scene-0103_016,scene-0103,calibration,sector_dropout,30,degrees,42,90,32545,32545,0,2,1,global_count,0.2,0.06264400922,False
nuscenes_mini_subset,scene-0103_017,scene-0103,test,original,0,none,42,90,34720,34720,0,0,0.6391752577,global_count,0.2,0,False
nuscenes_mini_subset,scene-0103_017,scene-0103,test,random_dropout,0.1,fraction_removed,42,90,31288,31288,0,0,0.6771568095,global_count,0.2,0.09884792627,False
nuscenes_mini_subset,scene-0103_017,scene-0103,test,random_dropout,0.3,fraction_removed,42,90,24255,24255,0,0,0.7514921324,global_count,0.2,0.3014112903,True
nuscenes_mini_subset,scene-0103_017,scene-0103,test,random_dropout,0.5,fraction_removed,42,90,17283,17283,0,0,0.8214867065,global_count,0.2,0.5022177419,True
nuscenes_mini_subset,scene-0103_017,scene-0103,test,sector_dropout,10,degrees,42,90,34063,34063,0,0,0.6391752577,global_count,0.2,0.01892281106,False
nuscenes_mini_subset,scene-0103_017,scene-0103,test,sector_dropout,20,degrees,42,90,33366,33366,0,2,1,global_count,0.2,0.03899769585,False
nuscenes_mini_subset,scene-0103_017,scene-0103,test,sector_dropout,30,degrees,42,90,32561,32561,0,2,1,global_count,0.2,0.06218317972,False
nuscenes_mini_subset,scene-0103_018,scene-0103,calibration,original,0,none,42,90,34784,34784,0,0,0.5492262101,global_count,0.2,0,False
nuscenes_mini_subset,scene-0103_018,scene-0103,calibration,random_dropout,0.1,fraction_removed,42,90,31345,31345,0,0,0.5956536055,global_count,0.2,0.0972062212,False
nuscenes_mini_subset,scene-0103_018,scene-0103,calibration,random_dropout,0.3,fraction_removed,42,90,24300,24300,0,0,0.6957523872,global_count,0.2,0.3001152074,True
nuscenes_mini_subset,scene-0103_018,scene-0103,calibration,random_dropout,0.5,fraction_removed,42,90,17313,17313,0,0,0.7816924597,global_count,0.2,0.5013536866,True
nuscenes_mini_subset,scene-0103_018,scene-0103,calibration,sector_dropout,10,degrees,42,90,34149,34149,0,0,0.5492262101,global_count,0.2,0.01644585253,False
nuscenes_mini_subset,scene-0103_018,scene-0103,calibration,sector_dropout,20,degrees,42,90,33454,33454,0,2,1,global_count,0.2,0.03646313364,False
nuscenes_mini_subset,scene-0103_018,scene-0103,calibration,sector_dropout,30,degrees,42,90,32635,32635,0,2,1,global_count,0.2,0.06005184332,False
nuscenes_mini_subset,scene-0103_019,scene-0103,test,original,0,none,42,90,34784,34784,0,0,0.6077048291,global_count,0.2,0,False
nuscenes_mini_subset,scene-0103_019,scene-0103,test,random_dropout,0.1,fraction_removed,42,90,31345,31345,0,0,0.6483993489,global_count,0.2,0.0972062212,False
nuscenes_mini_subset,scene-0103_019,scene-0103,test,random_dropout,0.3,fraction_removed,42,90,24300,24300,0,0,0.7303309821,global_count,0.2,0.3001152074,True
nuscenes_mini_subset,scene-0103_019,scene-0103,test,random_dropout,0.5,fraction_removed,42,90,17313,17313,0,0,0.8122626153,global_count,0.2,0.5013536866,True
nuscenes_mini_subset,scene-0103_019,scene-0103,test,sector_dropout,10,degrees,42,90,34123,34123,0,0,0.6077048291,global_count,0.2,0.01719470046,False
nuscenes_mini_subset,scene-0103_019,scene-0103,test,sector_dropout,20,degrees,42,90,33427,33427,0,2,1,global_count,0.2,0.03724078341,False
nuscenes_mini_subset,scene-0103_019,scene-0103,test,sector_dropout,30,degrees,42,90,32594,32594,0,2,1,global_count,0.2,0.06123271889,False
nuscenes_mini_subset,scene-0103_020,scene-0103,calibration,original,0,none,42,90,34752,34752,0,0,0.4498100922,global_count,0.2,0,False
nuscenes_mini_subset,scene-0103_020,scene-0103,calibration,random_dropout,0.1,fraction_removed,42,90,31318,31318,0,0,0.5024416712,global_count,0.2,0.09798387097,False
nuscenes_mini_subset,scene-0103_020,scene-0103,calibration,random_dropout,0.3,fraction_removed,42,90,24280,24280,0,0,0.6169289202,global_count,0.2,0.3006912442,True
nuscenes_mini_subset,scene-0103_020,scene-0103,calibration,random_dropout,0.5,fraction_removed,42,90,17300,17300,0,0,0.7308735757,global_count,0.2,0.5017281106,True
nuscenes_mini_subset,scene-0103_020,scene-0103,calibration,sector_dropout,10,degrees,42,90,34095,34095,0,0,0.4751879699,global_count,0.2,0.01800115207,False
nuscenes_mini_subset,scene-0103_020,scene-0103,calibration,sector_dropout,20,degrees,42,90,33395,33395,0,2,1,global_count,0.2,0.0381624424,False
nuscenes_mini_subset,scene-0103_020,scene-0103,calibration,sector_dropout,30,degrees,42,90,32563,32563,0,2,1,global_count,0.2,0.06212557604,False
nuscenes_mini_subset,scene-0103_021,scene-0103,test,original,0,none,42,90,34752,34752,0,0,0.6733586544,global_count,0.2,0,False
nuscenes_mini_subset,scene-0103_021,scene-0103,test,random_dropout,0.1,fraction_removed,42,90,31318,31318,0,0,0.7091698318,global_count,0.2,0.09798387097,False
nuscenes_mini_subset,scene-0103_021,scene-0103,test,random_dropout,0.3,fraction_removed,42,90,24280,24280,0,0,0.7764514379,global_count,0.2,0.3006912442,True
nuscenes_mini_subset,scene-0103_021,scene-0103,test,random_dropout,0.5,fraction_removed,42,90,17300,17300,0,0,0.8415626696,global_count,0.2,0.5017281106,True
nuscenes_mini_subset,scene-0103_021,scene-0103,test,sector_dropout,10,degrees,42,90,34105,34105,0,0,0.6733586544,global_count,0.2,0.01771313364,False
nuscenes_mini_subset,scene-0103_021,scene-0103,test,sector_dropout,20,degrees,42,90,33414,33414,0,2,1,global_count,0.2,0.03761520737,False
nuscenes_mini_subset,scene-0103_021,scene-0103,test,sector_dropout,30,degrees,42,90,32584,32584,0,2,1,global_count,0.2,0.06152073733,False
nuscenes_mini_subset,scene-0103_022,scene-0103,calibration,original,0,none,42,90,34752,34752,0,0,0.6435160065,global_count,0.2,0,False
nuscenes_mini_subset,scene-0103_022,scene-0103,calibration,random_dropout,0.1,fraction_removed,42,90,31318,31318,0,0,0.6809549647,global_count,0.2,0.09798387097,False
nuscenes_mini_subset,scene-0103_022,scene-0103,calibration,random_dropout,0.3,fraction_removed,42,90,24280,24280,0,0,0.7525773196,global_count,0.2,0.3006912442,True
nuscenes_mini_subset,scene-0103_022,scene-0103,calibration,random_dropout,0.5,fraction_removed,42,90,17300,17300,0,0,0.8220293001,global_count,0.2,0.5017281106,True
nuscenes_mini_subset,scene-0103_022,scene-0103,calibration,sector_dropout,10,degrees,42,90,34111,34111,0,0,0.6435160065,global_count,0.2,0.01754032258,False
nuscenes_mini_subset,scene-0103_022,scene-0103,calibration,sector_dropout,20,degrees,42,90,33441,33441,0,2,1,global_count,0.2,0.0368375576,False
nuscenes_mini_subset,scene-0103_022,scene-0103,calibration,sector_dropout,30,degrees,42,90,32621,32621,0,2,1,global_count,0.2,0.06045506912,False
nuscenes_mini_subset,scene-0103_023,scene-0103,test,original,0,none,42,90,34720,34720,0,0,0.6272637471,global_count,0.2,0,False
nuscenes_mini_subset,scene-0103_023,scene-0103,test,random_dropout,0.1,fraction_removed,42,90,31288,31288,0,0,0.6631544287,global_count,0.2,0.09884792627,False
nuscenes_mini_subset,scene-0103_023,scene-0103,test,random_dropout,0.3,fraction_removed,42,90,24255,24255,0,0,0.7349357919,global_count,0.2,0.3014112903,True
nuscenes_mini_subset,scene-0103_023,scene-0103,test,random_dropout,0.5,fraction_removed,42,90,17283,17283,0,0,0.8123147843,global_count,0.2,0.5022177419,True
nuscenes_mini_subset,scene-0103_023,scene-0103,test,sector_dropout,10,degrees,42,90,34089,34089,0,0,0.6272637471,global_count,0.2,0.01817396313,False
nuscenes_mini_subset,scene-0103_023,scene-0103,test,sector_dropout,20,degrees,42,90,33403,33403,0,2,1,global_count,0.2,0.03793202765,False
nuscenes_mini_subset,scene-0103_023,scene-0103,test,sector_dropout,30,degrees,42,90,32595,32595,0,2,1,global_count,0.2,0.06120391705,False
nuscenes_mini_subset,scene-0103_024,scene-0103,calibration,original,0,none,42,90,34688,34688,0,0,0.576776994,global_count,0.2,0.0009216589862,False
nuscenes_mini_subset,scene-0103_024,scene-0103,calibration,random_dropout,0.1,fraction_removed,42,90,31260,31260,0,0,0.6180141074,global_count,0.2,0.09965437788,False
nuscenes_mini_subset,scene-0103_024,scene-0103,calibration,random_dropout,0.3,fraction_removed,42,90,24237,24237,0,0,0.7069994574,global_count,0.2,0.3019297235,True
nuscenes_mini_subset,scene-0103_024,scene-0103,calibration,random_dropout,0.5,fraction_removed,42,90,17270,17270,0,0,0.796527401,global_count,0.2,0.5025921659,True
nuscenes_mini_subset,scene-0103_024,scene-0103,calibration,sector_dropout,10,degrees,42,90,34055,34055,0,0,0.576776994,global_count,0.2,0.01915322581,False
nuscenes_mini_subset,scene-0103_024,scene-0103,calibration,sector_dropout,20,degrees,42,90,33385,33385,0,2,1,global_count,0.2,0.03845046083,False
nuscenes_mini_subset,scene-0103_024,scene-0103,calibration,sector_dropout,30,degrees,42,90,32584,32584,0,2,1,global_count,0.2,0.06152073733,False
nuscenes_mini_subset,scene-0103_025,scene-0103,test,original,0,none,42,90,34688,34688,0,0,0.7902535397,global_count,0.2,0.0009216589862,False
nuscenes_mini_subset,scene-0103_025,scene-0103,test,random_dropout,0.1,fraction_removed,42,90,31260,31260,0,0,0.8106684228,global_count,0.2,0.09965437788,False
nuscenes_mini_subset,scene-0103_025,scene-0103,test,random_dropout,0.3,fraction_removed,42,90,24237,24237,0,0,0.8505103721,global_count,0.2,0.3019297235,True
nuscenes_mini_subset,scene-0103_025,scene-0103,test,random_dropout,0.5,fraction_removed,42,90,17270,17270,0,0,0.8913401383,global_count,0.2,0.5025921659,True
nuscenes_mini_subset,scene-0103_025,scene-0103,test,sector_dropout,10,degrees,42,90,34068,34068,0,0,0.7902535397,global_count,0.2,0.01877880184,False
nuscenes_mini_subset,scene-0103_025,scene-0103,test,sector_dropout,20,degrees,42,90,33409,33409,0,2,1,global_count,0.2,0.03775921659,False
nuscenes_mini_subset,scene-0103_025,scene-0103,test,sector_dropout,30,degrees,42,90,32630,32630,0,2,1,global_count,0.2,0.06019585253,False
nuscenes_mini_subset,scene-0103_026,scene-0103,calibration,original,0,none,42,90,34688,34688,0,0,0.773460652,global_count,0.2,0.0009216589862,False
nuscenes_mini_subset,scene-0103_026,scene-0103,calibration,random_dropout,0.1,fraction_removed,42,90,31260,31260,0,0,0.7945340797,global_count,0.2,0.09965437788,False
nuscenes_mini_subset,scene-0103_026,scene-0103,calibration,random_dropout,0.3,fraction_removed,42,90,24237,24237,0,0,0.8406322028,global_count,0.2,0.3019297235,True
nuscenes_mini_subset,scene-0103_026,scene-0103,calibration,random_dropout,0.5,fraction_removed,42,90,17270,17270,0,0,0.8877181429,global_count,0.2,0.5025921659,True
nuscenes_mini_subset,scene-0103_026,scene-0103,calibration,sector_dropout,10,degrees,42,90,34086,34086,0,0,0.773460652,global_count,0.2,0.01826036866,False
nuscenes_mini_subset,scene-0103_026,scene-0103,calibration,sector_dropout,20,degrees,42,90,33423,33423,0,2,1,global_count,0.2,0.03735599078,False
nuscenes_mini_subset,scene-0103_026,scene-0103,calibration,sector_dropout,30,degrees,42,90,32672,32672,0,2,1,global_count,0.2,0.05898617512,False
nuscenes_mini_subset,scene-0103_027,scene-0103,test,original,0,none,42,90,34752,34752,0,0,0.6521975041,global_count,0.2,0,False
nuscenes_mini_subset,scene-0103_027,scene-0103,test,random_dropout,0.1,fraction_removed,42,90,31318,31318,0,0,0.6874660879,global_count,0.2,0.09798387097,False
nuscenes_mini_subset,scene-0103_027,scene-0103,test,random_dropout,0.3,fraction_removed,42,90,24280,24280,0,0,0.7569180684,global_count,0.2,0.3006912442,True
nuscenes_mini_subset,scene-0103_027,scene-0103,test,random_dropout,0.5,fraction_removed,42,90,17300,17300,0,0,0.8263700488,global_count,0.2,0.5017281106,True
nuscenes_mini_subset,scene-0103_027,scene-0103,test,sector_dropout,10,degrees,42,90,34167,34167,0,0,0.6521975041,global_count,0.2,0.01592741935,False
nuscenes_mini_subset,scene-0103_027,scene-0103,test,sector_dropout,20,degrees,42,90,33521,33521,0,2,1,global_count,0.2,0.03453341014,False
nuscenes_mini_subset,scene-0103_027,scene-0103,test,sector_dropout,30,degrees,42,90,32768,32768,0,2,1,global_count,0.2,0.05622119816,False
nuscenes_mini_subset,scene-0103_028,scene-0103,calibration,original,0,none,42,90,34720,34720,0,0,0.7843266381,global_count,0.2,0,False
nuscenes_mini_subset,scene-0103_028,scene-0103,calibration,random_dropout,0.1,fraction_removed,42,90,31288,31288,0,0,0.8050707935,global_count,0.2,0.09884792627,False
nuscenes_mini_subset,scene-0103_028,scene-0103,calibration,random_dropout,0.3,fraction_removed,42,90,24255,24255,0,0,0.8482054659,global_count,0.2,0.3014112903,True
nuscenes_mini_subset,scene-0103_028,scene-0103,calibration,random_dropout,0.5,fraction_removed,42,90,17283,17283,0,0,0.8890352321,global_count,0.2,0.5022177419,True
nuscenes_mini_subset,scene-0103_028,scene-0103,calibration,sector_dropout,10,degrees,42,90,34151,34151,0,0,0.7843266381,global_count,0.2,0.01638824885,False
nuscenes_mini_subset,scene-0103_028,scene-0103,calibration,sector_dropout,20,degrees,42,90,33510,33510,0,2,1,global_count,0.2,0.03485023041,False
nuscenes_mini_subset,scene-0103_028,scene-0103,calibration,sector_dropout,30,degrees,42,90,32755,32755,0,2,1,global_count,0.2,0.05659562212,False
nuscenes_mini_subset,scene-0103_029,scene-0103,test,original,0,none,42,90,34720,34720,0,0,0.4134563212,global_count,0.2,0,False
nuscenes_mini_subset,scene-0103_029,scene-0103,test,random_dropout,0.1,fraction_removed,42,90,31288,31288,0,0,0.4742268041,global_count,0.2,0.09884792627,False
nuscenes_mini_subset,scene-0103_029,scene-0103,test,random_dropout,0.3,fraction_removed,42,90,24255,24255,0,0,0.5957677699,global_count,0.2,0.3014112903,True
nuscenes_mini_subset,scene-0103_029,scene-0103,test,random_dropout,0.5,fraction_removed,42,90,17283,17283,0,0,0.7145957678,global_count,0.2,0.5022177419,True
nuscenes_mini_subset,scene-0103_029,scene-0103,test,sector_dropout,10,degrees,42,90,34160,34160,0,0,0.5428571429,global_count,0.2,0.01612903226,False
nuscenes_mini_subset,scene-0103_029,scene-0103,test,sector_dropout,20,degrees,42,90,33514,33514,0,2,1,global_count,0.2,0.03473502304,False
nuscenes_mini_subset,scene-0103_029,scene-0103,test,sector_dropout,30,degrees,42,90,32798,32798,0,2,1,global_count,0.2,0.05535714286,False
nuscenes_mini_subset,scene-0103_030,scene-0103,calibration,original,0,none,42,90,34688,34688,0,0,0.8106684228,global_count,0.2,0.0009216589862,False
nuscenes_mini_subset,scene-0103_030,scene-0103,calibration,random_dropout,0.1,fraction_removed,42,90,31260,31260,0,0,0.8297662167,global_count,0.2,0.09965437788,False
nuscenes_mini_subset,scene-0103_030,scene-0103,calibration,random_dropout,0.3,fraction_removed,42,90,24237,24237,0,0,0.8663154429,global_count,0.2,0.3019297235,True
nuscenes_mini_subset,scene-0103_030,scene-0103,calibration,random_dropout,0.5,fraction_removed,42,90,17270,17270,0,0,0.9031939414,global_count,0.2,0.5025921659,True
nuscenes_mini_subset,scene-0103_030,scene-0103,calibration,sector_dropout,10,degrees,42,90,34127,34127,0,0,0.8106684228,global_count,0.2,0.01707949309,False
nuscenes_mini_subset,scene-0103_030,scene-0103,calibration,sector_dropout,20,degrees,42,90,33482,33482,0,2,1,global_count,0.2,0.03565668203,False
nuscenes_mini_subset,scene-0103_030,scene-0103,calibration,sector_dropout,30,degrees,42,90,32731,32731,0,2,1,global_count,0.2,0.05728686636,False
nuscenes_mini_subset,scene-0103_031,scene-0103,test,original,0,none,42,90,34688,34688,0,0,0.8103391505,global_count,0.2,0.0009216589862,False
nuscenes_mini_subset,scene-0103_031,scene-0103,test,random_dropout,0.1,fraction_removed,42,90,31260,31260,0,0,0.8287783997,global_count,0.2,0.09965437788,False
nuscenes_mini_subset,scene-0103_031,scene-0103,test,random_dropout,0.3,fraction_removed,42,90,24237,24237,0,0,0.8653276259,global_count,0.2,0.3019297235,True
nuscenes_mini_subset,scene-0103_031,scene-0103,test,random_dropout,0.5,fraction_removed,42,90,17270,17270,0,0,0.9028646691,global_count,0.2,0.5025921659,True
nuscenes_mini_subset,scene-0103_031,scene-0103,test,sector_dropout,10,degrees,42,90,34138,34138,0,0,0.8103391505,global_count,0.2,0.01676267281,False
nuscenes_mini_subset,scene-0103_031,scene-0103,test,sector_dropout,20,degrees,42,90,33506,33506,0,2,1,global_count,0.2,0.03496543779,False
nuscenes_mini_subset,scene-0103_031,scene-0103,test,sector_dropout,30,degrees,42,90,32761,32761,0,2,1,global_count,0.2,0.05642281106,False
nuscenes_mini_subset,scene-0103_032,scene-0103,calibration,original,0,none,42,90,34752,34752,0,0,0.8109976951,global_count,0.2,0,False
nuscenes_mini_subset,scene-0103_032,scene-0103,calibration,random_dropout,0.1,fraction_removed,42,90,31318,31318,0,0,0.8297662167,global_count,0.2,0.09798387097,False
nuscenes_mini_subset,scene-0103_032,scene-0103,calibration,random_dropout,0.3,fraction_removed,42,90,24280,24280,0,0,0.8676325321,global_count,0.2,0.3006912442,True
nuscenes_mini_subset,scene-0103_032,scene-0103,calibration,random_dropout,0.5,fraction_removed,42,90,17300,17300,0,0,0.9048403029,global_count,0.2,0.5017281106,True
nuscenes_mini_subset,scene-0103_032,scene-0103,calibration,sector_dropout,10,degrees,42,90,34206,34206,0,0,0.8109976951,global_count,0.2,0.01480414747,False
nuscenes_mini_subset,scene-0103_032,scene-0103,calibration,sector_dropout,20,degrees,42,90,33570,33570,0,2,1,global_count,0.2,0.03312211982,False
nuscenes_mini_subset,scene-0103_032,scene-0103,calibration,sector_dropout,30,degrees,42,90,32828,32828,0,2,1,global_count,0.2,0.05449308756,False
nuscenes_mini_subset,scene-0103_033,scene-0103,test,original,0,none,42,90,34784,34784,0,0,0.8152782351,global_count,0.2,0,False
nuscenes_mini_subset,scene-0103_033,scene-0103,test,random_dropout,0.1,fraction_removed,42,90,31345,31345,0,0,0.8353638459,global_count,0.2,0.0972062212,False
nuscenes_mini_subset,scene-0103_033,scene-0103,test,random_dropout,0.3,fraction_removed,42,90,24300,24300,0,0,0.8742179783,global_count,0.2,0.3001152074,True
nuscenes_mini_subset,scene-0103_033,scene-0103,test,random_dropout,0.5,fraction_removed,42,90,17313,17313,0,0,0.9107672045,global_count,0.2,0.5013536866,True
nuscenes_mini_subset,scene-0103_033,scene-0103,test,sector_dropout,10,degrees,42,90,34224,34224,0,0,0.8152782351,global_count,0.2,0.01428571429,False
nuscenes_mini_subset,scene-0103_033,scene-0103,test,sector_dropout,20,degrees,42,90,33602,33602,0,2,1,global_count,0.2,0.03220046083,False
nuscenes_mini_subset,scene-0103_033,scene-0103,test,sector_dropout,30,degrees,42,90,32854,32854,0,2,1,global_count,0.2,0.05374423963,False
nuscenes_mini_subset,scene-0103_034,scene-0103,calibration,original,0,none,42,90,34688,34688,0,0,0.2034902865,global_count,0.2,0.0009216589862,False
nuscenes_mini_subset,scene-0103_034,scene-0103,calibration,random_dropout,0.1,fraction_removed,42,90,31260,31260,0,0,0.2835034574,global_count,0.2,0.09965437788,False
nuscenes_mini_subset,scene-0103_034,scene-0103,calibration,random_dropout,0.3,fraction_removed,42,90,24237,24237,0,0,0.4445176161,global_count,0.2,0.3019297235,True
nuscenes_mini_subset,scene-0103_034,scene-0103,calibration,random_dropout,0.5,fraction_removed,42,90,17270,17270,0,0,0.6195488722,global_count,0.2,0.5025921659,True
nuscenes_mini_subset,scene-0103_034,scene-0103,calibration,sector_dropout,10,degrees,42,90,34149,34149,0,0,0.5714285714,global_count,0.2,0.01644585253,False
nuscenes_mini_subset,scene-0103_034,scene-0103,calibration,sector_dropout,20,degrees,42,90,33512,33512,0,2,1,global_count,0.2,0.03479262673,False
nuscenes_mini_subset,scene-0103_034,scene-0103,calibration,sector_dropout,30,degrees,42,90,32762,32762,0,2,1,global_count,0.2,0.05639400922,False
nuscenes_mini_subset,scene-0103_035,scene-0103,test,original,0,none,42,90,34720,34720,0,0,0.8189002305,global_count,0.2,0,False
nuscenes_mini_subset,scene-0103_035,scene-0103,test,random_dropout,0.1,fraction_removed,42,90,31288,31288,0,0,0.8363516628,global_count,0.2,0.09884792627,False
nuscenes_mini_subset,scene-0103_035,scene-0103,test,random_dropout,0.3,fraction_removed,42,90,24255,24255,0,0,0.8709252552,global_count,0.2,0.3014112903,True
nuscenes_mini_subset,scene-0103_035,scene-0103,test,random_dropout,0.5,fraction_removed,42,90,17283,17283,0,0,0.9061573922,global_count,0.2,0.5022177419,True
nuscenes_mini_subset,scene-0103_035,scene-0103,test,sector_dropout,10,degrees,42,90,34161,34161,0,0,0.8189002305,global_count,0.2,0.01610023041,False
nuscenes_mini_subset,scene-0103_035,scene-0103,test,sector_dropout,20,degrees,42,90,33562,33562,0,2,1,global_count,0.2,0.03335253456,False
nuscenes_mini_subset,scene-0103_035,scene-0103,test,sector_dropout,30,degrees,42,90,32824,32824,0,2,1,global_count,0.2,0.05460829493,False
nuscenes_mini_subset,scene-0103_036,scene-0103,calibration,original,0,none,42,90,34752,34752,0,0,0.8096806059,global_count,0.2,0,False
nuscenes_mini_subset,scene-0103_036,scene-0103,calibration,random_dropout,0.1,fraction_removed,42,90,31318,31318,0,0,0.8297662167,global_count,0.2,0.09798387097,False
nuscenes_mini_subset,scene-0103_036,scene-0103,calibration,random_dropout,0.3,fraction_removed,42,90,24280,24280,0,0,0.869608166,global_count,0.2,0.3006912442,True
nuscenes_mini_subset,scene-0103_036,scene-0103,calibration,random_dropout,0.5,fraction_removed,42,90,17300,17300,0,0,0.9061573922,global_count,0.2,0.5017281106,True
nuscenes_mini_subset,scene-0103_036,scene-0103,calibration,sector_dropout,10,degrees,42,90,34202,34202,0,0,0.8096806059,global_count,0.2,0.01491935484,False
nuscenes_mini_subset,scene-0103_036,scene-0103,calibration,sector_dropout,20,degrees,42,90,33570,33570,0,2,1,global_count,0.2,0.03312211982,False
nuscenes_mini_subset,scene-0103_036,scene-0103,calibration,sector_dropout,30,degrees,42,90,32829,32829,0,2,1,global_count,0.2,0.05446428571,False
nuscenes_mini_subset,scene-0103_037,scene-0103,test,original,0,none,42,90,34720,34720,0,0,0.811985512,global_count,0.2,0,False
nuscenes_mini_subset,scene-0103_037,scene-0103,test,random_dropout,0.1,fraction_removed,42,90,31288,31288,0,0,0.8310833059,global_count,0.2,0.09884792627,False
nuscenes_mini_subset,scene-0103_037,scene-0103,test,random_dropout,0.3,fraction_removed,42,90,24255,24255,0,0,0.8679618044,global_count,0.2,0.3014112903,True
nuscenes_mini_subset,scene-0103_037,scene-0103,test,random_dropout,0.5,fraction_removed,42,90,17283,17283,0,0,0.9045110306,global_count,0.2,0.5022177419,True
nuscenes_mini_subset,scene-0103_037,scene-0103,test,sector_dropout,10,degrees,42,90,34170,34170,0,0,0.811985512,global_count,0.2,0.01584101382,False
nuscenes_mini_subset,scene-0103_037,scene-0103,test,sector_dropout,20,degrees,42,90,33573,33573,0,2,1,global_count,0.2,0.03303571429,False
nuscenes_mini_subset,scene-0103_037,scene-0103,test,sector_dropout,30,degrees,42,90,32829,32829,0,2,1,global_count,0.2,0.05446428571,False
nuscenes_mini_subset,scene-0103_038,scene-0103,calibration,original,0,none,42,90,34752,34752,0,0,0.6424308193,global_count,0.2,0,False
nuscenes_mini_subset,scene-0103_038,scene-0103,calibration,random_dropout,0.1,fraction_removed,42,90,31318,31318,0,0,0.6825827455,global_count,0.2,0.09798387097,False
nuscenes_mini_subset,scene-0103_038,scene-0103,calibration,random_dropout,0.3,fraction_removed,42,90,24280,24280,0,0,0.7542051004,global_count,0.2,0.3006912442,True
nuscenes_mini_subset,scene-0103_038,scene-0103,calibration,random_dropout,0.5,fraction_removed,42,90,17300,17300,0,0,0.8285404232,global_count,0.2,0.5017281106,True
nuscenes_mini_subset,scene-0103_038,scene-0103,calibration,sector_dropout,10,degrees,42,90,34195,34195,0,0,0.6424308193,global_count,0.2,0.01512096774,False
nuscenes_mini_subset,scene-0103_038,scene-0103,calibration,sector_dropout,20,degrees,42,90,33560,33560,0,2,1,global_count,0.2,0.03341013825,False
nuscenes_mini_subset,scene-0103_038,scene-0103,calibration,sector_dropout,30,degrees,42,90,32820,32820,0,2,1,global_count,0.2,0.0547235023,False
nuscenes_mini_subset,scene-0103_039,scene-0103,test,original,0,none,42,90,34720,34720,0,0,0.8179124136,global_count,0.2,0,False
nuscenes_mini_subset,scene-0103_039,scene-0103,test,random_dropout,0.1,fraction_removed,42,90,31288,31288,0,0,0.8366809351,global_count,0.2,0.09884792627,False
nuscenes_mini_subset,scene-0103_039,scene-0103,test,random_dropout,0.3,fraction_removed,42,90,24255,24255,0,0,0.8722423444,global_count,0.2,0.3014112903,True
nuscenes_mini_subset,scene-0103_039,scene-0103,test,random_dropout,0.5,fraction_removed,42,90,17283,17283,0,0,0.908133026,global_count,0.2,0.5022177419,True
nuscenes_mini_subset,scene-0103_039,scene-0103,test,sector_dropout,10,degrees,42,90,34189,34189,0,0,0.8179124136,global_count,0.2,0.0152937788,False
nuscenes_mini_subset,scene-0103_039,scene-0103,test,sector_dropout,20,degrees,42,90,33586,33586,0,2,1,global_count,0.2,0.03266129032,False
nuscenes_mini_subset,scene-0103_039,scene-0103,test,sector_dropout,30,degrees,42,90,32845,32845,0,2,1,global_count,0.2,0.05400345622,False
nuscenes_mini_subset,scene-1094_000,scene-1094,calibration,original,0,none,42,90,34400,34400,0,0,0.5802997859,global_count,0.2,0.009216589862,False
nuscenes_mini_subset,scene-1094_000,scene-1094,calibration,random_dropout,0.1,fraction_removed,42,90,31003,31003,0,0,0.6209850107,global_count,0.2,0.1070564516,False
nuscenes_mini_subset,scene-1094_000,scene-1094,calibration,random_dropout,0.3,fraction_removed,42,90,24033,24033,0,0,0.7194860814,global_count,0.2,0.3078052995,True
nuscenes_mini_subset,scene-1094_000,scene-1094,calibration,random_dropout,0.5,fraction_removed,42,90,17119,17119,0,0,0.8094218415,global_count,0.2,0.5069412442,True
nuscenes_mini_subset,scene-1094_000,scene-1094,calibration,sector_dropout,10,degrees,42,90,33517,33517,0,0,0.5802997859,global_count,0.2,0.03464861751,False
nuscenes_mini_subset,scene-1094_000,scene-1094,calibration,sector_dropout,20,degrees,42,90,32616,32616,0,2,1,global_count,0.2,0.06059907834,False
nuscenes_mini_subset,scene-1094_000,scene-1094,calibration,sector_dropout,30,degrees,42,90,31737,31737,0,2,1,global_count,0.2,0.08591589862,False
nuscenes_mini_subset,scene-1094_001,scene-1094,test,original,0,none,42,90,34688,34688,0,0,0.5728051392,global_count,0.2,0.0009216589862,False
nuscenes_mini_subset,scene-1094_001,scene-1094,test,random_dropout,0.1,fraction_removed,42,90,31260,31260,0,0,0.6102783726,global_count,0.2,0.09965437788,False
nuscenes_mini_subset,scene-1094_001,scene-1094,test,random_dropout,0.3,fraction_removed,42,90,24237,24237,0,0,0.7012847966,global_count,0.2,0.3019297235,True
nuscenes_mini_subset,scene-1094_001,scene-1094,test,random_dropout,0.5,fraction_removed,42,90,17270,17270,0,0,0.7890792291,global_count,0.2,0.5025921659,True
nuscenes_mini_subset,scene-1094_001,scene-1094,test,sector_dropout,10,degrees,42,90,33800,33800,0,0,0.5728051392,global_count,0.2,0.02649769585,False
nuscenes_mini_subset,scene-1094_001,scene-1094,test,sector_dropout,20,degrees,42,90,32888,32888,0,2,1,global_count,0.2,0.05276497696,False
nuscenes_mini_subset,scene-1094_001,scene-1094,test,sector_dropout,30,degrees,42,90,32011,32011,0,2,1,global_count,0.2,0.07802419355,False
nuscenes_mini_subset,scene-1094_002,scene-1094,calibration,original,0,none,42,90,34720,34720,0,0,0.579489962,global_count,0.2,0,False
nuscenes_mini_subset,scene-1094_002,scene-1094,calibration,random_dropout,0.1,fraction_removed,42,90,31288,31288,0,0,0.6223548562,global_count,0.2,0.09884792627,False
nuscenes_mini_subset,scene-1094_002,scene-1094,calibration,random_dropout,0.3,fraction_removed,42,90,24255,24255,0,0,0.710255019,global_count,0.2,0.3014112903,True
nuscenes_mini_subset,scene-1094_002,scene-1094,calibration,random_dropout,0.5,fraction_removed,42,90,17283,17283,0,0,0.7894736842,global_count,0.2,0.5022177419,True
nuscenes_mini_subset,scene-1094_002,scene-1094,calibration,sector_dropout,10,degrees,42,90,33827,33827,0,0,0.579489962,global_count,0.2,0.02572004608,False
nuscenes_mini_subset,scene-1094_002,scene-1094,calibration,sector_dropout,20,degrees,42,90,32927,32927,0,2,1,global_count,0.2,0.05164170507,False
nuscenes_mini_subset,scene-1094_002,scene-1094,calibration,sector_dropout,30,degrees,42,90,32040,32040,0,2,1,global_count,0.2,0.07718894009,False
nuscenes_mini_subset,scene-1094_003,scene-1094,test,original,0,none,42,90,34688,34688,0,0,0.5979381443,global_count,0.2,0.0009216589862,False
nuscenes_mini_subset,scene-1094_003,scene-1094,test,random_dropout,0.1,fraction_removed,42,90,31260,31260,0,0,0.6424308193,global_count,0.2,0.09965437788,False
nuscenes_mini_subset,scene-1094_003,scene-1094,test,random_dropout,0.3,fraction_removed,42,90,24237,24237,0,0,0.7249050461,global_count,0.2,0.3019297235,True
nuscenes_mini_subset,scene-1094_003,scene-1094,test,random_dropout,0.5,fraction_removed,42,90,17270,17270,0,0,0.8041237113,global_count,0.2,0.5025921659,True
nuscenes_mini_subset,scene-1094_003,scene-1094,test,sector_dropout,10,degrees,42,90,33781,33781,0,0,0.5979381443,global_count,0.2,0.02704493088,False
nuscenes_mini_subset,scene-1094_003,scene-1094,test,sector_dropout,20,degrees,42,90,32881,32881,0,2,1,global_count,0.2,0.05296658986,False
nuscenes_mini_subset,scene-1094_003,scene-1094,test,sector_dropout,30,degrees,42,90,31999,31999,0,2,1,global_count,0.2,0.07836981567,False
nuscenes_mini_subset,scene-1094_004,scene-1094,calibration,original,0,none,42,90,34720,34720,0,0,0.6087900163,global_count,0.2,0,False
nuscenes_mini_subset,scene-1094_004,scene-1094,calibration,random_dropout,0.1,fraction_removed,42,90,31288,31288,0,0,0.6478567553,global_count,0.2,0.09884792627,False
nuscenes_mini_subset,scene-1094_004,scene-1094,calibration,random_dropout,0.3,fraction_removed,42,90,24255,24255,0,0,0.7308735757,global_count,0.2,0.3014112903,True
nuscenes_mini_subset,scene-1094_004,scene-1094,calibration,random_dropout,0.5,fraction_removed,42,90,17283,17283,0,0,0.8090070537,global_count,0.2,0.5022177419,True
nuscenes_mini_subset,scene-1094_004,scene-1094,calibration,sector_dropout,10,degrees,42,90,33834,33834,0,0,0.6087900163,global_count,0.2,0.02551843318,False
nuscenes_mini_subset,scene-1094_004,scene-1094,calibration,sector_dropout,20,degrees,42,90,32932,32932,0,2,1,global_count,0.2,0.05149769585,False
nuscenes_mini_subset,scene-1094_004,scene-1094,calibration,sector_dropout,30,degrees,42,90,32053,32053,0,2,1,global_count,0.2,0.07681451613,False
nuscenes_mini_subset,scene-1094_005,scene-1094,test,original,0,none,42,90,34752,34752,0,0,0.6277807922,global_count,0.2,0,False
nuscenes_mini_subset,scene-1094_005,scene-1094,test,random_dropout,0.1,fraction_removed,42,90,31318,31318,0,0,0.6668475312,global_count,0.2,0.09798387097,False
nuscenes_mini_subset,scene-1094_005,scene-1094,test,random_dropout,0.3,fraction_removed,42,90,24280,24280,0,0,0.7406402604,global_count,0.2,0.3006912442,True
nuscenes_mini_subset,scene-1094_005,scene-1094,test,random_dropout,0.5,fraction_removed,42,90,17300,17300,0,0,0.8133478025,global_count,0.2,0.5017281106,True
nuscenes_mini_subset,scene-1094_005,scene-1094,test,sector_dropout,10,degrees,42,90,33885,33885,0,0,0.6277807922,global_count,0.2,0.02404953917,False
nuscenes_mini_subset,scene-1094_005,scene-1094,test,sector_dropout,20,degrees,42,90,32989,32989,0,2,1,global_count,0.2,0.04985599078,False
nuscenes_mini_subset,scene-1094_005,scene-1094,test,sector_dropout,30,degrees,42,90,32119,32119,0,2,1,global_count,0.2,0.07491359447,False
nuscenes_mini_subset,scene-1094_006,scene-1094,calibration,original,0,none,42,90,34688,34688,0,0,0.6065195917,global_count,0.2,0.0009216589862,False
nuscenes_mini_subset,scene-1094_006,scene-1094,calibration,random_dropout,0.1,fraction_removed,42,90,31260,31260,0,0,0.6473493579,global_count,0.2,0.09965437788,False
nuscenes_mini_subset,scene-1094_006,scene-1094,calibration,random_dropout,0.3,fraction_removed,42,90,24237,24237,0,0,0.7299967073,global_count,0.2,0.3019297235,True
nuscenes_mini_subset,scene-1094_006,scene-1094,calibration,random_dropout,0.5,fraction_removed,42,90,17270,17270,0,0,0.8027658874,global_count,0.2,0.5025921659,True
nuscenes_mini_subset,scene-1094_006,scene-1094,calibration,sector_dropout,10,degrees,42,90,33800,33800,0,0,0.6065195917,global_count,0.2,0.02649769585,False
nuscenes_mini_subset,scene-1094_006,scene-1094,calibration,sector_dropout,20,degrees,42,90,32901,32901,0,2,1,global_count,0.2,0.052390553,False
nuscenes_mini_subset,scene-1094_006,scene-1094,calibration,sector_dropout,30,degrees,42,90,32055,32055,0,2,1,global_count,0.2,0.07675691244,False
nuscenes_mini_subset,scene-1094_007,scene-1094,test,original,0,none,42,90,34720,34720,0,0,0.6549104721,global_count,0.2,0,False
nuscenes_mini_subset,scene-1094_007,scene-1094,test,random_dropout,0.1,fraction_removed,42,90,31288,31288,0,0,0.6912642431,global_count,0.2,0.09884792627,False
nuscenes_mini_subset,scene-1094_007,scene-1094,test,random_dropout,0.3,fraction_removed,42,90,24255,24255,0,0,0.7655995659,global_count,0.2,0.3014112903,True
nuscenes_mini_subset,scene-1094_007,scene-1094,test,random_dropout,0.5,fraction_removed,42,90,17283,17283,0,0,0.8339663592,global_count,0.2,0.5022177419,True
nuscenes_mini_subset,scene-1094_007,scene-1094,test,sector_dropout,10,degrees,42,90,33837,33837,0,0,0.6549104721,global_count,0.2,0.02543202765,False
nuscenes_mini_subset,scene-1094_007,scene-1094,test,sector_dropout,20,degrees,42,90,32944,32944,0,2,1,global_count,0.2,0.05115207373,False
nuscenes_mini_subset,scene-1094_007,scene-1094,test,sector_dropout,30,degrees,42,90,32071,32071,0,2,1,global_count,0.2,0.07629608295,False
nuscenes_mini_subset,scene-1094_008,scene-1094,calibration,original,0,none,42,90,34752,34752,0,0,0.634834509,global_count,0.2,0,False
nuscenes_mini_subset,scene-1094_008,scene-1094,calibration,random_dropout,0.1,fraction_removed,42,90,31318,31318,0,0,0.6755290288,global_count,0.2,0.09798387097,False
nuscenes_mini_subset,scene-1094_008,scene-1094,calibration,random_dropout,0.3,fraction_removed,42,90,24280,24280,0,0,0.7471513836,global_count,0.2,0.3006912442,True
nuscenes_mini_subset,scene-1094_008,scene-1094,calibration,random_dropout,0.5,fraction_removed,42,90,17300,17300,0,0,0.8209441129,global_count,0.2,0.5017281106,True
nuscenes_mini_subset,scene-1094_008,scene-1094,calibration,sector_dropout,10,degrees,42,90,33863,33863,0,0,0.634834509,global_count,0.2,0.02468317972,False
nuscenes_mini_subset,scene-1094_008,scene-1094,calibration,sector_dropout,20,degrees,42,90,32975,32975,0,2,1,global_count,0.2,0.05025921659,False
nuscenes_mini_subset,scene-1094_008,scene-1094,calibration,sector_dropout,30,degrees,42,90,32115,32115,0,2,1,global_count,0.2,0.07502880184,False
nuscenes_mini_subset,scene-1094_009,scene-1094,test,original,0,none,42,90,34720,34720,0,0,0.7593019427,global_count,0.2,0,False
nuscenes_mini_subset,scene-1094_009,scene-1094,test,random_dropout,0.1,fraction_removed,42,90,31288,31288,0,0,0.7826802766,global_count,0.2,0.09884792627,False
nuscenes_mini_subset,scene-1094_009,scene-1094,test,random_dropout,0.3,fraction_removed,42,90,24255,24255,0,0,0.8307540336,global_count,0.2,0.3014112903,True
nuscenes_mini_subset,scene-1094_009,scene-1094,test,random_dropout,0.5,fraction_removed,42,90,17283,17283,0,0,0.873888706,global_count,0.2,0.5022177419,True
nuscenes_mini_subset,scene-1094_009,scene-1094,test,sector_dropout,10,degrees,42,90,33837,33837,0,0,0.7593019427,global_count,0.2,0.02543202765,False
nuscenes_mini_subset,scene-1094_009,scene-1094,test,sector_dropout,20,degrees,42,90,32958,32958,0,2,1,global_count,0.2,0.05074884793,False
nuscenes_mini_subset,scene-1094_009,scene-1094,test,sector_dropout,30,degrees,42,90,32071,32071,0,2,1,global_count,0.2,0.07629608295,False
nuscenes_mini_subset,scene-1094_010,scene-1094,calibration,original,0,none,42,90,34688,34688,0,0,0.7780704643,global_count,0.2,0.0009216589862,False
nuscenes_mini_subset,scene-1094_010,scene-1094,calibration,random_dropout,0.1,fraction_removed,42,90,31260,31260,0,0,0.7981560751,global_count,0.2,0.09965437788,False
nuscenes_mini_subset,scene-1094_010,scene-1094,calibration,random_dropout,0.3,fraction_removed,42,90,24237,24237,0,0,0.8419492921,global_count,0.2,0.3019297235,True
nuscenes_mini_subset,scene-1094_010,scene-1094,calibration,random_dropout,0.5,fraction_removed,42,90,17270,17270,0,0,0.8847546921,global_count,0.2,0.5025921659,True
nuscenes_mini_subset,scene-1094_010,scene-1094,calibration,sector_dropout,10,degrees,42,90,33837,33837,0,0,0.7780704643,global_count,0.2,0.02543202765,False
nuscenes_mini_subset,scene-1094_010,scene-1094,calibration,sector_dropout,20,degrees,42,90,32942,32942,0,2,1,global_count,0.2,0.05120967742,False
nuscenes_mini_subset,scene-1094_010,scene-1094,calibration,sector_dropout,30,degrees,42,90,32064,32064,0,2,1,global_count,0.2,0.07649769585,False
nuscenes_mini_subset,scene-1094_011,scene-1094,test,original,0,none,42,90,34688,34688,0,0,0.8024366151,global_count,0.2,0.0009216589862,False
nuscenes_mini_subset,scene-1094_011,scene-1094,test,random_dropout,0.1,fraction_removed,42,90,31260,31260,0,0,0.8212051366,global_count,0.2,0.09965437788,False
nuscenes_mini_subset,scene-1094_011,scene-1094,test,random_dropout,0.3,fraction_removed,42,90,24237,24237,0,0,0.860059269,global_count,0.2,0.3019297235,True
nuscenes_mini_subset,scene-1094_011,scene-1094,test,random_dropout,0.5,fraction_removed,42,90,17270,17270,0,0,0.8992426737,global_count,0.2,0.5025921659,True
nuscenes_mini_subset,scene-1094_011,scene-1094,test,sector_dropout,10,degrees,42,90,33810,33810,0,0,0.8024366151,global_count,0.2,0.02620967742,False
nuscenes_mini_subset,scene-1094_011,scene-1094,test,sector_dropout,20,degrees,42,90,32933,32933,0,2,1,global_count,0.2,0.05146889401,False
nuscenes_mini_subset,scene-1094_011,scene-1094,test,sector_dropout,30,degrees,42,90,32075,32075,0,2,1,global_count,0.2,0.07618087558,False
nuscenes_mini_subset,scene-1094_012,scene-1094,calibration,original,0,none,42,90,34752,34752,0,0,0.7830095489,global_count,0.2,0,False
nuscenes_mini_subset,scene-1094_012,scene-1094,calibration,random_dropout,0.1,fraction_removed,42,90,31318,31318,0,0,0.8040829766,global_count,0.2,0.09798387097,False
nuscenes_mini_subset,scene-1094_012,scene-1094,calibration,random_dropout,0.3,fraction_removed,42,90,24280,24280,0,0,0.8495225552,global_count,0.2,0.3006912442,True
nuscenes_mini_subset,scene-1094_012,scene-1094,calibration,random_dropout,0.5,fraction_removed,42,90,17300,17300,0,0,0.8890352321,global_count,0.2,0.5017281106,True
nuscenes_mini_subset,scene-1094_012,scene-1094,calibration,sector_dropout,10,degrees,42,90,33898,33898,0,0,0.7830095489,global_count,0.2,0.02367511521,False
nuscenes_mini_subset,scene-1094_012,scene-1094,calibration,sector_dropout,20,degrees,42,90,33019,33019,0,2,1,global_count,0.2,0.04899193548,False
nuscenes_mini_subset,scene-1094_012,scene-1094,calibration,sector_dropout,30,degrees,42,90,32147,32147,0,2,1,global_count,0.2,0.07410714286,False
nuscenes_mini_subset,scene-1094_013,scene-1094,test,original,0,none,42,90,34752,34752,0,0,0.7451432335,global_count,0.2,0,False
nuscenes_mini_subset,scene-1094_013,scene-1094,test,random_dropout,0.1,fraction_removed,42,90,31318,31318,0,0,0.7685215673,global_count,0.2,0.09798387097,False
nuscenes_mini_subset,scene-1094_013,scene-1094,test,random_dropout,0.3,fraction_removed,42,90,24280,24280,0,0,0.8208758643,global_count,0.2,0.3006912442,True
nuscenes_mini_subset,scene-1094_013,scene-1094,test,random_dropout,0.5,fraction_removed,42,90,17300,17300,0,0,0.8699374383,global_count,0.2,0.5017281106,True
nuscenes_mini_subset,scene-1094_013,scene-1094,test,sector_dropout,10,degrees,42,90,33875,33875,0,0,0.7451432335,global_count,0.2,0.0243375576,False
nuscenes_mini_subset,scene-1094_013,scene-1094,test,sector_dropout,20,degrees,42,90,33042,33042,0,2,1,global_count,0.2,0.04832949309,False
nuscenes_mini_subset,scene-1094_013,scene-1094,test,sector_dropout,30,degrees,42,90,32252,32252,0,2,1,global_count,0.2,0.07108294931,False
nuscenes_mini_subset,scene-1094_014,scene-1094,calibration,original,0,none,42,90,34720,34720,0,0,0.7843266381,global_count,0.2,0,False
nuscenes_mini_subset,scene-1094_014,scene-1094,calibration,random_dropout,0.1,fraction_removed,42,90,31288,31288,0,0,0.8044122489,global_count,0.2,0.09884792627,False
nuscenes_mini_subset,scene-1094_014,scene-1094,calibration,random_dropout,0.3,fraction_removed,42,90,24255,24255,0,0,0.8505103721,global_count,0.2,0.3014112903,True
nuscenes_mini_subset,scene-1094_014,scene-1094,calibration,random_dropout,0.5,fraction_removed,42,90,17283,17283,0,0,0.8923279552,global_count,0.2,0.5022177419,True
nuscenes_mini_subset,scene-1094_014,scene-1094,calibration,sector_dropout,10,degrees,42,90,34007,34007,0,0,0.7843266381,global_count,0.2,0.02053571429,False
nuscenes_mini_subset,scene-1094_014,scene-1094,calibration,sector_dropout,20,degrees,42,90,33264,33264,0,2,1,global_count,0.2,0.04193548387,False
nuscenes_mini_subset,scene-1094_014,scene-1094,calibration,sector_dropout,30,degrees,42,90,32493,32493,0,2,1,global_count,0.2,0.06414170507,False
nuscenes_mini_subset,scene-1094_015,scene-1094,test,original,0,none,42,90,34752,34752,0,0,0.7823510043,global_count,0.2,0,False
nuscenes_mini_subset,scene-1094_015,scene-1094,test,random_dropout,0.1,fraction_removed,42,90,31318,31318,0,0,0.8027658874,global_count,0.2,0.09798387097,False
nuscenes_mini_subset,scene-1094_015,scene-1094,test,random_dropout,0.3,fraction_removed,42,90,24280,24280,0,0,0.8478761936,global_count,0.2,0.3006912442,True
nuscenes_mini_subset,scene-1094_015,scene-1094,test,random_dropout,0.5,fraction_removed,42,90,17300,17300,0,0,0.8906815937,global_count,0.2,0.5017281106,True
nuscenes_mini_subset,scene-1094_015,scene-1094,test,sector_dropout,10,degrees,42,90,34072,34072,0,0,0.7823510043,global_count,0.2,0.01866359447,False
nuscenes_mini_subset,scene-1094_015,scene-1094,test,sector_dropout,20,degrees,42,90,33368,33368,0,2,1,global_count,0.2,0.03894009217,False
nuscenes_mini_subset,scene-1094_015,scene-1094,test,sector_dropout,30,degrees,42,90,32709,32709,0,2,1,global_count,0.2,0.05792050691,False
nuscenes_mini_subset,scene-1094_016,scene-1094,calibration,original,0,none,42,90,34816,34816,0,0,0.7461310504,global_count,0.2,0,False
nuscenes_mini_subset,scene-1094_016,scene-1094,calibration,random_dropout,0.1,fraction_removed,42,90,31375,31375,0,0,0.7698386566,global_count,0.2,0.0963421659,False
nuscenes_mini_subset,scene-1094_016,scene-1094,calibration,random_dropout,0.3,fraction_removed,42,90,24320,24320,0,0,0.8261442213,global_count,0.2,0.2995391705,True
nuscenes_mini_subset,scene-1094_016,scene-1094,calibration,random_dropout,0.5,fraction_removed,42,90,17326,17326,0,0,0.8768521567,global_count,0.2,0.5009792627,True
nuscenes_mini_subset,scene-1094_016,scene-1094,calibration,sector_dropout,10,degrees,42,90,34137,34137,0,0,0.7461310504,global_count,0.2,0.01679147465,False
nuscenes_mini_subset,scene-1094_016,scene-1094,calibration,sector_dropout,20,degrees,42,90,33471,33471,0,2,1,global_count,0.2,0.0359735023,False
nuscenes_mini_subset,scene-1094_016,scene-1094,calibration,sector_dropout,30,degrees,42,90,32746,32746,0,2,1,global_count,0.2,0.05685483871,False
nuscenes_mini_subset,scene-1094_017,scene-1094,test,original,0,none,42,90,34752,34752,0,0,0.7411919658,global_count,0.2,0,False
nuscenes_mini_subset,scene-1094_017,scene-1094,test,random_dropout,0.1,fraction_removed,42,90,31318,31318,0,0,0.7652288443,global_count,0.2,0.09798387097,False
nuscenes_mini_subset,scene-1094_017,scene-1094,test,random_dropout,0.3,fraction_removed,42,90,24280,24280,0,0,0.8198880474,global_count,0.2,0.3006912442,True
nuscenes_mini_subset,scene-1094_017,scene-1094,test,random_dropout,0.5,fraction_removed,42,90,17300,17300,0,0,0.8709252552,global_count,0.2,0.5017281106,True
nuscenes_mini_subset,scene-1094_017,scene-1094,test,sector_dropout,10,degrees,42,90,34096,34096,0,0,0.7411919658,global_count,0.2,0.01797235023,False
nuscenes_mini_subset,scene-1094_017,scene-1094,test,sector_dropout,20,degrees,42,90,33353,33353,0,2,1,global_count,0.2,0.03937211982,False
nuscenes_mini_subset,scene-1094_017,scene-1094,test,sector_dropout,30,degrees,42,90,32645,32645,0,2,1,global_count,0.2,0.05976382488,False
nuscenes_mini_subset,scene-1094_018,scene-1094,calibration,original,0,none,42,90,34688,34688,0,0,0.7290088904,global_count,0.2,0.0009216589862,False
nuscenes_mini_subset,scene-1094_018,scene-1094,calibration,random_dropout,0.1,fraction_removed,42,90,31260,31260,0,0,0.7540335858,global_count,0.2,0.09965437788,False
nuscenes_mini_subset,scene-1094_018,scene-1094,calibration,random_dropout,0.3,fraction_removed,42,90,24237,24237,0,0,0.8106684228,global_count,0.2,0.3019297235,True
nuscenes_mini_subset,scene-1094_018,scene-1094,calibration,random_dropout,0.5,fraction_removed,42,90,17270,17270,0,0,0.8610470859,global_count,0.2,0.5025921659,True
nuscenes_mini_subset,scene-1094_018,scene-1094,calibration,sector_dropout,10,degrees,42,90,34081,34081,0,0,0.7290088904,global_count,0.2,0.01840437788,False
nuscenes_mini_subset,scene-1094_018,scene-1094,calibration,sector_dropout,20,degrees,42,90,33332,33332,0,2,1,global_count,0.2,0.03997695853,False
nuscenes_mini_subset,scene-1094_018,scene-1094,calibration,sector_dropout,30,degrees,42,90,32612,32612,0,2,1,global_count,0.2,0.06071428571,False
nuscenes_mini_subset,scene-1094_019,scene-1094,test,original,0,none,42,90,34688,34688,0,0,0.7313137965,global_count,0.2,0.0009216589862,False
nuscenes_mini_subset,scene-1094_019,scene-1094,test,random_dropout,0.1,fraction_removed,42,90,31260,31260,0,0,0.7560092196,global_count,0.2,0.09965437788,False
nuscenes_mini_subset,scene-1094_019,scene-1094,test,random_dropout,0.3,fraction_removed,42,90,24237,24237,0,0,0.8116562397,global_count,0.2,0.3019297235,True
nuscenes_mini_subset,scene-1094_019,scene-1094,test,random_dropout,0.5,fraction_removed,42,90,17270,17270,0,0,0.8640105367,global_count,0.2,0.5025921659,True
nuscenes_mini_subset,scene-1094_019,scene-1094,test,sector_dropout,10,degrees,42,90,34078,34078,0,0,0.7313137965,global_count,0.2,0.01849078341,False
nuscenes_mini_subset,scene-1094_019,scene-1094,test,sector_dropout,20,degrees,42,90,33325,33325,0,2,1,global_count,0.2,0.04017857143,False
nuscenes_mini_subset,scene-1094_019,scene-1094,test,sector_dropout,30,degrees,42,90,32571,32571,0,2,1,global_count,0.2,0.06189516129,False
nuscenes_mini_subset,scene-1094_020,scene-1094,calibration,original,0,none,42,90,34720,34720,0,0,0.7385577873,global_count,0.2,0,False
nuscenes_mini_subset,scene-1094_020,scene-1094,calibration,random_dropout,0.1,fraction_removed,42,90,31288,31288,0,0,0.7609483042,global_count,0.2,0.09884792627,False
nuscenes_mini_subset,scene-1094_020,scene-1094,calibration,random_dropout,0.3,fraction_removed,42,90,24255,24255,0,0,0.8159367797,global_count,0.2,0.3014112903,True
nuscenes_mini_subset,scene-1094_020,scene-1094,calibration,random_dropout,0.5,fraction_removed,42,90,17283,17283,0,0,0.8682910767,global_count,0.2,0.5022177419,True
nuscenes_mini_subset,scene-1094_020,scene-1094,calibration,sector_dropout,10,degrees,42,90,34089,34089,0,0,0.7385577873,global_count,0.2,0.01817396313,False
nuscenes_mini_subset,scene-1094_020,scene-1094,calibration,sector_dropout,20,degrees,42,90,33382,33382,0,2,1,global_count,0.2,0.03853686636,False
nuscenes_mini_subset,scene-1094_020,scene-1094,calibration,sector_dropout,30,degrees,42,90,32620,32620,0,2,1,global_count,0.2,0.06048387097,False
nuscenes_mini_subset,scene-1094_021,scene-1094,test,original,0,none,42,90,34688,34688,0,0,0.6386326641,global_count,0.2,0.0009216589862,False
nuscenes_mini_subset,scene-1094_021,scene-1094,test,random_dropout,0.1,fraction_removed,42,90,31260,31260,0,0,0.6798697775,global_count,0.2,0.09965437788,False
nuscenes_mini_subset,scene-1094_021,scene-1094,test,random_dropout,0.3,fraction_removed,42,90,24237,24237,0,0,0.7542051004,global_count,0.2,0.3019297235,True
nuscenes_mini_subset,scene-1094_021,scene-1094,test,random_dropout,0.5,fraction_removed,42,90,17270,17270,0,0,0.8241996744,global_count,0.2,0.5025921659,True
nuscenes_mini_subset,scene-1094_021,scene-1094,test,sector_dropout,10,degrees,42,90,34068,34068,0,0,0.6386326641,global_count,0.2,0.01877880184,False
nuscenes_mini_subset,scene-1094_021,scene-1094,test,sector_dropout,20,degrees,42,90,33364,33364,0,2,1,global_count,0.2,0.03905529954,False
nuscenes_mini_subset,scene-1094_021,scene-1094,test,sector_dropout,30,degrees,42,90,32597,32597,0,2,1,global_count,0.2,0.06114631336,False
nuscenes_mini_subset,scene-1094_022,scene-1094,calibration,original,0,none,42,90,34656,34656,0,0,0.3233454067,global_count,0.2,0.001843317972,False
nuscenes_mini_subset,scene-1094_022,scene-1094,calibration,random_dropout,0.1,fraction_removed,42,90,31230,31230,0,0,0.3852486006,global_count,0.2,0.1005184332,False
nuscenes_mini_subset,scene-1094_022,scene-1094,calibration,random_dropout,0.3,fraction_removed,42,90,24211,24211,0,0,0.5172867962,global_count,0.2,0.3026785714,True
nuscenes_mini_subset,scene-1094_022,scene-1094,calibration,random_dropout,0.5,fraction_removed,42,90,17250,17250,0,0,0.6516298979,global_count,0.2,0.5031682028,True
nuscenes_mini_subset,scene-1094_022,scene-1094,calibration,sector_dropout,10,degrees,42,90,34058,34058,0,0,0.5187250996,global_count,0.2,0.01906682028,False
nuscenes_mini_subset,scene-1094_022,scene-1094,calibration,sector_dropout,20,degrees,42,90,33348,33348,0,2,1,global_count,0.2,0.03951612903,False
nuscenes_mini_subset,scene-1094_022,scene-1094,calibration,sector_dropout,30,degrees,42,90,32573,32573,0,2,1,global_count,0.2,0.0618375576,False
nuscenes_mini_subset,scene-1094_023,scene-1094,test,original,0,none,42,90,34688,34688,0,0,0.6858383071,global_count,0.2,0.0009216589862,False
nuscenes_mini_subset,scene-1094_023,scene-1094,test,random_dropout,0.1,fraction_removed,42,90,31260,31260,0,0,0.7211068909,global_count,0.2,0.09965437788,False
nuscenes_mini_subset,scene-1094_023,scene-1094,test,random_dropout,0.3,fraction_removed,42,90,24237,24237,0,0,0.7873033098,global_count,0.2,0.3019297235,True
nuscenes_mini_subset,scene-1094_023,scene-1094,test,random_dropout,0.5,fraction_removed,42,90,17270,17270,0,0,0.8513293543,global_count,0.2,0.5025921659,True
nuscenes_mini_subset,scene-1094_023,scene-1094,test,sector_dropout,10,degrees,42,90,34084,34084,0,0,0.6858383071,global_count,0.2,0.01831797235,False
nuscenes_mini_subset,scene-1094_023,scene-1094,test,sector_dropout,20,degrees,42,90,33415,33415,0,2,1,global_count,0.2,0.03758640553,False
nuscenes_mini_subset,scene-1094_023,scene-1094,test,sector_dropout,30,degrees,42,90,32647,32647,0,2,1,global_count,0.2,0.0597062212,False
nuscenes_mini_subset,scene-1094_024,scene-1094,calibration,original,0,none,42,90,34688,34688,0,0,0.7451432335,global_count,0.2,0.0009216589862,False
nuscenes_mini_subset,scene-1094_024,scene-1094,calibration,random_dropout,0.1,fraction_removed,42,90,31260,31260,0,0,0.7675337504,global_count,0.2,0.09965437788,False
nuscenes_mini_subset,scene-1094_024,scene-1094,calibration,random_dropout,0.3,fraction_removed,42,90,24237,24237,0,0,0.8202173197,global_count,0.2,0.3019297235,True
nuscenes_mini_subset,scene-1094_024,scene-1094,calibration,random_dropout,0.5,fraction_removed,42,90,17270,17270,0,0,0.8702667106,global_count,0.2,0.5025921659,True
nuscenes_mini_subset,scene-1094_024,scene-1094,calibration,sector_dropout,10,degrees,42,90,34056,34056,0,0,0.7451432335,global_count,0.2,0.01912442396,False
nuscenes_mini_subset,scene-1094_024,scene-1094,calibration,sector_dropout,20,degrees,42,90,33399,33399,0,2,1,global_count,0.2,0.03804723502,False
nuscenes_mini_subset,scene-1094_024,scene-1094,calibration,sector_dropout,30,degrees,42,90,32635,32635,0,2,1,global_count,0.2,0.06005184332,False
nuscenes_mini_subset,scene-1094_025,scene-1094,test,original,0,none,42,90,34720,34720,0,0,0.4915897992,global_count,0.2,0,False
nuscenes_mini_subset,scene-1094_025,scene-1094,test,random_dropout,0.1,fraction_removed,42,90,31288,31288,0,0,0.5463917526,global_count,0.2,0.09884792627,False
nuscenes_mini_subset,scene-1094_025,scene-1094,test,random_dropout,0.3,fraction_removed,42,90,24255,24255,0,0,0.6473141617,global_count,0.2,0.3014112903,True
nuscenes_mini_subset,scene-1094_025,scene-1094,test,random_dropout,0.5,fraction_removed,42,90,17283,17283,0,0,0.7498643516,global_count,0.2,0.5022177419,True
nuscenes_mini_subset,scene-1094_025,scene-1094,test,sector_dropout,10,degrees,42,90,34099,34099,0,0,0.5235059761,global_count,0.2,0.0178859447,False
nuscenes_mini_subset,scene-1094_025,scene-1094,test,sector_dropout,20,degrees,42,90,33446,33446,0,2,1,global_count,0.2,0.03669354839,False
nuscenes_mini_subset,scene-1094_025,scene-1094,test,sector_dropout,30,degrees,42,90,32699,32699,0,2,1,global_count,0.2,0.05820852535,False
nuscenes_mini_subset,scene-1094_026,scene-1094,calibration,original,0,none,42,90,34752,34752,0,0,0.7533750412,global_count,0.2,0,False
nuscenes_mini_subset,scene-1094_026,scene-1094,calibration,random_dropout,0.1,fraction_removed,42,90,31318,31318,0,0,0.7747777412,global_count,0.2,0.09798387097,False
nuscenes_mini_subset,scene-1094_026,scene-1094,calibration,random_dropout,0.3,fraction_removed,42,90,24280,24280,0,0,0.829107672,global_count,0.2,0.3006912442,True
nuscenes_mini_subset,scene-1094_026,scene-1094,calibration,random_dropout,0.5,fraction_removed,42,90,17300,17300,0,0,0.8765228844,global_count,0.2,0.5017281106,True
nuscenes_mini_subset,scene-1094_026,scene-1094,calibration,sector_dropout,10,degrees,42,90,34119,34119,0,0,0.7533750412,global_count,0.2,0.01730990783,False
nuscenes_mini_subset,scene-1094_026,scene-1094,calibration,sector_dropout,20,degrees,42,90,33461,33461,0,2,1,global_count,0.2,0.03626152074,False
nuscenes_mini_subset,scene-1094_026,scene-1094,calibration,sector_dropout,30,degrees,42,90,32705,32705,0,2,1,global_count,0.2,0.05803571429,False
nuscenes_mini_subset,scene-1094_027,scene-1094,test,original,0,none,42,90,34752,34752,0,0,0.1971830986,global_count,0.2,0,False
nuscenes_mini_subset,scene-1094_027,scene-1094,test,random_dropout,0.1,fraction_removed,42,90,31318,31318,0,0,0.2688860435,global_count,0.2,0.09798387097,False
nuscenes_mini_subset,scene-1094_027,scene-1094,test,random_dropout,0.3,fraction_removed,42,90,24280,24280,0,0,0.4302176697,global_count,0.2,0.3006912442,True
nuscenes_mini_subset,scene-1094_027,scene-1094,test,random_dropout,0.5,fraction_removed,42,90,17300,17300,0,0,0.609475032,global_count,0.2,0.5017281106,True
nuscenes_mini_subset,scene-1094_027,scene-1094,test,sector_dropout,10,degrees,42,90,34103,34103,0,0,0.5235059761,global_count,0.2,0.01777073733,False
nuscenes_mini_subset,scene-1094_027,scene-1094,test,sector_dropout,20,degrees,42,90,33451,33451,0,2,1,global_count,0.2,0.03654953917,False
nuscenes_mini_subset,scene-1094_027,scene-1094,test,sector_dropout,30,degrees,42,90,32683,32683,0,2,1,global_count,0.2,0.05866935484,False
nuscenes_mini_subset,scene-1094_028,scene-1094,calibration,original,0,none,42,90,34752,34752,0,0,0.6635919696,global_count,0.2,0,False
nuscenes_mini_subset,scene-1094_028,scene-1094,calibration,random_dropout,0.1,fraction_removed,42,90,31318,31318,0,0,0.6977753663,global_count,0.2,0.09798387097,False
nuscenes_mini_subset,scene-1094_028,scene-1094,calibration,random_dropout,0.3,fraction_removed,42,90,24280,24280,0,0,0.7672273467,global_count,0.2,0.3006912442,True
nuscenes_mini_subset,scene-1094_028,scene-1094,calibration,random_dropout,0.5,fraction_removed,42,90,17300,17300,0,0,0.8372219208,global_count,0.2,0.5017281106,True
nuscenes_mini_subset,scene-1094_028,scene-1094,calibration,sector_dropout,10,degrees,42,90,34143,34143,0,0,0.6635919696,global_count,0.2,0.01661866359,False
nuscenes_mini_subset,scene-1094_028,scene-1094,calibration,sector_dropout,20,degrees,42,90,33518,33518,0,2,1,global_count,0.2,0.03461981567,False
nuscenes_mini_subset,scene-1094_028,scene-1094,calibration,sector_dropout,30,degrees,42,90,32762,32762,0,2,1,global_count,0.2,0.05639400922,False
nuscenes_mini_subset,scene-1094_029,scene-1094,test,original,0,none,42,90,34720,34720,0,0,0.7062891011,global_count,0.2,0,False
nuscenes_mini_subset,scene-1094_029,scene-1094,test,random_dropout,0.1,fraction_removed,42,90,31288,31288,0,0,0.7329601581,global_count,0.2,0.09884792627,False
nuscenes_mini_subset,scene-1094_029,scene-1094,test,random_dropout,0.3,fraction_removed,42,90,24255,24255,0,0,0.7925584458,global_count,0.2,0.3014112903,True
nuscenes_mini_subset,scene-1094_029,scene-1094,test,random_dropout,0.5,fraction_removed,42,90,17283,17283,0,0,0.8501810998,global_count,0.2,0.5022177419,True
nuscenes_mini_subset,scene-1094_029,scene-1094,test,sector_dropout,10,degrees,42,90,34110,34110,0,0,0.7062891011,global_count,0.2,0.01756912442,False
nuscenes_mini_subset,scene-1094_029,scene-1094,test,sector_dropout,20,degrees,42,90,33483,33483,0,2,1,global_count,0.2,0.03562788018,False
nuscenes_mini_subset,scene-1094_029,scene-1094,test,sector_dropout,30,degrees,42,90,32715,32715,0,2,1,global_count,0.2,0.05774769585,False
nuscenes_mini_subset,scene-1094_030,scene-1094,calibration,original,0,none,42,90,34720,34720,0,0,0.6760716224,global_count,0.2,0,False
nuscenes_mini_subset,scene-1094_030,scene-1094,calibration,random_dropout,0.1,fraction_removed,42,90,31288,31288,0,0,0.7118827998,global_count,0.2,0.09884792627,False
nuscenes_mini_subset,scene-1094_030,scene-1094,calibration,random_dropout,0.3,fraction_removed,42,90,24255,24255,0,0,0.7764514379,global_count,0.2,0.3014112903,True
nuscenes_mini_subset,scene-1094_030,scene-1094,calibration,random_dropout,0.5,fraction_removed,42,90,17283,17283,0,0,0.843733044,global_count,0.2,0.5022177419,True
nuscenes_mini_subset,scene-1094_030,scene-1094,calibration,sector_dropout,10,degrees,42,90,34133,34133,0,0,0.6760716224,global_count,0.2,0.01690668203,False
nuscenes_mini_subset,scene-1094_030,scene-1094,calibration,sector_dropout,20,degrees,42,90,33506,33506,0,2,1,global_count,0.2,0.03496543779,False
nuscenes_mini_subset,scene-1094_030,scene-1094,calibration,sector_dropout,30,degrees,42,90,32744,32744,0,2,1,global_count,0.2,0.0569124424,False
nuscenes_mini_subset,scene-1094_031,scene-1094,test,original,0,none,42,90,34752,34752,0,0,0.6695604992,global_count,0.2,0,False
nuscenes_mini_subset,scene-1094_031,scene-1094,test,random_dropout,0.1,fraction_removed,42,90,31318,31318,0,0,0.704829083,global_count,0.2,0.09798387097,False
nuscenes_mini_subset,scene-1094_031,scene-1094,test,random_dropout,0.3,fraction_removed,42,90,24280,24280,0,0,0.7688551275,global_count,0.2,0.3006912442,True
nuscenes_mini_subset,scene-1094_031,scene-1094,test,random_dropout,0.5,fraction_removed,42,90,17300,17300,0,0,0.838307108,global_count,0.2,0.5017281106,True
nuscenes_mini_subset,scene-1094_031,scene-1094,test,sector_dropout,10,degrees,42,90,34179,34179,0,0,0.6695604992,global_count,0.2,0.01558179724,False
nuscenes_mini_subset,scene-1094_031,scene-1094,test,sector_dropout,20,degrees,42,90,33543,33543,0,2,1,global_count,0.2,0.03389976959,False
nuscenes_mini_subset,scene-1094_031,scene-1094,test,sector_dropout,30,degrees,42,90,32797,32797,0,2,1,global_count,0.2,0.0553859447,False
nuscenes_mini_subset,scene-1094_032,scene-1094,calibration,original,0,none,42,90,34784,34784,0,0,0.7385577873,global_count,0.2,0,False
nuscenes_mini_subset,scene-1094_032,scene-1094,calibration,random_dropout,0.1,fraction_removed,42,90,31345,31345,0,0,0.7648995719,global_count,0.2,0.0972062212,False
nuscenes_mini_subset,scene-1094_032,scene-1094,calibration,random_dropout,0.3,fraction_removed,42,90,24300,24300,0,0,0.8225222259,global_count,0.2,0.3001152074,True
nuscenes_mini_subset,scene-1094_032,scene-1094,calibration,random_dropout,0.5,fraction_removed,42,90,17313,17313,0,0,0.8712545275,global_count,0.2,0.5013536866,True
nuscenes_mini_subset,scene-1094_032,scene-1094,calibration,sector_dropout,10,degrees,42,90,34224,34224,0,0,0.7385577873,global_count,0.2,0.01428571429,False
nuscenes_mini_subset,scene-1094_032,scene-1094,calibration,sector_dropout,20,degrees,42,90,33613,33613,0,2,1,global_count,0.2,0.03188364055,False
nuscenes_mini_subset,scene-1094_032,scene-1094,calibration,sector_dropout,30,degrees,42,90,32901,32901,0,2,1,global_count,0.2,0.052390553,False
nuscenes_mini_subset,scene-1094_033,scene-1094,test,original,0,none,42,90,34720,34720,0,0,0.7365821534,global_count,0.2,0,False
nuscenes_mini_subset,scene-1094_033,scene-1094,test,random_dropout,0.1,fraction_removed,42,90,31288,31288,0,0,0.7602897596,global_count,0.2,0.09884792627,False
nuscenes_mini_subset,scene-1094_033,scene-1094,test,random_dropout,0.3,fraction_removed,42,90,24255,24255,0,0,0.8169245966,global_count,0.2,0.3014112903,True
nuscenes_mini_subset,scene-1094_033,scene-1094,test,random_dropout,0.5,fraction_removed,42,90,17283,17283,0,0,0.8679618044,global_count,0.2,0.5022177419,True
nuscenes_mini_subset,scene-1094_033,scene-1094,test,sector_dropout,10,degrees,42,90,34154,34154,0,0,0.7365821534,global_count,0.2,0.01630184332,False
nuscenes_mini_subset,scene-1094_033,scene-1094,test,sector_dropout,20,degrees,42,90,33557,33557,0,2,1,global_count,0.2,0.03349654378,False
nuscenes_mini_subset,scene-1094_033,scene-1094,test,sector_dropout,30,degrees,42,90,32893,32893,0,2,1,global_count,0.2,0.05262096774,False
nuscenes_mini_subset,scene-1094_034,scene-1094,calibration,original,0,none,42,90,34720,34720,0,0,0.676614216,global_count,0.2,0,False
nuscenes_mini_subset,scene-1094_034,scene-1094,calibration,random_dropout,0.1,fraction_removed,42,90,31288,31288,0,0,0.7118827998,global_count,0.2,0.09884792627,False
nuscenes_mini_subset,scene-1094_034,scene-1094,calibration,random_dropout,0.3,fraction_removed,42,90,24255,24255,0,0,0.7786218123,global_count,0.2,0.3014112903,True
nuscenes_mini_subset,scene-1094_034,scene-1094,calibration,random_dropout,0.5,fraction_removed,42,90,17283,17283,0,0,0.843733044,global_count,0.2,0.5022177419,True
nuscenes_mini_subset,scene-1094_034,scene-1094,calibration,sector_dropout,10,degrees,42,90,34169,34169,0,0,0.676614216,global_count,0.2,0.01586981567,False
nuscenes_mini_subset,scene-1094_034,scene-1094,calibration,sector_dropout,20,degrees,42,90,33609,33609,0,2,1,global_count,0.2,0.03199884793,False
nuscenes_mini_subset,scene-1094_034,scene-1094,calibration,sector_dropout,30,degrees,42,90,32954,32954,0,2,1,global_count,0.2,0.0508640553,False
nuscenes_mini_subset,scene-1094_035,scene-1094,test,original,0,none,42,90,34720,34720,0,0,0.6473141617,global_count,0.2,0,False
nuscenes_mini_subset,scene-1094_035,scene-1094,test,random_dropout,0.1,fraction_removed,42,90,31288,31288,0,0,0.6842105263,global_count,0.2,0.09884792627,False
nuscenes_mini_subset,scene-1094_035,scene-1094,test,random_dropout,0.3,fraction_removed,42,90,24255,24255,0,0,0.76017363,global_count,0.2,0.3014112903,True
nuscenes_mini_subset,scene-1094_035,scene-1094,test,random_dropout,0.5,fraction_removed,42,90,17283,17283,0,0,0.827455236,global_count,0.2,0.5022177419,True
nuscenes_mini_subset,scene-1094_035,scene-1094,test,sector_dropout,10,degrees,42,90,34168,34168,0,0,0.6473141617,global_count,0.2,0.01589861751,False
nuscenes_mini_subset,scene-1094_035,scene-1094,test,sector_dropout,20,degrees,42,90,33607,33607,0,2,1,global_count,0.2,0.03205645161,False
nuscenes_mini_subset,scene-1094_035,scene-1094,test,sector_dropout,30,degrees,42,90,32983,32983,0,2,1,global_count,0.2,0.05002880184,False
nuscenes_mini_subset,scene-1094_036,scene-1094,calibration,original,0,none,42,90,34720,34720,0,0,0.6890938687,global_count,0.2,0,False
nuscenes_mini_subset,scene-1094_036,scene-1094,calibration,random_dropout,0.1,fraction_removed,42,90,31288,31288,0,0,0.7216494845,global_count,0.2,0.09884792627,False
nuscenes_mini_subset,scene-1094_036,scene-1094,calibration,random_dropout,0.3,fraction_removed,42,90,24255,24255,0,0,0.7878459034,global_count,0.2,0.3014112903,True
nuscenes_mini_subset,scene-1094_036,scene-1094,calibration,random_dropout,0.5,fraction_removed,42,90,17283,17283,0,0,0.8491589799,global_count,0.2,0.5022177419,True
nuscenes_mini_subset,scene-1094_036,scene-1094,calibration,sector_dropout,10,degrees,42,90,34178,34178,0,0,0.6890938687,global_count,0.2,0.01561059908,False
nuscenes_mini_subset,scene-1094_036,scene-1094,calibration,sector_dropout,20,degrees,42,90,33611,33611,0,2,1,global_count,0.2,0.03194124424,False
nuscenes_mini_subset,scene-1094_036,scene-1094,calibration,sector_dropout,30,degrees,42,90,32996,32996,0,2,1,global_count,0.2,0.04965437788,False
nuscenes_mini_subset,scene-1094_037,scene-1094,test,original,0,none,42,90,34752,34752,0,0,0.6771568095,global_count,0.2,0,False
nuscenes_mini_subset,scene-1094_037,scene-1094,test,random_dropout,0.1,fraction_removed,42,90,31318,31318,0,0,0.7107976126,global_count,0.2,0.09798387097,False
nuscenes_mini_subset,scene-1094_037,scene-1094,test,random_dropout,0.3,fraction_removed,42,90,24280,24280,0,0,0.7775366251,global_count,0.2,0.3006912442,True
nuscenes_mini_subset,scene-1094_037,scene-1094,test,random_dropout,0.5,fraction_removed,42,90,17300,17300,0,0,0.8421052632,global_count,0.2,0.5017281106,True
nuscenes_mini_subset,scene-1094_037,scene-1094,test,sector_dropout,10,degrees,42,90,34214,34214,0,0,0.6771568095,global_count,0.2,0.01457373272,False
nuscenes_mini_subset,scene-1094_037,scene-1094,test,sector_dropout,20,degrees,42,90,33650,33650,0,2,1,global_count,0.2,0.03081797235,False
nuscenes_mini_subset,scene-1094_037,scene-1094,test,sector_dropout,30,degrees,42,90,33019,33019,0,2,1,global_count,0.2,0.04899193548,False
nuscenes_mini_subset,scene-1094_038,scene-1094,calibration,original,0,none,42,90,34688,34688,0,0,0.6880086815,global_count,0.2,0.0009216589862,False
nuscenes_mini_subset,scene-1094_038,scene-1094,calibration,random_dropout,0.1,fraction_removed,42,90,31260,31260,0,0,0.7221920781,global_count,0.2,0.09965437788,False
nuscenes_mini_subset,scene-1094_038,scene-1094,calibration,random_dropout,0.3,fraction_removed,42,90,24237,24237,0,0,0.7878459034,global_count,0.2,0.3019297235,True
nuscenes_mini_subset,scene-1094_038,scene-1094,calibration,random_dropout,0.5,fraction_removed,42,90,17270,17270,0,0,0.8507867607,global_count,0.2,0.5025921659,True
nuscenes_mini_subset,scene-1094_038,scene-1094,calibration,sector_dropout,10,degrees,42,90,34144,34144,0,0,0.6880086815,global_count,0.2,0.01658986175,False
nuscenes_mini_subset,scene-1094_038,scene-1094,calibration,sector_dropout,20,degrees,42,90,33558,33558,0,2,1,global_count,0.2,0.03346774194,False
nuscenes_mini_subset,scene-1094_038,scene-1094,calibration,sector_dropout,30,degrees,42,90,32951,32951,0,2,1,global_count,0.2,0.05095046083,False
nuscenes_mini_subset,scene-1094_039,scene-1094,test,original,0,none,42,90,34720,34720,0,0,0.6782419967,global_count,0.2,0,False
nuscenes_mini_subset,scene-1094_039,scene-1094,test,random_dropout,0.1,fraction_removed,42,90,31288,31288,0,0,0.7118827998,global_count,0.2,0.09884792627,False
nuscenes_mini_subset,scene-1094_039,scene-1094,test,random_dropout,0.3,fraction_removed,42,90,24255,24255,0,0,0.7813347802,global_count,0.2,0.3014112903,True
nuscenes_mini_subset,scene-1094_039,scene-1094,test,random_dropout,0.5,fraction_removed,42,90,17283,17283,0,0,0.8464460119,global_count,0.2,0.5022177419,True
nuscenes_mini_subset,scene-1094_039,scene-1094,test,sector_dropout,10,degrees,42,90,34182,34182,0,0,0.6782419967,global_count,0.2,0.01549539171,False
nuscenes_mini_subset,scene-1094_039,scene-1094,test,sector_dropout,20,degrees,42,90,33622,33622,0,2,1,global_count,0.2,0.03162442396,False
nuscenes_mini_subset,scene-1094_039,scene-1094,test,sector_dropout,30,degrees,42,90,33014,33014,0,2,1,global_count,0.2,0.0491359447,False
kitti_mini,000001,KITTI,calibration,original,0,none,42,0,120268,120268,0,0,0.2211283605,global_count,0.4,0.004828239616,False
kitti_mini,000001,KITTI,calibration,random_dropout,0.1,fraction_removed,42,0,108167,108167,0,0,0.2953426732,global_count,0.4,0.1049593923,False
kitti_mini,000001,KITTI,calibration,random_dropout,0.3,fraction_removed,42,0,84111,84111,0,0,0.4471790988,global_count,0.4,0.3040136035,False
kitti_mini,000001,KITTI,calibration,random_dropout,0.5,fraction_removed,42,0,59871,59871,0,0,0.6092389246,global_count,0.4,0.5045903443,True
kitti_mini,000001,KITTI,calibration,sector_dropout,10,degrees,42,0,117403,117403,0,0,0.5392058725,global_count,0.4,0.02853502025,False
kitti_mini,000001,KITTI,calibration,sector_dropout,20,degrees,42,0,114524,114524,0,2,1,global_count,0.4,0.05235764554,False
kitti_mini,000001,KITTI,calibration,sector_dropout,30,degrees,42,0,111656,111656,0,2,1,global_count,0.4,0.07608925003,False
kitti_mini,000004,KITTI,test,original,0,none,42,0,115976,115976,0,0,0.2491413474,global_count,0.4,0.04034290017,False
kitti_mini,000004,KITTI,test,random_dropout,0.1,fraction_removed,42,0,104322,104322,0,0,0.3207397622,global_count,0.4,0.1367752986,False
kitti_mini,000004,KITTI,test,random_dropout,0.3,fraction_removed,42,0,81127,81127,0,0,0.4676354029,global_count,0.4,0.3287050637,False
kitti_mini,000004,KITTI,test,random_dropout,0.5,fraction_removed,42,0,57713,57713,0,0,0.621664465,global_count,0.4,0.52244697,True
kitti_mini,000004,KITTI,test,sector_dropout,10,degrees,42,0,113221,113221,0,0,0.5478812145,global_count,0.4,0.06313947282,False
kitti_mini,000004,KITTI,test,sector_dropout,20,degrees,42,0,110374,110374,0,2,1,global_count,0.4,0.08669731034,False
kitti_mini,000004,KITTI,test,sector_dropout,30,degrees,42,0,107252,107252,0,2,1,global_count,0.4,0.1125306678,False
kitti_mini,000007,KITTI,calibration,original,0,none,42,0,122798,122798,0,0,0.2309782609,global_count,0.4,0,False
kitti_mini,000007,KITTI,calibration,random_dropout,0.1,fraction_removed,42,0,110452,110452,0,0,0.3202639752,global_count,0.4,0.08605189013,False
kitti_mini,000007,KITTI,calibration,random_dropout,0.3,fraction_removed,42,0,85891,85891,0,0,0.4549689441,global_count,0.4,0.2892847834,False
kitti_mini,000007,KITTI,calibration,random_dropout,0.5,fraction_removed,42,0,61146,61146,0,0,0.612189441,global_count,0.4,0.4940402064,True
kitti_mini,000007,KITTI,calibration,sector_dropout,10,degrees,42,0,119882,119882,0,0,0.5201868535,global_count,0.4,0.008022242173,False
kitti_mini,000007,KITTI,calibration,sector_dropout,20,degrees,42,0,116905,116905,0,2,1,global_count,0.4,0.03265578003,False
kitti_mini,000007,KITTI,calibration,sector_dropout,30,degrees,42,0,113797,113797,0,2,1,global_count,0.4,0.05837329284,False
kitti_mini,000008,KITTI,test,original,0,none,42,0,122555,122555,0,0,0.1737218252,global_count,0.4,0,False
kitti_mini,000008,KITTI,test,random_dropout,0.1,fraction_removed,42,0,110227,110227,0,0,0.2603078615,global_count,0.4,0.08791367918,False
kitti_mini,000008,KITTI,test,random_dropout,0.3,fraction_removed,42,0,85707,85707,0,0,0.4255085212,global_count,0.4,0.2908073131,False
kitti_mini,000008,KITTI,test,random_dropout,0.5,fraction_removed,42,0,61008,61008,0,0,0.5951072018,global_count,0.4,0.4951821037,True
kitti_mini,000008,KITTI,test,sector_dropout,10,degrees,42,0,119436,119436,0,0,0.5288621955,global_count,0.4,0.01171272181,False
kitti_mini,000008,KITTI,test,sector_dropout,20,degrees,42,0,116373,116373,0,2,1,global_count,0.4,0.03705787682,False
kitti_mini,000008,KITTI,test,sector_dropout,30,degrees,42,0,113375,113375,0,2,1,global_count,0.4,0.06186518165,False
kitti_mini,000009,KITTI,calibration,original,0,none,42,0,123928,123928,0,0,0.2182759236,global_count,0.4,0,False
kitti_mini,000009,KITTI,calibration,random_dropout,0.1,fraction_removed,42,0,111471,111471,0,0,0.3007317508,global_count,0.4,0.07762005436,False
kitti_mini,000009,KITTI,calibration,random_dropout,0.3,fraction_removed,42,0,86666,86666,0,0,0.4510083884,global_count,0.4,0.2828719544,False
kitti_mini,000009,KITTI,calibration,random_dropout,0.5,fraction_removed,42,0,61684,61684,0,0,0.6094949134,global_count,0.4,0.4895884619,True
kitti_mini,000009,KITTI,calibration,sector_dropout,10,degrees,42,0,121184,121184,0,0,0.5392303848,global_count,0.4,0,False
kitti_mini,000009,KITTI,calibration,sector_dropout,20,degrees,42,0,118144,118144,0,2,1,global_count,0.4,0.0224035283,False
kitti_mini,000009,KITTI,calibration,sector_dropout,30,degrees,42,0,114998,114998,0,2,1,global_count,0.4,0.0484354766,False
kitti_mini,000010,KITTI,test,original,0,none,42,0,115875,115875,0,0,0.2575017446,global_count,0.4,0.04117863659,False
kitti_mini,000010,KITTI,test,random_dropout,0.1,fraction_removed,42,0,104232,104232,0,0,0.3309141661,global_count,0.4,0.1375200142,False
kitti_mini,000010,KITTI,test,random_dropout,0.3,fraction_removed,42,0,81051,81051,0,0,0.4810886253,global_count,0.4,0.3293339346,False
kitti_mini,000010,KITTI,test,random_dropout,0.5,fraction_removed,42,0,57666,57666,0,0,0.6314606742,global_count,0.4,0.5228358771,True
kitti_mini,000010,KITTI,test,sector_dropout,10,degrees,42,0,112986,112986,0,0,0.5311978645,global_count,0.4,0.06508400806,False
kitti_mini,000010,KITTI,test,sector_dropout,20,degrees,42,0,110136,110136,0,2,1,global_count,0.4,0.08866666942,False
kitti_mini,000010,KITTI,test,sector_dropout,30,degrees,42,0,107326,107326,0,2,1,global_count,0.4,0.1119183461,False
kitti_mini,000011,KITTI,calibration,original,0,none,42,0,108004,108004,0,0,0.437449338,global_count,0.4,0.106308155,False
kitti_mini,000011,KITTI,calibration,random_dropout,0.1,fraction_removed,42,0,97137,97137,0,0,0.5033774655,global_count,0.4,0.1962284291,False
kitti_mini,000011,KITTI,calibration,random_dropout,0.3,fraction_removed,42,0,75504,75504,0,0,0.6092947852,global_count,0.4,0.3752332408,False
kitti_mini,000011,KITTI,calibration,random_dropout,0.5,fraction_removed,42,0,53691,53691,0,0,0.718724669,global_count,0.4,0.5557274837,True
kitti_mini,000011,KITTI,calibration,sector_dropout,10,degrees,42,0,104852,104852,0,0,0.4809262036,global_count,0.4,0.1323897511,False
kitti_mini,000011,KITTI,calibration,sector_dropout,20,degrees,42,0,101720,101720,0,2,1,global_count,0.4,0.1583058547,False
kitti_mini,000011,KITTI,calibration,sector_dropout,30,degrees,42,0,98457,98457,0,2,1,global_count,0.4,0.1853059333,False
kitti_mini,000012,KITTI,test,original,0,none,42,0,120007,120007,0,0,0.125468499,global_count,0.4,0.00698791492,False
kitti_mini,000012,KITTI,test,random_dropout,0.1,fraction_removed,42,0,107936,107936,0,0,0.2100660361,global_count,0.4,0.1068708291,False
kitti_mini,000012,KITTI,test,random_dropout,0.3,fraction_removed,42,0,83936,83936,0,0,0.3918105958,global_count,0.4,0.3054616616,False
kitti_mini,000012,KITTI,test,random_dropout,0.5,fraction_removed,42,0,59746,59746,0,0,0.5761692218,global_count,0.4,0.5056246716,True
kitti_mini,000012,KITTI,test,sector_dropout,10,degrees,42,0,117275,117275,0,0,0.5572238906,global_count,0.4,0.02959417136,False
kitti_mini,000012,KITTI,test,sector_dropout,20,degrees,42,0,114415,114415,0,2,1,global_count,0.4,0.0532595789,False
kitti_mini,000012,KITTI,test,sector_dropout,30,degrees,42,0,111302,111302,0,2,1,global_count,0.4,0.07901846481,False
kitti_mini,000015,KITTI,calibration,original,0,none,42,0,122583,122583,0,0,0.2275975811,global_count,0.4,0,False
kitti_mini,000015,KITTI,calibration,random_dropout,0.1,fraction_removed,42,0,110255,110255,0,0,0.3023639362,global_count,0.4,0.08768198988,False
kitti_mini,000015,KITTI,calibration,random_dropout,0.3,fraction_removed,42,0,85728,85728,0,0,0.4617921935,global_count,0.4,0.2906335461,False
kitti_mini,000015,KITTI,calibration,random_dropout,0.5,fraction_removed,42,0,61027,61027,0,0,0.6179219351,global_count,0.4,0.4950248859,True
kitti_mini,000015,KITTI,calibration,sector_dropout,10,degrees,42,0,119491,119491,0,0,0.5019157088,global_count,0.4,0.01125761782,False
kitti_mini,000015,KITTI,calibration,sector_dropout,20,degrees,42,0,116309,116309,0,2,1,global_count,0.4,0.03758745237,False
kitti_mini,000015,KITTI,calibration,sector_dropout,30,degrees,42,0,112922,112922,0,2,1,global_count,0.4,0.06561358361,False
kitti_mini,000016,KITTI,test,original,0,none,42,0,113070,113070,0,0,0.2336819807,global_count,0.4,0.06438894015,False
kitti_mini,000016,KITTI,test,random_dropout,0.1,fraction_removed,42,0,101696,101696,0,0,0.3033231828,global_count,0.4,0.1585044455,False
kitti_mini,000016,KITTI,test,random_dropout,0.3,fraction_removed,42,0,79085,79085,0,0,0.4566397458,global_count,0.4,0.3456018337,False
kitti_mini,000016,KITTI,test,random_dropout,0.5,fraction_removed,42,0,56269,56269,0,0,0.6126042632,global_count,0.4,0.5343955185,True
kitti_mini,000016,KITTI,test,sector_dropout,10,degrees,42,0,110084,110084,0,0,0.5395395395,global_count,0.4,0.08909694956,False
kitti_mini,000016,KITTI,test,sector_dropout,20,degrees,42,0,107282,107282,0,2,1,global_count,0.4,0.1122824293,False
kitti_mini,000016,KITTI,test,sector_dropout,30,degrees,42,0,104177,104177,0,2,1,global_count,0.4,0.1379751182,False
kitti_mini,000019,KITTI,calibration,original,0,none,42,0,115697,115697,0,0,0.3797752809,global_count,0.4,0.0426515186,False
kitti_mini,000019,KITTI,calibration,random_dropout,0.1,fraction_removed,42,0,104075,104075,0,0,0.4443820225,global_count,0.4,0.1388191293,False
kitti_mini,000019,KITTI,calibration,random_dropout,0.3,fraction_removed,42,0,80920,80920,0,0,0.5710674157,global_count,0.4,0.3304179096,False
kitti_mini,000019,KITTI,calibration,random_dropout,0.5,fraction_removed,42,0,57574,57574,0,0,0.6907303371,global_count,0.4,0.5235971419,True
kitti_mini,000019,KITTI,calibration,sector_dropout,10,degrees,42,0,112937,112937,0,0,0.4654654655,global_count,0.4,0.06548946434,False
kitti_mini,000019,KITTI,calibration,sector_dropout,20,degrees,42,0,109699,109699,0,2,1,global_count,0.4,0.0922826775,False
kitti_mini,000019,KITTI,calibration,sector_dropout,30,degrees,42,0,106352,106352,0,2,1,global_count,0.4,0.119977824,False
kitti_mini,000021,KITTI,test,original,0,none,42,0,125260,125260,0,0,0.1097626272,global_count,0.4,0,False
kitti_mini,000021,KITTI,test,random_dropout,0.1,fraction_removed,42,0,112663,112663,0,0,0.1904336962,global_count,0.4,0.06775670968,False
kitti_mini,000021,KITTI,test,random_dropout,0.3,fraction_removed,42,0,87589,87589,0,0,0.3771194003,global_count,0.4,0.275234482,False
kitti_mini,000021,KITTI,test,random_dropout,0.5,fraction_removed,42,0,62348,62348,0,0,0.5545243619,global_count,0.4,0.4840941155,True
kitti_mini,000021,KITTI,test,sector_dropout,10,degrees,42,0,122350,122350,0,0,0.4925870398,global_count,0.4,0,False
kitti_mini,000021,KITTI,test,sector_dropout,20,degrees,42,0,119279,119279,0,2,1,global_count,0.4,0.01301183684,False
kitti_mini,000021,KITTI,test,sector_dropout,30,degrees,42,0,115901,115901,0,2,1,global_count,0.4,0.04096349652,False
kitti_mini,000023,KITTI,calibration,original,0,none,42,0,120412,120412,0,0,0.2112836047,global_count,0.4,0.003636694621,False
kitti_mini,000023,KITTI,calibration,random_dropout,0.1,fraction_removed,42,0,108295,108295,0,0,0.2828474063,global_count,0.4,0.1039002412,False
kitti_mini,000023,KITTI,calibration,random_dropout,0.3,fraction_removed,42,0,84216,84216,0,0,0.4335478985,global_count,0.4,0.3031447686,False
kitti_mini,000023,KITTI,calibration,random_dropout,0.5,fraction_removed,42,0,59941,59941,0,0,0.5940931465,global_count,0.4,0.5040111211,True
kitti_mini,000023,KITTI,calibration,sector_dropout,10,degrees,42,0,117532,117532,0,0,0.5375375375,global_count,0.4,0.02746759453,False
kitti_mini,000023,KITTI,calibration,sector_dropout,20,degrees,42,0,114647,114647,0,2,1,global_count,0.4,0.05133986752,False
kitti_mini,000023,KITTI,calibration,sector_dropout,30,degrees,42,0,111761,111761,0,2,1,global_count,0.4,0.07522041514,False
kitti_mini,000025,KITTI,test,original,0,none,42,0,115780,115780,0,0,0.4989532449,global_count,0.4,0.0419647253,False
kitti_mini,000025,KITTI,test,random_dropout,0.1,fraction_removed,42,0,104147,104147,0,0,0.5528262387,global_count,0.4,0.1382233568,False
kitti_mini,000025,KITTI,test,random_dropout,0.3,fraction_removed,42,0,80980,80980,0,0,0.6519190509,global_count,0.4,0.3299214325,False
kitti_mini,000025,KITTI,test,random_dropout,0.5,fraction_removed,42,0,57618,57618,0,0,0.747662247,global_count,0.4,0.5232330588,True
kitti_mini,000025,KITTI,test,sector_dropout,10,degrees,42,0,112768,112768,0,0,0.5059137098,global_count,0.4,0.06688787479,False
kitti_mini,000025,KITTI,test,sector_dropout,20,degrees,42,0,109681,109681,0,2,1,global_count,0.4,0.09243162063,False
kitti_mini,000025,KITTI,test,sector_dropout,30,degrees,42,0,106354,106354,0,2,1,global_count,0.4,0.1199612748,False
kitti_mini,000031,KITTI,calibration,original,0,none,42,0,121291,121291,0,0,0.2161747142,global_count,0.4,0,False
kitti_mini,000031,KITTI,calibration,random_dropout,0.1,fraction_removed,42,0,109094,109094,0,0,0.2987544788,global_count,0.4,0.0972888214,False
kitti_mini,000031,KITTI,calibration,random_dropout,0.3,fraction_removed,42,0,84836,84836,0,0,0.4741511687,global_count,0.4,0.2980145054,False
kitti_mini,000031,KITTI,calibration,random_dropout,0.5,fraction_removed,42,0,60380,60380,0,0,0.6215662856,global_count,0.4,0.5003785638,True
kitti_mini,000031,KITTI,calibration,sector_dropout,10,degrees,42,0,118436,118436,0,0,0.4644644645,global_count,0.4,0.01998733983,False
kitti_mini,000031,KITTI,calibration,sector_dropout,20,degrees,42,0,115189,115189,0,2,1,global_count,0.4,0.04685502455,False
kitti_mini,000031,KITTI,calibration,sector_dropout,30,degrees,42,0,111968,111968,0,2,1,global_count,0.4,0.07350756921,False
kitti_mini,000032,KITTI,test,original,0,none,42,0,118661,118661,0,0,0.3036516854,global_count,0.4,0.01812555078,False
kitti_mini,000032,KITTI,test,random_dropout,0.1,fraction_removed,42,0,106737,106737,0,0,0.3735955056,global_count,0.4,0.1167920961,False
kitti_mini,000032,KITTI,test,random_dropout,0.3,fraction_removed,42,0,82996,82996,0,0,0.5095505618,global_count,0.4,0.3132398026,False
kitti_mini,000032,KITTI,test,random_dropout,0.5,fraction_removed,42,0,59084,59084,0,0,0.6460674157,global_count,0.4,0.5111024687,True
kitti_mini,000032,KITTI,test,sector_dropout,10,degrees,42,0,115376,115376,0,0,0.4869232051,global_count,0.4,0.04530767098,False
kitti_mini,000032,KITTI,test,sector_dropout,20,degrees,42,0,112167,112167,0,2,1,global_count,0.4,0.07186092022,False
kitti_mini,000032,KITTI,test,sector_dropout,30,degrees,42,0,108942,108942,0,2,1,global_count,0.4,0.09854656334,False
kitti_mini,000043,KITTI,calibration,original,0,none,42,0,122591,122591,0,0,0.1185770751,global_count,0.4,0,False
kitti_mini,000043,KITTI,calibration,random_dropout,0.1,fraction_removed,42,0,110261,110261,0,0,0.2026350461,global_count,0.4,0.08763234217,False
kitti_mini,000043,KITTI,calibration,random_dropout,0.3,fraction_removed,42,0,85733,85733,0,0,0.377602108,global_count,0.4,0.290592173,False
kitti_mini,000043,KITTI,calibration,random_dropout,0.5,fraction_removed,42,0,61030,61030,0,0,0.5571405414,global_count,0.4,0.4950000621,True
kitti_mini,000043,KITTI,calibration,sector_dropout,10,degrees,42,0,119700,119700,0,0,0.4659336998,global_count,0.4,0.009528222653,False
kitti_mini,000043,KITTI,calibration,sector_dropout,20,degrees,42,0,116484,116484,0,2,1,global_count,0.4,0.03613939422,False
kitti_mini,000043,KITTI,calibration,sector_dropout,30,degrees,42,0,113109,113109,0,2,1,global_count,0.4,0.06406623004,False
kitti_mini,000048,KITTI,test,original,0,none,42,0,122675,122675,0,0,0.1252311757,global_count,0.4,0,False
kitti_mini,000048,KITTI,test,random_dropout,0.1,fraction_removed,42,0,110341,110341,0,0,0.2113606341,global_count,0.4,0.08697037273,False
kitti_mini,000048,KITTI,test,random_dropout,0.3,fraction_removed,42,0,85799,85799,0,0,0.3965653897,global_count,0.4,0.2900460482,False
kitti_mini,000048,KITTI,test,random_dropout,0.5,fraction_removed,42,0,61084,61084,0,0,0.5717305152,global_count,0.4,0.4945532327,True
kitti_mini,000048,KITTI,test,sector_dropout,10,degrees,42,0,119639,119639,0,0,0.4619356988,global_count,0.4,0.01003297435,False
kitti_mini,000048,KITTI,test,sector_dropout,20,degrees,42,0,116394,116394,0,2,1,global_count,0.4,0.03688410984,False
kitti_mini,000048,KITTI,test,sector_dropout,30,degrees,42,0,113015,113015,0,2,1,global_count,0.4,0.06484404414,False
kitti_mini,000049,KITTI,calibration,original,0,none,42,0,113691,113691,0,0,0.2917112299,global_count,0.4,0.05925040235,False
kitti_mini,000049,KITTI,calibration,random_dropout,0.1,fraction_removed,42,0,102244,102244,0,0,0.3612299465,global_count,0.4,0.1539699549,False
kitti_mini,000049,KITTI,calibration,random_dropout,0.3,fraction_removed,42,0,79510,79510,0,0,0.5016042781,global_count,0.4,0.342085121,False
kitti_mini,000049,KITTI,calibration,random_dropout,0.5,fraction_removed,42,0,56570,56570,0,0,0.649197861,global_count,0.4,0.5319048584,True
kitti_mini,000049,KITTI,calibration,sector_dropout,10,degrees,42,0,110704,110704,0,0,0.4984984985,global_count,0.4,0.08396668639,False
kitti_mini,000049,KITTI,calibration,sector_dropout,20,degrees,42,0,107599,107599,0,2,1,global_count,0.4,0.1096593753,False
kitti_mini,000049,KITTI,calibration,sector_dropout,30,degrees,42,0,104368,104368,0,2,1,global_count,0.4,0.1363946662,False
kitti_mini,000061,KITTI,test,original,0,none,42,0,125247,125247,0,0,0.1957119296,global_count,0.4,0,False
kitti_mini,000061,KITTI,test,random_dropout,0.1,fraction_removed,42,0,112650,112650,0,0,0.2699285322,global_count,0.4,0.06786427972,False
kitti_mini,000061,KITTI,test,random_dropout,0.3,fraction_removed,42,0,87580,87580,0,0,0.4395272128,global_count,0.4,0.2753089536,False
kitti_mini,000061,KITTI,test,random_dropout,0.5,fraction_removed,42,0,62340,62340,0,0,0.6083012644,global_count,0.4,0.4841603124,True
kitti_mini,000061,KITTI,test,sector_dropout,10,degrees,42,0,121843,121843,0,0,0.4327660994,global_count,0.4,0,False
kitti_mini,000061,KITTI,test,sector_dropout,20,degrees,42,0,118439,118439,0,2,1,global_count,0.4,0.01996251598,False
kitti_mini,000061,KITTI,test,sector_dropout,30,degrees,42,0,114969,114969,0,2,1,global_count,0.4,0.04867544052,False
nuscenes_mini_subset,scene-0103_000,scene-0103,calibration,original,0,none,42,90,34752,34752,0,0,0.7826802766,global_count,0.4,0,False
nuscenes_mini_subset,scene-0103_000,scene-0103,calibration,random_dropout,0.1,fraction_removed,42,90,31318,31318,0,0,0.8037537043,global_count,0.4,0.09798387097,False
nuscenes_mini_subset,scene-0103_000,scene-0103,calibration,random_dropout,0.3,fraction_removed,42,90,24280,24280,0,0,0.8508396444,global_count,0.4,0.3006912442,False
nuscenes_mini_subset,scene-0103_000,scene-0103,calibration,random_dropout,0.5,fraction_removed,42,90,17300,17300,0,0,0.8946328614,global_count,0.4,0.5017281106,True
nuscenes_mini_subset,scene-0103_000,scene-0103,calibration,sector_dropout,10,degrees,42,90,34173,34173,0,0,0.7826802766,global_count,0.4,0.01575460829,False
nuscenes_mini_subset,scene-0103_000,scene-0103,calibration,sector_dropout,20,degrees,42,90,33489,33489,0,2,1,global_count,0.4,0.03545506912,False
nuscenes_mini_subset,scene-0103_000,scene-0103,calibration,sector_dropout,30,degrees,42,90,32758,32758,0,2,1,global_count,0.4,0.05650921659,False
nuscenes_mini_subset,scene-0103_001,scene-0103,test,original,0,none,42,90,34688,34688,0,0,0.6483993489,global_count,0.4,0.0009216589862,False
nuscenes_mini_subset,scene-0103_001,scene-0103,test,random_dropout,0.1,fraction_removed,42,90,31260,31260,0,0,0.6858383071,global_count,0.4,0.09965437788,False
nuscenes_mini_subset,scene-0103_001,scene-0103,test,random_dropout,0.3,fraction_removed,42,90,24237,24237,0,0,0.757460662,global_count,0.4,0.3019297235,False
nuscenes_mini_subset,scene-0103_001,scene-0103,test,random_dropout,0.5,fraction_removed,42,90,17270,17270,0,0,0.8279978296,global_count,0.4,0.5025921659,True
nuscenes_mini_subset,scene-0103_001,scene-0103,test,sector_dropout,10,degrees,42,90,34086,34086,0,0,0.6483993489,global_count,0.4,0.01826036866,False
nuscenes_mini_subset,scene-0103_001,scene-0103,test,sector_dropout,20,degrees,42,90,33401,33401,0,2,1,global_count,0.4,0.03798963134,False
nuscenes_mini_subset,scene-0103_001,scene-0103,test,sector_dropout,30,degrees,42,90,32666,32666,0,2,1,global_count,0.4,0.05915898618,False
nuscenes_mini_subset,scene-0103_002,scene-0103,calibration,original,0,none,42,90,34752,34752,0,0,0.6652197504,global_count,0.4,0,False
nuscenes_mini_subset,scene-0103_002,scene-0103,calibration,random_dropout,0.1,fraction_removed,42,90,31318,31318,0,0,0.7015735214,global_count,0.4,0.09798387097,False
nuscenes_mini_subset,scene-0103_002,scene-0103,calibration,random_dropout,0.3,fraction_removed,42,90,24280,24280,0,0,0.7688551275,global_count,0.4,0.3006912442,False
nuscenes_mini_subset,scene-0103_002,scene-0103,calibration,random_dropout,0.5,fraction_removed,42,90,17300,17300,0,0,0.8350515464,global_count,0.4,0.5017281106,True
nuscenes_mini_subset,scene-0103_002,scene-0103,calibration,sector_dropout,10,degrees,42,90,34178,34178,0,0,0.6652197504,global_count,0.4,0.01561059908,False
nuscenes_mini_subset,scene-0103_002,scene-0103,calibration,sector_dropout,20,degrees,42,90,33497,33497,0,2,1,global_count,0.4,0.03522465438,False
nuscenes_mini_subset,scene-0103_002,scene-0103,calibration,sector_dropout,30,degrees,42,90,32766,32766,0,2,1,global_count,0.4,0.05627880184,False
nuscenes_mini_subset,scene-0103_003,scene-0103,test,original,0,none,42,90,34720,34720,0,0,0.6950623983,global_count,0.4,0,False
nuscenes_mini_subset,scene-0103_003,scene-0103,test,random_dropout,0.1,fraction_removed,42,90,31288,31288,0,0,0.7254476397,global_count,0.4,0.09884792627,False
nuscenes_mini_subset,scene-0103_003,scene-0103,test,random_dropout,0.3,fraction_removed,42,90,24255,24255,0,0,0.788388497,global_count,0.4,0.3014112903,False
nuscenes_mini_subset,scene-0103_003,scene-0103,test,random_dropout,0.5,fraction_removed,42,90,17283,17283,0,0,0.8475311991,global_count,0.4,0.5022177419,True
nuscenes_mini_subset,scene-0103_003,scene-0103,test,sector_dropout,10,degrees,42,90,34137,34137,0,0,0.6950623983,global_count,0.4,0.01679147465,False
nuscenes_mini_subset,scene-0103_003,scene-0103,test,sector_dropout,20,degrees,42,90,33465,33465,0,2,1,global_count,0.4,0.03614631336,False
nuscenes_mini_subset,scene-0103_003,scene-0103,test,sector_dropout,30,degrees,42,90,32743,32743,0,2,1,global_count,0.4,0.05694124424,False
nuscenes_mini_subset,scene-0103_004,scene-0103,calibration,original,0,none,42,90,34784,34784,0,0,0.7059142702,global_count,0.4,0,False
nuscenes_mini_subset,scene-0103_004,scene-0103,calibration,random_dropout,0.1,fraction_removed,42,90,31345,31345,0,0,0.7357569181,global_count,0.4,0.0972062212,False
nuscenes_mini_subset,scene-0103_004,scene-0103,calibration,random_dropout,0.3,fraction_removed,42,90,24300,24300,0,0,0.796527401,global_count,0.4,0.3001152074,False
nuscenes_mini_subset,scene-0103_004,scene-0103,calibration,random_dropout,0.5,fraction_removed,42,90,17313,17313,0,0,0.8551275095,global_count,0.4,0.5013536866,True
nuscenes_mini_subset,scene-0103_004,scene-0103,calibration,sector_dropout,10,degrees,42,90,34196,34196,0,0,0.7059142702,global_count,0.4,0.0150921659,False
nuscenes_mini_subset,scene-0103_004,scene-0103,calibration,sector_dropout,20,degrees,42,90,33528,33528,0,2,1,global_count,0.4,0.03433179724,False
nuscenes_mini_subset,scene-0103_004,scene-0103,calibration,sector_dropout,30,degrees,42,90,32825,32825,0,2,1,global_count,0.4,0.05457949309,False
nuscenes_mini_subset,scene-0103_005,scene-0103,test,original,0,none,42,90,34720,34720,0,0,0.3824200913,global_count,0.4,0,False
nuscenes_mini_subset,scene-0103_005,scene-0103,test,random_dropout,0.1,fraction_removed,42,90,31288,31288,0,0,0.4566210046,global_count,0.4,0.09884792627,False
nuscenes_mini_subset,scene-0103_005,scene-0103,test,random_dropout,0.3,fraction_removed,42,90,24255,24255,0,0,0.5799086758,global_count,0.4,0.3014112903,False
nuscenes_mini_subset,scene-0103_005,scene-0103,test,random_dropout,0.5,fraction_removed,42,90,17283,17283,0,0,0.7160775371,global_count,0.4,0.5022177419,True
nuscenes_mini_subset,scene-0103_005,scene-0103,test,sector_dropout,10,degrees,42,90,34105,34105,0,0,0.4887218045,global_count,0.4,0.01771313364,False
nuscenes_mini_subset,scene-0103_005,scene-0103,test,sector_dropout,20,degrees,42,90,33424,33424,0,2,1,global_count,0.4,0.03732718894,False
nuscenes_mini_subset,scene-0103_005,scene-0103,test,sector_dropout,30,degrees,42,90,32673,32673,0,2,1,global_count,0.4,0.05895737327,False
nuscenes_mini_subset,scene-0103_006,scene-0103,calibration,original,0,none,42,90,34688,34688,0,0,0.6939772111,global_count,0.4,0.0009216589862,False
nuscenes_mini_subset,scene-0103_006,scene-0103,calibration,random_dropout,0.1,fraction_removed,42,90,31260,31260,0,0,0.7259902333,global_count,0.4,0.09965437788,False
nuscenes_mini_subset,scene-0103_006,scene-0103,calibration,random_dropout,0.3,fraction_removed,42,90,24237,24237,0,0,0.7873033098,global_count,0.4,0.3019297235,False
nuscenes_mini_subset,scene-0103_006,scene-0103,calibration,random_dropout,0.5,fraction_removed,42,90,17270,17270,0,0,0.8491589799,global_count,0.4,0.5025921659,True
nuscenes_mini_subset,scene-0103_006,scene-0103,calibration,sector_dropout,10,degrees,42,90,34101,34101,0,0,0.6939772111,global_count,0.4,0.01782834101,False
nuscenes_mini_subset,scene-0103_006,scene-0103,calibration,sector_dropout,20,degrees,42,90,33454,33454,0,2,1,global_count,0.4,0.03646313364,False
nuscenes_mini_subset,scene-0103_006,scene-0103,calibration,sector_dropout,30,degrees,42,90,32710,32710,0,2,1,global_count,0.4,0.05789170507,False
nuscenes_mini_subset,scene-0103_007,scene-0103,test,original,0,none,42,90,34688,34688,0,0,0.6543678785,global_count,0.4,0.0009216589862,False
nuscenes_mini_subset,scene-0103_007,scene-0103,test,random_dropout,0.1,fraction_removed,42,90,31260,31260,0,0,0.6907216495,global_count,0.4,0.09965437788,False
nuscenes_mini_subset,scene-0103_007,scene-0103,test,random_dropout,0.3,fraction_removed,42,90,24237,24237,0,0,0.7612588171,global_count,0.4,0.3019297235,False
nuscenes_mini_subset,scene-0103_007,scene-0103,test,random_dropout,0.5,fraction_removed,42,90,17270,17270,0,0,0.8334237656,global_count,0.4,0.5025921659,True
nuscenes_mini_subset,scene-0103_007,scene-0103,test,sector_dropout,10,degrees,42,90,34100,34100,0,0,0.6543678785,global_count,0.4,0.01785714286,False
nuscenes_mini_subset,scene-0103_007,scene-0103,test,sector_dropout,20,degrees,42,90,33463,33463,0,2,1,global_count,0.4,0.03620391705,False
nuscenes_mini_subset,scene-0103_007,scene-0103,test,sector_dropout,30,degrees,42,90,32730,32730,0,2,1,global_count,0.4,0.0573156682,False
nuscenes_mini_subset,scene-0103_008,scene-0103,calibration,original,0,none,42,90,34720,34720,0,0,0.7701679289,global_count,0.4,0,False
nuscenes_mini_subset,scene-0103_008,scene-0103,calibration,random_dropout,0.1,fraction_removed,42,90,31288,31288,0,0,0.7925584458,global_count,0.4,0.09884792627,False
nuscenes_mini_subset,scene-0103_008,scene-0103,calibration,random_dropout,0.3,fraction_removed,42,90,24255,24255,0,0,0.8393151136,global_count,0.4,0.3014112903,False
nuscenes_mini_subset,scene-0103_008,scene-0103,calibration,random_dropout,0.5,fraction_removed,42,90,17283,17283,0,0,0.8821205137,global_count,0.4,0.5022177419,True
nuscenes_mini_subset,scene-0103_008,scene-0103,calibration,sector_dropout,10,degrees,42,90,34166,34166,0,0,0.7701679289,global_count,0.4,0.0159562212,False
nuscenes_mini_subset,scene-0103_008,scene-0103,calibration,sector_dropout,20,degrees,42,90,33549,33549,0,2,1,global_count,0.4,0.03372695853,False
nuscenes_mini_subset,scene-0103_008,scene-0103,calibration,sector_dropout,30,degrees,42,90,32831,32831,0,2,1,global_count,0.4,0.05440668203,False
nuscenes_mini_subset,scene-0103_009,scene-0103,test,original,0,none,42,90,34720,34720,0,0,0.7942048074,global_count,0.4,0,False
nuscenes_mini_subset,scene-0103_009,scene-0103,test,random_dropout,0.1,fraction_removed,42,90,31288,31288,0,0,0.8139611459,global_count,0.4,0.09884792627,False
nuscenes_mini_subset,scene-0103_009,scene-0103,test,random_dropout,0.3,fraction_removed,42,90,24255,24255,0,0,0.8561080013,global_count,0.4,0.3014112903,False
nuscenes_mini_subset,scene-0103_009,scene-0103,test,random_dropout,0.5,fraction_removed,42,90,17283,17283,0,0,0.895291406,global_count,0.4,0.5022177419,True
nuscenes_mini_subset,scene-0103_009,scene-0103,test,sector_dropout,10,degrees,42,90,34174,34174,0,0,0.7942048074,global_count,0.4,0.01572580645,False
nuscenes_mini_subset,scene-0103_009,scene-0103,test,sector_dropout,20,degrees,42,90,33561,33561,0,2,1,global_count,0.4,0.03338133641,False
nuscenes_mini_subset,scene-0103_009,scene-0103,test,sector_dropout,30,degrees,42,90,32808,32808,0,2,1,global_count,0.4,0.05506912442,False
nuscenes_mini_subset,scene-0103_010,scene-0103,calibration,original,0,none,42,90,34720,34720,0,0,0.6728160608,global_count,0.4,0,False
nuscenes_mini_subset,scene-0103_010,scene-0103,calibration,random_dropout,0.1,fraction_removed,42,90,31288,31288,0,0,0.7080846446,global_count,0.4,0.09884792627,False
nuscenes_mini_subset,scene-0103_010,scene-0103,calibration,random_dropout,0.3,fraction_removed,42,90,24255,24255,0,0,0.7759088443,global_count,0.4,0.3014112903,False
nuscenes_mini_subset,scene-0103_010,scene-0103,calibration,random_dropout,0.5,fraction_removed,42,90,17283,17283,0,0,0.8426478568,global_count,0.4,0.5022177419,True
nuscenes_mini_subset,scene-0103_010,scene-0103,calibration,sector_dropout,10,degrees,42,90,34162,34162,0,0,0.6728160608,global_count,0.4,0.01607142857,False
nuscenes_mini_subset,scene-0103_010,scene-0103,calibration,sector_dropout,20,degrees,42,90,33505,33505,0,2,1,global_count,0.4,0.03499423963,False
nuscenes_mini_subset,scene-0103_010,scene-0103,calibration,sector_dropout,30,degrees,42,90,32755,32755,0,2,1,global_count,0.4,0.05659562212,False
nuscenes_mini_subset,scene-0103_011,scene-0103,test,original,0,none,42,90,34688,34688,0,0,0.6842105263,global_count,0.4,0.0009216589862,False
nuscenes_mini_subset,scene-0103_011,scene-0103,test,random_dropout,0.1,fraction_removed,42,90,31260,31260,0,0,0.7178513294,global_count,0.4,0.09965437788,False
nuscenes_mini_subset,scene-0103_011,scene-0103,test,random_dropout,0.3,fraction_removed,42,90,24237,24237,0,0,0.7851329354,global_count,0.4,0.3019297235,False
nuscenes_mini_subset,scene-0103_011,scene-0103,test,random_dropout,0.5,fraction_removed,42,90,17270,17270,0,0,0.8491589799,global_count,0.4,0.5025921659,True
nuscenes_mini_subset,scene-0103_011,scene-0103,test,sector_dropout,10,degrees,42,90,34078,34078,0,0,0.6842105263,global_count,0.4,0.01849078341,False
nuscenes_mini_subset,scene-0103_011,scene-0103,test,sector_dropout,20,degrees,42,90,33408,33408,0,2,1,global_count,0.4,0.03778801843,False
nuscenes_mini_subset,scene-0103_011,scene-0103,test,sector_dropout,30,degrees,42,90,32649,32649,0,2,1,global_count,0.4,0.05964861751,False
nuscenes_mini_subset,scene-0103_012,scene-0103,calibration,original,0,none,42,90,34688,34688,0,0,0.6782419967,global_count,0.4,0.0009216589862,False
nuscenes_mini_subset,scene-0103_012,scene-0103,calibration,random_dropout,0.1,fraction_removed,42,90,31260,31260,0,0,0.7107976126,global_count,0.4,0.09965437788,False
nuscenes_mini_subset,scene-0103_012,scene-0103,calibration,random_dropout,0.3,fraction_removed,42,90,24237,24237,0,0,0.7780792187,global_count,0.4,0.3019297235,False
nuscenes_mini_subset,scene-0103_012,scene-0103,calibration,random_dropout,0.5,fraction_removed,42,90,17270,17270,0,0,0.843733044,global_count,0.4,0.5025921659,True
nuscenes_mini_subset,scene-0103_012,scene-0103,calibration,sector_dropout,10,degrees,42,90,34076,34076,0,0,0.6782419967,global_count,0.4,0.0185483871,False
nuscenes_mini_subset,scene-0103_012,scene-0103,calibration,sector_dropout,20,degrees,42,90,33380,33380,0,2,1,global_count,0.4,0.03859447005,False
nuscenes_mini_subset,scene-0103_012,scene-0103,calibration,sector_dropout,30,degrees,42,90,32605,32605,0,2,1,global_count,0.4,0.06091589862,False
nuscenes_mini_subset,scene-0103_013,scene-0103,test,original,0,none,42,90,34688,34688,0,0,0.2136181575,global_count,0.4,0.0009216589862,False
nuscenes_mini_subset,scene-0103_013,scene-0103,test,random_dropout,0.1,fraction_removed,42,90,31260,31260,0,0,0.2950600801,global_count,0.4,0.09965437788,False
nuscenes_mini_subset,scene-0103_013,scene-0103,test,random_dropout,0.3,fraction_removed,42,90,24237,24237,0,0,0.4632843792,global_count,0.4,0.3019297235,False
nuscenes_mini_subset,scene-0103_013,scene-0103,test,random_dropout,0.5,fraction_removed,42,90,17270,17270,0,0,0.6141522029,global_count,0.4,0.5025921659,True
nuscenes_mini_subset,scene-0103_013,scene-0103,test,sector_dropout,10,degrees,42,90,34061,34061,0,0,0.4736842105,global_count,0.4,0.01898041475,False
nuscenes_mini_subset,scene-0103_013,scene-0103,test,sector_dropout,20,degrees,42,90,33357,33357,0,2,1,global_count,0.4,0.03925691244,False
nuscenes_mini_subset,scene-0103_013,scene-0103,test,sector_dropout,30,degrees,42,90,32548,32548,0,2,1,global_count,0.4,0.06255760369,False
nuscenes_mini_subset,scene-0103_014,scene-0103,calibration,original,0,none,42,90,34720,34720,0,0,0.6196418882,global_count,0.4,0,False
nuscenes_mini_subset,scene-0103_014,scene-0103,calibration,random_dropout,0.1,fraction_removed,42,90,31288,31288,0,0,0.660336408,global_count,0.4,0.09884792627,False
nuscenes_mini_subset,scene-0103_014,scene-0103,calibration,random_dropout,0.3,fraction_removed,42,90,24255,24255,0,0,0.7379272925,global_count,0.4,0.3014112903,False
nuscenes_mini_subset,scene-0103_014,scene-0103,calibration,random_dropout,0.5,fraction_removed,42,90,17283,17283,0,0,0.8166033641,global_count,0.4,0.5022177419,True
nuscenes_mini_subset,scene-0103_014,scene-0103,calibration,sector_dropout,10,degrees,42,90,34073,34073,0,0,0.6196418882,global_count,0.4,0.01863479263,False
nuscenes_mini_subset,scene-0103_014,scene-0103,calibration,sector_dropout,20,degrees,42,90,33351,33351,0,2,1,global_count,0.4,0.0394297235,False
nuscenes_mini_subset,scene-0103_014,scene-0103,calibration,sector_dropout,30,degrees,42,90,32523,32523,0,2,1,global_count,0.4,0.06327764977,False
nuscenes_mini_subset,scene-0103_015,scene-0103,test,original,0,none,42,90,34688,34688,0,0,0.4119196576,global_count,0.4,0.0009216589862,False
nuscenes_mini_subset,scene-0103_015,scene-0103,test,random_dropout,0.1,fraction_removed,42,90,31260,31260,0,0,0.471188673,global_count,0.4,0.09965437788,False
nuscenes_mini_subset,scene-0103_015,scene-0103,test,random_dropout,0.3,fraction_removed,42,90,24237,24237,0,0,0.5946657886,global_count,0.4,0.3019297235,False
nuscenes_mini_subset,scene-0103_015,scene-0103,test,random_dropout,0.5,fraction_removed,42,90,17270,17270,0,0,0.7089232796,global_count,0.4,0.5025921659,True
nuscenes_mini_subset,scene-0103_015,scene-0103,test,sector_dropout,10,degrees,42,90,34032,34032,0,0,0.4736842105,global_count,0.4,0.0198156682,False
nuscenes_mini_subset,scene-0103_015,scene-0103,test,sector_dropout,20,degrees,42,90,33326,33326,0,2,1,global_count,0.4,0.04014976959,False
nuscenes_mini_subset,scene-0103_015,scene-0103,test,sector_dropout,30,degrees,42,90,32508,32508,0,2,1,global_count,0.4,0.06370967742,False
nuscenes_mini_subset,scene-0103_016,scene-0103,calibration,original,0,none,42,90,34720,34720,0,0,0.6652197504,global_count,0.4,0,False
nuscenes_mini_subset,scene-0103_016,scene-0103,calibration,random_dropout,0.1,fraction_removed,42,90,31288,31288,0,0,0.699403147,global_count,0.4,0.09884792627,False
nuscenes_mini_subset,scene-0103_016,scene-0103,calibration,random_dropout,0.3,fraction_removed,42,90,24255,24255,0,0,0.7677699403,global_count,0.4,0.3014112903,False
nuscenes_mini_subset,scene-0103_016,scene-0103,calibration,random_dropout,0.5,fraction_removed,42,90,17283,17283,0,0,0.8372219208,global_count,0.4,0.5022177419,True
nuscenes_mini_subset,scene-0103_016,scene-0103,calibration,sector_dropout,10,degrees,42,90,34055,34055,0,0,0.6652197504,global_count,0.4,0.01915322581,False
nuscenes_mini_subset,scene-0103_016,scene-0103,calibration,sector_dropout,20,degrees,42,90,33363,33363,0,2,1,global_count,0.4,0.03908410138,False
nuscenes_mini_subset,scene-0103_016,scene-0103,calibration,sector_dropout,30,degrees,42,90,32545,32545,0,2,1,global_count,0.4,0.06264400922,False
nuscenes_mini_subset,scene-0103_017,scene-0103,test,original,0,none,42,90,34720,34720,0,0,0.6391752577,global_count,0.4,0,False
nuscenes_mini_subset,scene-0103_017,scene-0103,test,random_dropout,0.1,fraction_removed,42,90,31288,31288,0,0,0.6771568095,global_count,0.4,0.09884792627,False
nuscenes_mini_subset,scene-0103_017,scene-0103,test,random_dropout,0.3,fraction_removed,42,90,24255,24255,0,0,0.7514921324,global_count,0.4,0.3014112903,False
nuscenes_mini_subset,scene-0103_017,scene-0103,test,random_dropout,0.5,fraction_removed,42,90,17283,17283,0,0,0.8214867065,global_count,0.4,0.5022177419,True
nuscenes_mini_subset,scene-0103_017,scene-0103,test,sector_dropout,10,degrees,42,90,34063,34063,0,0,0.6391752577,global_count,0.4,0.01892281106,False
nuscenes_mini_subset,scene-0103_017,scene-0103,test,sector_dropout,20,degrees,42,90,33366,33366,0,2,1,global_count,0.4,0.03899769585,False
nuscenes_mini_subset,scene-0103_017,scene-0103,test,sector_dropout,30,degrees,42,90,32561,32561,0,2,1,global_count,0.4,0.06218317972,False
nuscenes_mini_subset,scene-0103_018,scene-0103,calibration,original,0,none,42,90,34784,34784,0,0,0.5492262101,global_count,0.4,0,False
nuscenes_mini_subset,scene-0103_018,scene-0103,calibration,random_dropout,0.1,fraction_removed,42,90,31345,31345,0,0,0.5956536055,global_count,0.4,0.0972062212,False
nuscenes_mini_subset,scene-0103_018,scene-0103,calibration,random_dropout,0.3,fraction_removed,42,90,24300,24300,0,0,0.6957523872,global_count,0.4,0.3001152074,False
nuscenes_mini_subset,scene-0103_018,scene-0103,calibration,random_dropout,0.5,fraction_removed,42,90,17313,17313,0,0,0.7816924597,global_count,0.4,0.5013536866,True
nuscenes_mini_subset,scene-0103_018,scene-0103,calibration,sector_dropout,10,degrees,42,90,34149,34149,0,0,0.5492262101,global_count,0.4,0.01644585253,False
nuscenes_mini_subset,scene-0103_018,scene-0103,calibration,sector_dropout,20,degrees,42,90,33454,33454,0,2,1,global_count,0.4,0.03646313364,False
nuscenes_mini_subset,scene-0103_018,scene-0103,calibration,sector_dropout,30,degrees,42,90,32635,32635,0,2,1,global_count,0.4,0.06005184332,False
nuscenes_mini_subset,scene-0103_019,scene-0103,test,original,0,none,42,90,34784,34784,0,0,0.6077048291,global_count,0.4,0,False
nuscenes_mini_subset,scene-0103_019,scene-0103,test,random_dropout,0.1,fraction_removed,42,90,31345,31345,0,0,0.6483993489,global_count,0.4,0.0972062212,False
nuscenes_mini_subset,scene-0103_019,scene-0103,test,random_dropout,0.3,fraction_removed,42,90,24300,24300,0,0,0.7303309821,global_count,0.4,0.3001152074,False
nuscenes_mini_subset,scene-0103_019,scene-0103,test,random_dropout,0.5,fraction_removed,42,90,17313,17313,0,0,0.8122626153,global_count,0.4,0.5013536866,True
nuscenes_mini_subset,scene-0103_019,scene-0103,test,sector_dropout,10,degrees,42,90,34123,34123,0,0,0.6077048291,global_count,0.4,0.01719470046,False
nuscenes_mini_subset,scene-0103_019,scene-0103,test,sector_dropout,20,degrees,42,90,33427,33427,0,2,1,global_count,0.4,0.03724078341,False
nuscenes_mini_subset,scene-0103_019,scene-0103,test,sector_dropout,30,degrees,42,90,32594,32594,0,2,1,global_count,0.4,0.06123271889,False
nuscenes_mini_subset,scene-0103_020,scene-0103,calibration,original,0,none,42,90,34752,34752,0,0,0.4498100922,global_count,0.4,0,False
nuscenes_mini_subset,scene-0103_020,scene-0103,calibration,random_dropout,0.1,fraction_removed,42,90,31318,31318,0,0,0.5024416712,global_count,0.4,0.09798387097,False
nuscenes_mini_subset,scene-0103_020,scene-0103,calibration,random_dropout,0.3,fraction_removed,42,90,24280,24280,0,0,0.6169289202,global_count,0.4,0.3006912442,False
nuscenes_mini_subset,scene-0103_020,scene-0103,calibration,random_dropout,0.5,fraction_removed,42,90,17300,17300,0,0,0.7308735757,global_count,0.4,0.5017281106,True
nuscenes_mini_subset,scene-0103_020,scene-0103,calibration,sector_dropout,10,degrees,42,90,34095,34095,0,0,0.4751879699,global_count,0.4,0.01800115207,False
nuscenes_mini_subset,scene-0103_020,scene-0103,calibration,sector_dropout,20,degrees,42,90,33395,33395,0,2,1,global_count,0.4,0.0381624424,False
nuscenes_mini_subset,scene-0103_020,scene-0103,calibration,sector_dropout,30,degrees,42,90,32563,32563,0,2,1,global_count,0.4,0.06212557604,False
nuscenes_mini_subset,scene-0103_021,scene-0103,test,original,0,none,42,90,34752,34752,0,0,0.6733586544,global_count,0.4,0,False
nuscenes_mini_subset,scene-0103_021,scene-0103,test,random_dropout,0.1,fraction_removed,42,90,31318,31318,0,0,0.7091698318,global_count,0.4,0.09798387097,False
nuscenes_mini_subset,scene-0103_021,scene-0103,test,random_dropout,0.3,fraction_removed,42,90,24280,24280,0,0,0.7764514379,global_count,0.4,0.3006912442,False
nuscenes_mini_subset,scene-0103_021,scene-0103,test,random_dropout,0.5,fraction_removed,42,90,17300,17300,0,0,0.8415626696,global_count,0.4,0.5017281106,True
nuscenes_mini_subset,scene-0103_021,scene-0103,test,sector_dropout,10,degrees,42,90,34105,34105,0,0,0.6733586544,global_count,0.4,0.01771313364,False
nuscenes_mini_subset,scene-0103_021,scene-0103,test,sector_dropout,20,degrees,42,90,33414,33414,0,2,1,global_count,0.4,0.03761520737,False
nuscenes_mini_subset,scene-0103_021,scene-0103,test,sector_dropout,30,degrees,42,90,32584,32584,0,2,1,global_count,0.4,0.06152073733,False
nuscenes_mini_subset,scene-0103_022,scene-0103,calibration,original,0,none,42,90,34752,34752,0,0,0.6435160065,global_count,0.4,0,False
nuscenes_mini_subset,scene-0103_022,scene-0103,calibration,random_dropout,0.1,fraction_removed,42,90,31318,31318,0,0,0.6809549647,global_count,0.4,0.09798387097,False
nuscenes_mini_subset,scene-0103_022,scene-0103,calibration,random_dropout,0.3,fraction_removed,42,90,24280,24280,0,0,0.7525773196,global_count,0.4,0.3006912442,False
nuscenes_mini_subset,scene-0103_022,scene-0103,calibration,random_dropout,0.5,fraction_removed,42,90,17300,17300,0,0,0.8220293001,global_count,0.4,0.5017281106,True
nuscenes_mini_subset,scene-0103_022,scene-0103,calibration,sector_dropout,10,degrees,42,90,34111,34111,0,0,0.6435160065,global_count,0.4,0.01754032258,False
nuscenes_mini_subset,scene-0103_022,scene-0103,calibration,sector_dropout,20,degrees,42,90,33441,33441,0,2,1,global_count,0.4,0.0368375576,False
nuscenes_mini_subset,scene-0103_022,scene-0103,calibration,sector_dropout,30,degrees,42,90,32621,32621,0,2,1,global_count,0.4,0.06045506912,False
nuscenes_mini_subset,scene-0103_023,scene-0103,test,original,0,none,42,90,34720,34720,0,0,0.6272637471,global_count,0.4,0,False
nuscenes_mini_subset,scene-0103_023,scene-0103,test,random_dropout,0.1,fraction_removed,42,90,31288,31288,0,0,0.6631544287,global_count,0.4,0.09884792627,False
nuscenes_mini_subset,scene-0103_023,scene-0103,test,random_dropout,0.3,fraction_removed,42,90,24255,24255,0,0,0.7349357919,global_count,0.4,0.3014112903,False
nuscenes_mini_subset,scene-0103_023,scene-0103,test,random_dropout,0.5,fraction_removed,42,90,17283,17283,0,0,0.8123147843,global_count,0.4,0.5022177419,True
nuscenes_mini_subset,scene-0103_023,scene-0103,test,sector_dropout,10,degrees,42,90,34089,34089,0,0,0.6272637471,global_count,0.4,0.01817396313,False
nuscenes_mini_subset,scene-0103_023,scene-0103,test,sector_dropout,20,degrees,42,90,33403,33403,0,2,1,global_count,0.4,0.03793202765,False
nuscenes_mini_subset,scene-0103_023,scene-0103,test,sector_dropout,30,degrees,42,90,32595,32595,0,2,1,global_count,0.4,0.06120391705,False
nuscenes_mini_subset,scene-0103_024,scene-0103,calibration,original,0,none,42,90,34688,34688,0,0,0.576776994,global_count,0.4,0.0009216589862,False
nuscenes_mini_subset,scene-0103_024,scene-0103,calibration,random_dropout,0.1,fraction_removed,42,90,31260,31260,0,0,0.6180141074,global_count,0.4,0.09965437788,False
nuscenes_mini_subset,scene-0103_024,scene-0103,calibration,random_dropout,0.3,fraction_removed,42,90,24237,24237,0,0,0.7069994574,global_count,0.4,0.3019297235,False
nuscenes_mini_subset,scene-0103_024,scene-0103,calibration,random_dropout,0.5,fraction_removed,42,90,17270,17270,0,0,0.796527401,global_count,0.4,0.5025921659,True
nuscenes_mini_subset,scene-0103_024,scene-0103,calibration,sector_dropout,10,degrees,42,90,34055,34055,0,0,0.576776994,global_count,0.4,0.01915322581,False
nuscenes_mini_subset,scene-0103_024,scene-0103,calibration,sector_dropout,20,degrees,42,90,33385,33385,0,2,1,global_count,0.4,0.03845046083,False
nuscenes_mini_subset,scene-0103_024,scene-0103,calibration,sector_dropout,30,degrees,42,90,32584,32584,0,2,1,global_count,0.4,0.06152073733,False
nuscenes_mini_subset,scene-0103_025,scene-0103,test,original,0,none,42,90,34688,34688,0,0,0.7902535397,global_count,0.4,0.0009216589862,False
nuscenes_mini_subset,scene-0103_025,scene-0103,test,random_dropout,0.1,fraction_removed,42,90,31260,31260,0,0,0.8106684228,global_count,0.4,0.09965437788,False
nuscenes_mini_subset,scene-0103_025,scene-0103,test,random_dropout,0.3,fraction_removed,42,90,24237,24237,0,0,0.8505103721,global_count,0.4,0.3019297235,False
nuscenes_mini_subset,scene-0103_025,scene-0103,test,random_dropout,0.5,fraction_removed,42,90,17270,17270,0,0,0.8913401383,global_count,0.4,0.5025921659,True
nuscenes_mini_subset,scene-0103_025,scene-0103,test,sector_dropout,10,degrees,42,90,34068,34068,0,0,0.7902535397,global_count,0.4,0.01877880184,False
nuscenes_mini_subset,scene-0103_025,scene-0103,test,sector_dropout,20,degrees,42,90,33409,33409,0,2,1,global_count,0.4,0.03775921659,False
nuscenes_mini_subset,scene-0103_025,scene-0103,test,sector_dropout,30,degrees,42,90,32630,32630,0,2,1,global_count,0.4,0.06019585253,False
nuscenes_mini_subset,scene-0103_026,scene-0103,calibration,original,0,none,42,90,34688,34688,0,0,0.773460652,global_count,0.4,0.0009216589862,False
nuscenes_mini_subset,scene-0103_026,scene-0103,calibration,random_dropout,0.1,fraction_removed,42,90,31260,31260,0,0,0.7945340797,global_count,0.4,0.09965437788,False
nuscenes_mini_subset,scene-0103_026,scene-0103,calibration,random_dropout,0.3,fraction_removed,42,90,24237,24237,0,0,0.8406322028,global_count,0.4,0.3019297235,False
nuscenes_mini_subset,scene-0103_026,scene-0103,calibration,random_dropout,0.5,fraction_removed,42,90,17270,17270,0,0,0.8877181429,global_count,0.4,0.5025921659,True
nuscenes_mini_subset,scene-0103_026,scene-0103,calibration,sector_dropout,10,degrees,42,90,34086,34086,0,0,0.773460652,global_count,0.4,0.01826036866,False
nuscenes_mini_subset,scene-0103_026,scene-0103,calibration,sector_dropout,20,degrees,42,90,33423,33423,0,2,1,global_count,0.4,0.03735599078,False
nuscenes_mini_subset,scene-0103_026,scene-0103,calibration,sector_dropout,30,degrees,42,90,32672,32672,0,2,1,global_count,0.4,0.05898617512,False
nuscenes_mini_subset,scene-0103_027,scene-0103,test,original,0,none,42,90,34752,34752,0,0,0.6521975041,global_count,0.4,0,False
nuscenes_mini_subset,scene-0103_027,scene-0103,test,random_dropout,0.1,fraction_removed,42,90,31318,31318,0,0,0.6874660879,global_count,0.4,0.09798387097,False
nuscenes_mini_subset,scene-0103_027,scene-0103,test,random_dropout,0.3,fraction_removed,42,90,24280,24280,0,0,0.7569180684,global_count,0.4,0.3006912442,False
nuscenes_mini_subset,scene-0103_027,scene-0103,test,random_dropout,0.5,fraction_removed,42,90,17300,17300,0,0,0.8263700488,global_count,0.4,0.5017281106,True
nuscenes_mini_subset,scene-0103_027,scene-0103,test,sector_dropout,10,degrees,42,90,34167,34167,0,0,0.6521975041,global_count,0.4,0.01592741935,False
nuscenes_mini_subset,scene-0103_027,scene-0103,test,sector_dropout,20,degrees,42,90,33521,33521,0,2,1,global_count,0.4,0.03453341014,False
nuscenes_mini_subset,scene-0103_027,scene-0103,test,sector_dropout,30,degrees,42,90,32768,32768,0,2,1,global_count,0.4,0.05622119816,False
nuscenes_mini_subset,scene-0103_028,scene-0103,calibration,original,0,none,42,90,34720,34720,0,0,0.7843266381,global_count,0.4,0,False
nuscenes_mini_subset,scene-0103_028,scene-0103,calibration,random_dropout,0.1,fraction_removed,42,90,31288,31288,0,0,0.8050707935,global_count,0.4,0.09884792627,False
nuscenes_mini_subset,scene-0103_028,scene-0103,calibration,random_dropout,0.3,fraction_removed,42,90,24255,24255,0,0,0.8482054659,global_count,0.4,0.3014112903,False
nuscenes_mini_subset,scene-0103_028,scene-0103,calibration,random_dropout,0.5,fraction_removed,42,90,17283,17283,0,0,0.8890352321,global_count,0.4,0.5022177419,True
nuscenes_mini_subset,scene-0103_028,scene-0103,calibration,sector_dropout,10,degrees,42,90,34151,34151,0,0,0.7843266381,global_count,0.4,0.01638824885,False
nuscenes_mini_subset,scene-0103_028,scene-0103,calibration,sector_dropout,20,degrees,42,90,33510,33510,0,2,1,global_count,0.4,0.03485023041,False
nuscenes_mini_subset,scene-0103_028,scene-0103,calibration,sector_dropout,30,degrees,42,90,32755,32755,0,2,1,global_count,0.4,0.05659562212,False
nuscenes_mini_subset,scene-0103_029,scene-0103,test,original,0,none,42,90,34720,34720,0,0,0.4134563212,global_count,0.4,0,False
nuscenes_mini_subset,scene-0103_029,scene-0103,test,random_dropout,0.1,fraction_removed,42,90,31288,31288,0,0,0.4742268041,global_count,0.4,0.09884792627,False
nuscenes_mini_subset,scene-0103_029,scene-0103,test,random_dropout,0.3,fraction_removed,42,90,24255,24255,0,0,0.5957677699,global_count,0.4,0.3014112903,False
nuscenes_mini_subset,scene-0103_029,scene-0103,test,random_dropout,0.5,fraction_removed,42,90,17283,17283,0,0,0.7145957678,global_count,0.4,0.5022177419,True
nuscenes_mini_subset,scene-0103_029,scene-0103,test,sector_dropout,10,degrees,42,90,34160,34160,0,0,0.5428571429,global_count,0.4,0.01612903226,False
nuscenes_mini_subset,scene-0103_029,scene-0103,test,sector_dropout,20,degrees,42,90,33514,33514,0,2,1,global_count,0.4,0.03473502304,False
nuscenes_mini_subset,scene-0103_029,scene-0103,test,sector_dropout,30,degrees,42,90,32798,32798,0,2,1,global_count,0.4,0.05535714286,False
nuscenes_mini_subset,scene-0103_030,scene-0103,calibration,original,0,none,42,90,34688,34688,0,0,0.8106684228,global_count,0.4,0.0009216589862,False
nuscenes_mini_subset,scene-0103_030,scene-0103,calibration,random_dropout,0.1,fraction_removed,42,90,31260,31260,0,0,0.8297662167,global_count,0.4,0.09965437788,False
nuscenes_mini_subset,scene-0103_030,scene-0103,calibration,random_dropout,0.3,fraction_removed,42,90,24237,24237,0,0,0.8663154429,global_count,0.4,0.3019297235,False
nuscenes_mini_subset,scene-0103_030,scene-0103,calibration,random_dropout,0.5,fraction_removed,42,90,17270,17270,0,0,0.9031939414,global_count,0.4,0.5025921659,True
nuscenes_mini_subset,scene-0103_030,scene-0103,calibration,sector_dropout,10,degrees,42,90,34127,34127,0,0,0.8106684228,global_count,0.4,0.01707949309,False
nuscenes_mini_subset,scene-0103_030,scene-0103,calibration,sector_dropout,20,degrees,42,90,33482,33482,0,2,1,global_count,0.4,0.03565668203,False
nuscenes_mini_subset,scene-0103_030,scene-0103,calibration,sector_dropout,30,degrees,42,90,32731,32731,0,2,1,global_count,0.4,0.05728686636,False
nuscenes_mini_subset,scene-0103_031,scene-0103,test,original,0,none,42,90,34688,34688,0,0,0.8103391505,global_count,0.4,0.0009216589862,False
nuscenes_mini_subset,scene-0103_031,scene-0103,test,random_dropout,0.1,fraction_removed,42,90,31260,31260,0,0,0.8287783997,global_count,0.4,0.09965437788,False
nuscenes_mini_subset,scene-0103_031,scene-0103,test,random_dropout,0.3,fraction_removed,42,90,24237,24237,0,0,0.8653276259,global_count,0.4,0.3019297235,False
nuscenes_mini_subset,scene-0103_031,scene-0103,test,random_dropout,0.5,fraction_removed,42,90,17270,17270,0,0,0.9028646691,global_count,0.4,0.5025921659,True
nuscenes_mini_subset,scene-0103_031,scene-0103,test,sector_dropout,10,degrees,42,90,34138,34138,0,0,0.8103391505,global_count,0.4,0.01676267281,False
nuscenes_mini_subset,scene-0103_031,scene-0103,test,sector_dropout,20,degrees,42,90,33506,33506,0,2,1,global_count,0.4,0.03496543779,False
nuscenes_mini_subset,scene-0103_031,scene-0103,test,sector_dropout,30,degrees,42,90,32761,32761,0,2,1,global_count,0.4,0.05642281106,False
nuscenes_mini_subset,scene-0103_032,scene-0103,calibration,original,0,none,42,90,34752,34752,0,0,0.8109976951,global_count,0.4,0,False
nuscenes_mini_subset,scene-0103_032,scene-0103,calibration,random_dropout,0.1,fraction_removed,42,90,31318,31318,0,0,0.8297662167,global_count,0.4,0.09798387097,False
nuscenes_mini_subset,scene-0103_032,scene-0103,calibration,random_dropout,0.3,fraction_removed,42,90,24280,24280,0,0,0.8676325321,global_count,0.4,0.3006912442,False
nuscenes_mini_subset,scene-0103_032,scene-0103,calibration,random_dropout,0.5,fraction_removed,42,90,17300,17300,0,0,0.9048403029,global_count,0.4,0.5017281106,True
nuscenes_mini_subset,scene-0103_032,scene-0103,calibration,sector_dropout,10,degrees,42,90,34206,34206,0,0,0.8109976951,global_count,0.4,0.01480414747,False
nuscenes_mini_subset,scene-0103_032,scene-0103,calibration,sector_dropout,20,degrees,42,90,33570,33570,0,2,1,global_count,0.4,0.03312211982,False
nuscenes_mini_subset,scene-0103_032,scene-0103,calibration,sector_dropout,30,degrees,42,90,32828,32828,0,2,1,global_count,0.4,0.05449308756,False
nuscenes_mini_subset,scene-0103_033,scene-0103,test,original,0,none,42,90,34784,34784,0,0,0.8152782351,global_count,0.4,0,False
nuscenes_mini_subset,scene-0103_033,scene-0103,test,random_dropout,0.1,fraction_removed,42,90,31345,31345,0,0,0.8353638459,global_count,0.4,0.0972062212,False
nuscenes_mini_subset,scene-0103_033,scene-0103,test,random_dropout,0.3,fraction_removed,42,90,24300,24300,0,0,0.8742179783,global_count,0.4,0.3001152074,False
nuscenes_mini_subset,scene-0103_033,scene-0103,test,random_dropout,0.5,fraction_removed,42,90,17313,17313,0,0,0.9107672045,global_count,0.4,0.5013536866,True
nuscenes_mini_subset,scene-0103_033,scene-0103,test,sector_dropout,10,degrees,42,90,34224,34224,0,0,0.8152782351,global_count,0.4,0.01428571429,False
nuscenes_mini_subset,scene-0103_033,scene-0103,test,sector_dropout,20,degrees,42,90,33602,33602,0,2,1,global_count,0.4,0.03220046083,False
nuscenes_mini_subset,scene-0103_033,scene-0103,test,sector_dropout,30,degrees,42,90,32854,32854,0,2,1,global_count,0.4,0.05374423963,False
nuscenes_mini_subset,scene-0103_034,scene-0103,calibration,original,0,none,42,90,34688,34688,0,0,0.2034902865,global_count,0.4,0.0009216589862,False
nuscenes_mini_subset,scene-0103_034,scene-0103,calibration,random_dropout,0.1,fraction_removed,42,90,31260,31260,0,0,0.2835034574,global_count,0.4,0.09965437788,False
nuscenes_mini_subset,scene-0103_034,scene-0103,calibration,random_dropout,0.3,fraction_removed,42,90,24237,24237,0,0,0.4445176161,global_count,0.4,0.3019297235,False
nuscenes_mini_subset,scene-0103_034,scene-0103,calibration,random_dropout,0.5,fraction_removed,42,90,17270,17270,0,0,0.6195488722,global_count,0.4,0.5025921659,True
nuscenes_mini_subset,scene-0103_034,scene-0103,calibration,sector_dropout,10,degrees,42,90,34149,34149,0,0,0.5714285714,global_count,0.4,0.01644585253,False
nuscenes_mini_subset,scene-0103_034,scene-0103,calibration,sector_dropout,20,degrees,42,90,33512,33512,0,2,1,global_count,0.4,0.03479262673,False
nuscenes_mini_subset,scene-0103_034,scene-0103,calibration,sector_dropout,30,degrees,42,90,32762,32762,0,2,1,global_count,0.4,0.05639400922,False
nuscenes_mini_subset,scene-0103_035,scene-0103,test,original,0,none,42,90,34720,34720,0,0,0.8189002305,global_count,0.4,0,False
nuscenes_mini_subset,scene-0103_035,scene-0103,test,random_dropout,0.1,fraction_removed,42,90,31288,31288,0,0,0.8363516628,global_count,0.4,0.09884792627,False
nuscenes_mini_subset,scene-0103_035,scene-0103,test,random_dropout,0.3,fraction_removed,42,90,24255,24255,0,0,0.8709252552,global_count,0.4,0.3014112903,False
nuscenes_mini_subset,scene-0103_035,scene-0103,test,random_dropout,0.5,fraction_removed,42,90,17283,17283,0,0,0.9061573922,global_count,0.4,0.5022177419,True
nuscenes_mini_subset,scene-0103_035,scene-0103,test,sector_dropout,10,degrees,42,90,34161,34161,0,0,0.8189002305,global_count,0.4,0.01610023041,False
nuscenes_mini_subset,scene-0103_035,scene-0103,test,sector_dropout,20,degrees,42,90,33562,33562,0,2,1,global_count,0.4,0.03335253456,False
nuscenes_mini_subset,scene-0103_035,scene-0103,test,sector_dropout,30,degrees,42,90,32824,32824,0,2,1,global_count,0.4,0.05460829493,False
nuscenes_mini_subset,scene-0103_036,scene-0103,calibration,original,0,none,42,90,34752,34752,0,0,0.8096806059,global_count,0.4,0,False
nuscenes_mini_subset,scene-0103_036,scene-0103,calibration,random_dropout,0.1,fraction_removed,42,90,31318,31318,0,0,0.8297662167,global_count,0.4,0.09798387097,False
nuscenes_mini_subset,scene-0103_036,scene-0103,calibration,random_dropout,0.3,fraction_removed,42,90,24280,24280,0,0,0.869608166,global_count,0.4,0.3006912442,False
nuscenes_mini_subset,scene-0103_036,scene-0103,calibration,random_dropout,0.5,fraction_removed,42,90,17300,17300,0,0,0.9061573922,global_count,0.4,0.5017281106,True
nuscenes_mini_subset,scene-0103_036,scene-0103,calibration,sector_dropout,10,degrees,42,90,34202,34202,0,0,0.8096806059,global_count,0.4,0.01491935484,False
nuscenes_mini_subset,scene-0103_036,scene-0103,calibration,sector_dropout,20,degrees,42,90,33570,33570,0,2,1,global_count,0.4,0.03312211982,False
nuscenes_mini_subset,scene-0103_036,scene-0103,calibration,sector_dropout,30,degrees,42,90,32829,32829,0,2,1,global_count,0.4,0.05446428571,False
nuscenes_mini_subset,scene-0103_037,scene-0103,test,original,0,none,42,90,34720,34720,0,0,0.811985512,global_count,0.4,0,False
nuscenes_mini_subset,scene-0103_037,scene-0103,test,random_dropout,0.1,fraction_removed,42,90,31288,31288,0,0,0.8310833059,global_count,0.4,0.09884792627,False
nuscenes_mini_subset,scene-0103_037,scene-0103,test,random_dropout,0.3,fraction_removed,42,90,24255,24255,0,0,0.8679618044,global_count,0.4,0.3014112903,False
nuscenes_mini_subset,scene-0103_037,scene-0103,test,random_dropout,0.5,fraction_removed,42,90,17283,17283,0,0,0.9045110306,global_count,0.4,0.5022177419,True
nuscenes_mini_subset,scene-0103_037,scene-0103,test,sector_dropout,10,degrees,42,90,34170,34170,0,0,0.811985512,global_count,0.4,0.01584101382,False
nuscenes_mini_subset,scene-0103_037,scene-0103,test,sector_dropout,20,degrees,42,90,33573,33573,0,2,1,global_count,0.4,0.03303571429,False
nuscenes_mini_subset,scene-0103_037,scene-0103,test,sector_dropout,30,degrees,42,90,32829,32829,0,2,1,global_count,0.4,0.05446428571,False
nuscenes_mini_subset,scene-0103_038,scene-0103,calibration,original,0,none,42,90,34752,34752,0,0,0.6424308193,global_count,0.4,0,False
nuscenes_mini_subset,scene-0103_038,scene-0103,calibration,random_dropout,0.1,fraction_removed,42,90,31318,31318,0,0,0.6825827455,global_count,0.4,0.09798387097,False
nuscenes_mini_subset,scene-0103_038,scene-0103,calibration,random_dropout,0.3,fraction_removed,42,90,24280,24280,0,0,0.7542051004,global_count,0.4,0.3006912442,False
nuscenes_mini_subset,scene-0103_038,scene-0103,calibration,random_dropout,0.5,fraction_removed,42,90,17300,17300,0,0,0.8285404232,global_count,0.4,0.5017281106,True
nuscenes_mini_subset,scene-0103_038,scene-0103,calibration,sector_dropout,10,degrees,42,90,34195,34195,0,0,0.6424308193,global_count,0.4,0.01512096774,False
nuscenes_mini_subset,scene-0103_038,scene-0103,calibration,sector_dropout,20,degrees,42,90,33560,33560,0,2,1,global_count,0.4,0.03341013825,False
nuscenes_mini_subset,scene-0103_038,scene-0103,calibration,sector_dropout,30,degrees,42,90,32820,32820,0,2,1,global_count,0.4,0.0547235023,False
nuscenes_mini_subset,scene-0103_039,scene-0103,test,original,0,none,42,90,34720,34720,0,0,0.8179124136,global_count,0.4,0,False
nuscenes_mini_subset,scene-0103_039,scene-0103,test,random_dropout,0.1,fraction_removed,42,90,31288,31288,0,0,0.8366809351,global_count,0.4,0.09884792627,False
nuscenes_mini_subset,scene-0103_039,scene-0103,test,random_dropout,0.3,fraction_removed,42,90,24255,24255,0,0,0.8722423444,global_count,0.4,0.3014112903,False
nuscenes_mini_subset,scene-0103_039,scene-0103,test,random_dropout,0.5,fraction_removed,42,90,17283,17283,0,0,0.908133026,global_count,0.4,0.5022177419,True
nuscenes_mini_subset,scene-0103_039,scene-0103,test,sector_dropout,10,degrees,42,90,34189,34189,0,0,0.8179124136,global_count,0.4,0.0152937788,False
nuscenes_mini_subset,scene-0103_039,scene-0103,test,sector_dropout,20,degrees,42,90,33586,33586,0,2,1,global_count,0.4,0.03266129032,False
nuscenes_mini_subset,scene-0103_039,scene-0103,test,sector_dropout,30,degrees,42,90,32845,32845,0,2,1,global_count,0.4,0.05400345622,False
nuscenes_mini_subset,scene-1094_000,scene-1094,calibration,original,0,none,42,90,34400,34400,0,0,0.5802997859,global_count,0.4,0.009216589862,False
nuscenes_mini_subset,scene-1094_000,scene-1094,calibration,random_dropout,0.1,fraction_removed,42,90,31003,31003,0,0,0.6209850107,global_count,0.4,0.1070564516,False
nuscenes_mini_subset,scene-1094_000,scene-1094,calibration,random_dropout,0.3,fraction_removed,42,90,24033,24033,0,0,0.7194860814,global_count,0.4,0.3078052995,False
nuscenes_mini_subset,scene-1094_000,scene-1094,calibration,random_dropout,0.5,fraction_removed,42,90,17119,17119,0,0,0.8094218415,global_count,0.4,0.5069412442,True
nuscenes_mini_subset,scene-1094_000,scene-1094,calibration,sector_dropout,10,degrees,42,90,33517,33517,0,0,0.5802997859,global_count,0.4,0.03464861751,False
nuscenes_mini_subset,scene-1094_000,scene-1094,calibration,sector_dropout,20,degrees,42,90,32616,32616,0,2,1,global_count,0.4,0.06059907834,False
nuscenes_mini_subset,scene-1094_000,scene-1094,calibration,sector_dropout,30,degrees,42,90,31737,31737,0,2,1,global_count,0.4,0.08591589862,False
nuscenes_mini_subset,scene-1094_001,scene-1094,test,original,0,none,42,90,34688,34688,0,0,0.5728051392,global_count,0.4,0.0009216589862,False
nuscenes_mini_subset,scene-1094_001,scene-1094,test,random_dropout,0.1,fraction_removed,42,90,31260,31260,0,0,0.6102783726,global_count,0.4,0.09965437788,False
nuscenes_mini_subset,scene-1094_001,scene-1094,test,random_dropout,0.3,fraction_removed,42,90,24237,24237,0,0,0.7012847966,global_count,0.4,0.3019297235,False
nuscenes_mini_subset,scene-1094_001,scene-1094,test,random_dropout,0.5,fraction_removed,42,90,17270,17270,0,0,0.7890792291,global_count,0.4,0.5025921659,True
nuscenes_mini_subset,scene-1094_001,scene-1094,test,sector_dropout,10,degrees,42,90,33800,33800,0,0,0.5728051392,global_count,0.4,0.02649769585,False
nuscenes_mini_subset,scene-1094_001,scene-1094,test,sector_dropout,20,degrees,42,90,32888,32888,0,2,1,global_count,0.4,0.05276497696,False
nuscenes_mini_subset,scene-1094_001,scene-1094,test,sector_dropout,30,degrees,42,90,32011,32011,0,2,1,global_count,0.4,0.07802419355,False
nuscenes_mini_subset,scene-1094_002,scene-1094,calibration,original,0,none,42,90,34720,34720,0,0,0.579489962,global_count,0.4,0,False
nuscenes_mini_subset,scene-1094_002,scene-1094,calibration,random_dropout,0.1,fraction_removed,42,90,31288,31288,0,0,0.6223548562,global_count,0.4,0.09884792627,False
nuscenes_mini_subset,scene-1094_002,scene-1094,calibration,random_dropout,0.3,fraction_removed,42,90,24255,24255,0,0,0.710255019,global_count,0.4,0.3014112903,False
nuscenes_mini_subset,scene-1094_002,scene-1094,calibration,random_dropout,0.5,fraction_removed,42,90,17283,17283,0,0,0.7894736842,global_count,0.4,0.5022177419,True
nuscenes_mini_subset,scene-1094_002,scene-1094,calibration,sector_dropout,10,degrees,42,90,33827,33827,0,0,0.579489962,global_count,0.4,0.02572004608,False
nuscenes_mini_subset,scene-1094_002,scene-1094,calibration,sector_dropout,20,degrees,42,90,32927,32927,0,2,1,global_count,0.4,0.05164170507,False
nuscenes_mini_subset,scene-1094_002,scene-1094,calibration,sector_dropout,30,degrees,42,90,32040,32040,0,2,1,global_count,0.4,0.07718894009,False
nuscenes_mini_subset,scene-1094_003,scene-1094,test,original,0,none,42,90,34688,34688,0,0,0.5979381443,global_count,0.4,0.0009216589862,False
nuscenes_mini_subset,scene-1094_003,scene-1094,test,random_dropout,0.1,fraction_removed,42,90,31260,31260,0,0,0.6424308193,global_count,0.4,0.09965437788,False
nuscenes_mini_subset,scene-1094_003,scene-1094,test,random_dropout,0.3,fraction_removed,42,90,24237,24237,0,0,0.7249050461,global_count,0.4,0.3019297235,False
nuscenes_mini_subset,scene-1094_003,scene-1094,test,random_dropout,0.5,fraction_removed,42,90,17270,17270,0,0,0.8041237113,global_count,0.4,0.5025921659,True
nuscenes_mini_subset,scene-1094_003,scene-1094,test,sector_dropout,10,degrees,42,90,33781,33781,0,0,0.5979381443,global_count,0.4,0.02704493088,False
nuscenes_mini_subset,scene-1094_003,scene-1094,test,sector_dropout,20,degrees,42,90,32881,32881,0,2,1,global_count,0.4,0.05296658986,False
nuscenes_mini_subset,scene-1094_003,scene-1094,test,sector_dropout,30,degrees,42,90,31999,31999,0,2,1,global_count,0.4,0.07836981567,False
nuscenes_mini_subset,scene-1094_004,scene-1094,calibration,original,0,none,42,90,34720,34720,0,0,0.6087900163,global_count,0.4,0,False
nuscenes_mini_subset,scene-1094_004,scene-1094,calibration,random_dropout,0.1,fraction_removed,42,90,31288,31288,0,0,0.6478567553,global_count,0.4,0.09884792627,False
nuscenes_mini_subset,scene-1094_004,scene-1094,calibration,random_dropout,0.3,fraction_removed,42,90,24255,24255,0,0,0.7308735757,global_count,0.4,0.3014112903,False
nuscenes_mini_subset,scene-1094_004,scene-1094,calibration,random_dropout,0.5,fraction_removed,42,90,17283,17283,0,0,0.8090070537,global_count,0.4,0.5022177419,True
nuscenes_mini_subset,scene-1094_004,scene-1094,calibration,sector_dropout,10,degrees,42,90,33834,33834,0,0,0.6087900163,global_count,0.4,0.02551843318,False
nuscenes_mini_subset,scene-1094_004,scene-1094,calibration,sector_dropout,20,degrees,42,90,32932,32932,0,2,1,global_count,0.4,0.05149769585,False
nuscenes_mini_subset,scene-1094_004,scene-1094,calibration,sector_dropout,30,degrees,42,90,32053,32053,0,2,1,global_count,0.4,0.07681451613,False
nuscenes_mini_subset,scene-1094_005,scene-1094,test,original,0,none,42,90,34752,34752,0,0,0.6277807922,global_count,0.4,0,False
nuscenes_mini_subset,scene-1094_005,scene-1094,test,random_dropout,0.1,fraction_removed,42,90,31318,31318,0,0,0.6668475312,global_count,0.4,0.09798387097,False
nuscenes_mini_subset,scene-1094_005,scene-1094,test,random_dropout,0.3,fraction_removed,42,90,24280,24280,0,0,0.7406402604,global_count,0.4,0.3006912442,False
nuscenes_mini_subset,scene-1094_005,scene-1094,test,random_dropout,0.5,fraction_removed,42,90,17300,17300,0,0,0.8133478025,global_count,0.4,0.5017281106,True
nuscenes_mini_subset,scene-1094_005,scene-1094,test,sector_dropout,10,degrees,42,90,33885,33885,0,0,0.6277807922,global_count,0.4,0.02404953917,False
nuscenes_mini_subset,scene-1094_005,scene-1094,test,sector_dropout,20,degrees,42,90,32989,32989,0,2,1,global_count,0.4,0.04985599078,False
nuscenes_mini_subset,scene-1094_005,scene-1094,test,sector_dropout,30,degrees,42,90,32119,32119,0,2,1,global_count,0.4,0.07491359447,False
nuscenes_mini_subset,scene-1094_006,scene-1094,calibration,original,0,none,42,90,34688,34688,0,0,0.6065195917,global_count,0.4,0.0009216589862,False
nuscenes_mini_subset,scene-1094_006,scene-1094,calibration,random_dropout,0.1,fraction_removed,42,90,31260,31260,0,0,0.6473493579,global_count,0.4,0.09965437788,False
nuscenes_mini_subset,scene-1094_006,scene-1094,calibration,random_dropout,0.3,fraction_removed,42,90,24237,24237,0,0,0.7299967073,global_count,0.4,0.3019297235,False
nuscenes_mini_subset,scene-1094_006,scene-1094,calibration,random_dropout,0.5,fraction_removed,42,90,17270,17270,0,0,0.8027658874,global_count,0.4,0.5025921659,True
nuscenes_mini_subset,scene-1094_006,scene-1094,calibration,sector_dropout,10,degrees,42,90,33800,33800,0,0,0.6065195917,global_count,0.4,0.02649769585,False
nuscenes_mini_subset,scene-1094_006,scene-1094,calibration,sector_dropout,20,degrees,42,90,32901,32901,0,2,1,global_count,0.4,0.052390553,False
nuscenes_mini_subset,scene-1094_006,scene-1094,calibration,sector_dropout,30,degrees,42,90,32055,32055,0,2,1,global_count,0.4,0.07675691244,False
nuscenes_mini_subset,scene-1094_007,scene-1094,test,original,0,none,42,90,34720,34720,0,0,0.6549104721,global_count,0.4,0,False
nuscenes_mini_subset,scene-1094_007,scene-1094,test,random_dropout,0.1,fraction_removed,42,90,31288,31288,0,0,0.6912642431,global_count,0.4,0.09884792627,False
nuscenes_mini_subset,scene-1094_007,scene-1094,test,random_dropout,0.3,fraction_removed,42,90,24255,24255,0,0,0.7655995659,global_count,0.4,0.3014112903,False
nuscenes_mini_subset,scene-1094_007,scene-1094,test,random_dropout,0.5,fraction_removed,42,90,17283,17283,0,0,0.8339663592,global_count,0.4,0.5022177419,True
nuscenes_mini_subset,scene-1094_007,scene-1094,test,sector_dropout,10,degrees,42,90,33837,33837,0,0,0.6549104721,global_count,0.4,0.02543202765,False
nuscenes_mini_subset,scene-1094_007,scene-1094,test,sector_dropout,20,degrees,42,90,32944,32944,0,2,1,global_count,0.4,0.05115207373,False
nuscenes_mini_subset,scene-1094_007,scene-1094,test,sector_dropout,30,degrees,42,90,32071,32071,0,2,1,global_count,0.4,0.07629608295,False
nuscenes_mini_subset,scene-1094_008,scene-1094,calibration,original,0,none,42,90,34752,34752,0,0,0.634834509,global_count,0.4,0,False
nuscenes_mini_subset,scene-1094_008,scene-1094,calibration,random_dropout,0.1,fraction_removed,42,90,31318,31318,0,0,0.6755290288,global_count,0.4,0.09798387097,False
nuscenes_mini_subset,scene-1094_008,scene-1094,calibration,random_dropout,0.3,fraction_removed,42,90,24280,24280,0,0,0.7471513836,global_count,0.4,0.3006912442,False
nuscenes_mini_subset,scene-1094_008,scene-1094,calibration,random_dropout,0.5,fraction_removed,42,90,17300,17300,0,0,0.8209441129,global_count,0.4,0.5017281106,True
nuscenes_mini_subset,scene-1094_008,scene-1094,calibration,sector_dropout,10,degrees,42,90,33863,33863,0,0,0.634834509,global_count,0.4,0.02468317972,False
nuscenes_mini_subset,scene-1094_008,scene-1094,calibration,sector_dropout,20,degrees,42,90,32975,32975,0,2,1,global_count,0.4,0.05025921659,False
nuscenes_mini_subset,scene-1094_008,scene-1094,calibration,sector_dropout,30,degrees,42,90,32115,32115,0,2,1,global_count,0.4,0.07502880184,False
nuscenes_mini_subset,scene-1094_009,scene-1094,test,original,0,none,42,90,34720,34720,0,0,0.7593019427,global_count,0.4,0,False
nuscenes_mini_subset,scene-1094_009,scene-1094,test,random_dropout,0.1,fraction_removed,42,90,31288,31288,0,0,0.7826802766,global_count,0.4,0.09884792627,False
nuscenes_mini_subset,scene-1094_009,scene-1094,test,random_dropout,0.3,fraction_removed,42,90,24255,24255,0,0,0.8307540336,global_count,0.4,0.3014112903,False
nuscenes_mini_subset,scene-1094_009,scene-1094,test,random_dropout,0.5,fraction_removed,42,90,17283,17283,0,0,0.873888706,global_count,0.4,0.5022177419,True
nuscenes_mini_subset,scene-1094_009,scene-1094,test,sector_dropout,10,degrees,42,90,33837,33837,0,0,0.7593019427,global_count,0.4,0.02543202765,False
nuscenes_mini_subset,scene-1094_009,scene-1094,test,sector_dropout,20,degrees,42,90,32958,32958,0,2,1,global_count,0.4,0.05074884793,False
nuscenes_mini_subset,scene-1094_009,scene-1094,test,sector_dropout,30,degrees,42,90,32071,32071,0,2,1,global_count,0.4,0.07629608295,False
nuscenes_mini_subset,scene-1094_010,scene-1094,calibration,original,0,none,42,90,34688,34688,0,0,0.7780704643,global_count,0.4,0.0009216589862,False
nuscenes_mini_subset,scene-1094_010,scene-1094,calibration,random_dropout,0.1,fraction_removed,42,90,31260,31260,0,0,0.7981560751,global_count,0.4,0.09965437788,False
nuscenes_mini_subset,scene-1094_010,scene-1094,calibration,random_dropout,0.3,fraction_removed,42,90,24237,24237,0,0,0.8419492921,global_count,0.4,0.3019297235,False
nuscenes_mini_subset,scene-1094_010,scene-1094,calibration,random_dropout,0.5,fraction_removed,42,90,17270,17270,0,0,0.8847546921,global_count,0.4,0.5025921659,True
nuscenes_mini_subset,scene-1094_010,scene-1094,calibration,sector_dropout,10,degrees,42,90,33837,33837,0,0,0.7780704643,global_count,0.4,0.02543202765,False
nuscenes_mini_subset,scene-1094_010,scene-1094,calibration,sector_dropout,20,degrees,42,90,32942,32942,0,2,1,global_count,0.4,0.05120967742,False
nuscenes_mini_subset,scene-1094_010,scene-1094,calibration,sector_dropout,30,degrees,42,90,32064,32064,0,2,1,global_count,0.4,0.07649769585,False
nuscenes_mini_subset,scene-1094_011,scene-1094,test,original,0,none,42,90,34688,34688,0,0,0.8024366151,global_count,0.4,0.0009216589862,False
nuscenes_mini_subset,scene-1094_011,scene-1094,test,random_dropout,0.1,fraction_removed,42,90,31260,31260,0,0,0.8212051366,global_count,0.4,0.09965437788,False
nuscenes_mini_subset,scene-1094_011,scene-1094,test,random_dropout,0.3,fraction_removed,42,90,24237,24237,0,0,0.860059269,global_count,0.4,0.3019297235,False
nuscenes_mini_subset,scene-1094_011,scene-1094,test,random_dropout,0.5,fraction_removed,42,90,17270,17270,0,0,0.8992426737,global_count,0.4,0.5025921659,True
nuscenes_mini_subset,scene-1094_011,scene-1094,test,sector_dropout,10,degrees,42,90,33810,33810,0,0,0.8024366151,global_count,0.4,0.02620967742,False
nuscenes_mini_subset,scene-1094_011,scene-1094,test,sector_dropout,20,degrees,42,90,32933,32933,0,2,1,global_count,0.4,0.05146889401,False
nuscenes_mini_subset,scene-1094_011,scene-1094,test,sector_dropout,30,degrees,42,90,32075,32075,0,2,1,global_count,0.4,0.07618087558,False
nuscenes_mini_subset,scene-1094_012,scene-1094,calibration,original,0,none,42,90,34752,34752,0,0,0.7830095489,global_count,0.4,0,False
nuscenes_mini_subset,scene-1094_012,scene-1094,calibration,random_dropout,0.1,fraction_removed,42,90,31318,31318,0,0,0.8040829766,global_count,0.4,0.09798387097,False
nuscenes_mini_subset,scene-1094_012,scene-1094,calibration,random_dropout,0.3,fraction_removed,42,90,24280,24280,0,0,0.8495225552,global_count,0.4,0.3006912442,False
nuscenes_mini_subset,scene-1094_012,scene-1094,calibration,random_dropout,0.5,fraction_removed,42,90,17300,17300,0,0,0.8890352321,global_count,0.4,0.5017281106,True
nuscenes_mini_subset,scene-1094_012,scene-1094,calibration,sector_dropout,10,degrees,42,90,33898,33898,0,0,0.7830095489,global_count,0.4,0.02367511521,False
nuscenes_mini_subset,scene-1094_012,scene-1094,calibration,sector_dropout,20,degrees,42,90,33019,33019,0,2,1,global_count,0.4,0.04899193548,False
nuscenes_mini_subset,scene-1094_012,scene-1094,calibration,sector_dropout,30,degrees,42,90,32147,32147,0,2,1,global_count,0.4,0.07410714286,False
nuscenes_mini_subset,scene-1094_013,scene-1094,test,original,0,none,42,90,34752,34752,0,0,0.7451432335,global_count,0.4,0,False
nuscenes_mini_subset,scene-1094_013,scene-1094,test,random_dropout,0.1,fraction_removed,42,90,31318,31318,0,0,0.7685215673,global_count,0.4,0.09798387097,False
nuscenes_mini_subset,scene-1094_013,scene-1094,test,random_dropout,0.3,fraction_removed,42,90,24280,24280,0,0,0.8208758643,global_count,0.4,0.3006912442,False
nuscenes_mini_subset,scene-1094_013,scene-1094,test,random_dropout,0.5,fraction_removed,42,90,17300,17300,0,0,0.8699374383,global_count,0.4,0.5017281106,True
nuscenes_mini_subset,scene-1094_013,scene-1094,test,sector_dropout,10,degrees,42,90,33875,33875,0,0,0.7451432335,global_count,0.4,0.0243375576,False
nuscenes_mini_subset,scene-1094_013,scene-1094,test,sector_dropout,20,degrees,42,90,33042,33042,0,2,1,global_count,0.4,0.04832949309,False
nuscenes_mini_subset,scene-1094_013,scene-1094,test,sector_dropout,30,degrees,42,90,32252,32252,0,2,1,global_count,0.4,0.07108294931,False
nuscenes_mini_subset,scene-1094_014,scene-1094,calibration,original,0,none,42,90,34720,34720,0,0,0.7843266381,global_count,0.4,0,False
nuscenes_mini_subset,scene-1094_014,scene-1094,calibration,random_dropout,0.1,fraction_removed,42,90,31288,31288,0,0,0.8044122489,global_count,0.4,0.09884792627,False
nuscenes_mini_subset,scene-1094_014,scene-1094,calibration,random_dropout,0.3,fraction_removed,42,90,24255,24255,0,0,0.8505103721,global_count,0.4,0.3014112903,False
nuscenes_mini_subset,scene-1094_014,scene-1094,calibration,random_dropout,0.5,fraction_removed,42,90,17283,17283,0,0,0.8923279552,global_count,0.4,0.5022177419,True
nuscenes_mini_subset,scene-1094_014,scene-1094,calibration,sector_dropout,10,degrees,42,90,34007,34007,0,0,0.7843266381,global_count,0.4,0.02053571429,False
nuscenes_mini_subset,scene-1094_014,scene-1094,calibration,sector_dropout,20,degrees,42,90,33264,33264,0,2,1,global_count,0.4,0.04193548387,False
nuscenes_mini_subset,scene-1094_014,scene-1094,calibration,sector_dropout,30,degrees,42,90,32493,32493,0,2,1,global_count,0.4,0.06414170507,False
nuscenes_mini_subset,scene-1094_015,scene-1094,test,original,0,none,42,90,34752,34752,0,0,0.7823510043,global_count,0.4,0,False
nuscenes_mini_subset,scene-1094_015,scene-1094,test,random_dropout,0.1,fraction_removed,42,90,31318,31318,0,0,0.8027658874,global_count,0.4,0.09798387097,False
nuscenes_mini_subset,scene-1094_015,scene-1094,test,random_dropout,0.3,fraction_removed,42,90,24280,24280,0,0,0.8478761936,global_count,0.4,0.3006912442,False
nuscenes_mini_subset,scene-1094_015,scene-1094,test,random_dropout,0.5,fraction_removed,42,90,17300,17300,0,0,0.8906815937,global_count,0.4,0.5017281106,True
nuscenes_mini_subset,scene-1094_015,scene-1094,test,sector_dropout,10,degrees,42,90,34072,34072,0,0,0.7823510043,global_count,0.4,0.01866359447,False
nuscenes_mini_subset,scene-1094_015,scene-1094,test,sector_dropout,20,degrees,42,90,33368,33368,0,2,1,global_count,0.4,0.03894009217,False
nuscenes_mini_subset,scene-1094_015,scene-1094,test,sector_dropout,30,degrees,42,90,32709,32709,0,2,1,global_count,0.4,0.05792050691,False
nuscenes_mini_subset,scene-1094_016,scene-1094,calibration,original,0,none,42,90,34816,34816,0,0,0.7461310504,global_count,0.4,0,False
nuscenes_mini_subset,scene-1094_016,scene-1094,calibration,random_dropout,0.1,fraction_removed,42,90,31375,31375,0,0,0.7698386566,global_count,0.4,0.0963421659,False
nuscenes_mini_subset,scene-1094_016,scene-1094,calibration,random_dropout,0.3,fraction_removed,42,90,24320,24320,0,0,0.8261442213,global_count,0.4,0.2995391705,False
nuscenes_mini_subset,scene-1094_016,scene-1094,calibration,random_dropout,0.5,fraction_removed,42,90,17326,17326,0,0,0.8768521567,global_count,0.4,0.5009792627,True
nuscenes_mini_subset,scene-1094_016,scene-1094,calibration,sector_dropout,10,degrees,42,90,34137,34137,0,0,0.7461310504,global_count,0.4,0.01679147465,False
nuscenes_mini_subset,scene-1094_016,scene-1094,calibration,sector_dropout,20,degrees,42,90,33471,33471,0,2,1,global_count,0.4,0.0359735023,False
nuscenes_mini_subset,scene-1094_016,scene-1094,calibration,sector_dropout,30,degrees,42,90,32746,32746,0,2,1,global_count,0.4,0.05685483871,False
nuscenes_mini_subset,scene-1094_017,scene-1094,test,original,0,none,42,90,34752,34752,0,0,0.7411919658,global_count,0.4,0,False
nuscenes_mini_subset,scene-1094_017,scene-1094,test,random_dropout,0.1,fraction_removed,42,90,31318,31318,0,0,0.7652288443,global_count,0.4,0.09798387097,False
nuscenes_mini_subset,scene-1094_017,scene-1094,test,random_dropout,0.3,fraction_removed,42,90,24280,24280,0,0,0.8198880474,global_count,0.4,0.3006912442,False
nuscenes_mini_subset,scene-1094_017,scene-1094,test,random_dropout,0.5,fraction_removed,42,90,17300,17300,0,0,0.8709252552,global_count,0.4,0.5017281106,True
nuscenes_mini_subset,scene-1094_017,scene-1094,test,sector_dropout,10,degrees,42,90,34096,34096,0,0,0.7411919658,global_count,0.4,0.01797235023,False
nuscenes_mini_subset,scene-1094_017,scene-1094,test,sector_dropout,20,degrees,42,90,33353,33353,0,2,1,global_count,0.4,0.03937211982,False
nuscenes_mini_subset,scene-1094_017,scene-1094,test,sector_dropout,30,degrees,42,90,32645,32645,0,2,1,global_count,0.4,0.05976382488,False
nuscenes_mini_subset,scene-1094_018,scene-1094,calibration,original,0,none,42,90,34688,34688,0,0,0.7290088904,global_count,0.4,0.0009216589862,False
nuscenes_mini_subset,scene-1094_018,scene-1094,calibration,random_dropout,0.1,fraction_removed,42,90,31260,31260,0,0,0.7540335858,global_count,0.4,0.09965437788,False
nuscenes_mini_subset,scene-1094_018,scene-1094,calibration,random_dropout,0.3,fraction_removed,42,90,24237,24237,0,0,0.8106684228,global_count,0.4,0.3019297235,False
nuscenes_mini_subset,scene-1094_018,scene-1094,calibration,random_dropout,0.5,fraction_removed,42,90,17270,17270,0,0,0.8610470859,global_count,0.4,0.5025921659,True
nuscenes_mini_subset,scene-1094_018,scene-1094,calibration,sector_dropout,10,degrees,42,90,34081,34081,0,0,0.7290088904,global_count,0.4,0.01840437788,False
nuscenes_mini_subset,scene-1094_018,scene-1094,calibration,sector_dropout,20,degrees,42,90,33332,33332,0,2,1,global_count,0.4,0.03997695853,False
nuscenes_mini_subset,scene-1094_018,scene-1094,calibration,sector_dropout,30,degrees,42,90,32612,32612,0,2,1,global_count,0.4,0.06071428571,False
nuscenes_mini_subset,scene-1094_019,scene-1094,test,original,0,none,42,90,34688,34688,0,0,0.7313137965,global_count,0.4,0.0009216589862,False
nuscenes_mini_subset,scene-1094_019,scene-1094,test,random_dropout,0.1,fraction_removed,42,90,31260,31260,0,0,0.7560092196,global_count,0.4,0.09965437788,False
nuscenes_mini_subset,scene-1094_019,scene-1094,test,random_dropout,0.3,fraction_removed,42,90,24237,24237,0,0,0.8116562397,global_count,0.4,0.3019297235,False
nuscenes_mini_subset,scene-1094_019,scene-1094,test,random_dropout,0.5,fraction_removed,42,90,17270,17270,0,0,0.8640105367,global_count,0.4,0.5025921659,True
nuscenes_mini_subset,scene-1094_019,scene-1094,test,sector_dropout,10,degrees,42,90,34078,34078,0,0,0.7313137965,global_count,0.4,0.01849078341,False
nuscenes_mini_subset,scene-1094_019,scene-1094,test,sector_dropout,20,degrees,42,90,33325,33325,0,2,1,global_count,0.4,0.04017857143,False
nuscenes_mini_subset,scene-1094_019,scene-1094,test,sector_dropout,30,degrees,42,90,32571,32571,0,2,1,global_count,0.4,0.06189516129,False
nuscenes_mini_subset,scene-1094_020,scene-1094,calibration,original,0,none,42,90,34720,34720,0,0,0.7385577873,global_count,0.4,0,False
nuscenes_mini_subset,scene-1094_020,scene-1094,calibration,random_dropout,0.1,fraction_removed,42,90,31288,31288,0,0,0.7609483042,global_count,0.4,0.09884792627,False
nuscenes_mini_subset,scene-1094_020,scene-1094,calibration,random_dropout,0.3,fraction_removed,42,90,24255,24255,0,0,0.8159367797,global_count,0.4,0.3014112903,False
nuscenes_mini_subset,scene-1094_020,scene-1094,calibration,random_dropout,0.5,fraction_removed,42,90,17283,17283,0,0,0.8682910767,global_count,0.4,0.5022177419,True
nuscenes_mini_subset,scene-1094_020,scene-1094,calibration,sector_dropout,10,degrees,42,90,34089,34089,0,0,0.7385577873,global_count,0.4,0.01817396313,False
nuscenes_mini_subset,scene-1094_020,scene-1094,calibration,sector_dropout,20,degrees,42,90,33382,33382,0,2,1,global_count,0.4,0.03853686636,False
nuscenes_mini_subset,scene-1094_020,scene-1094,calibration,sector_dropout,30,degrees,42,90,32620,32620,0,2,1,global_count,0.4,0.06048387097,False
nuscenes_mini_subset,scene-1094_021,scene-1094,test,original,0,none,42,90,34688,34688,0,0,0.6386326641,global_count,0.4,0.0009216589862,False
nuscenes_mini_subset,scene-1094_021,scene-1094,test,random_dropout,0.1,fraction_removed,42,90,31260,31260,0,0,0.6798697775,global_count,0.4,0.09965437788,False
nuscenes_mini_subset,scene-1094_021,scene-1094,test,random_dropout,0.3,fraction_removed,42,90,24237,24237,0,0,0.7542051004,global_count,0.4,0.3019297235,False
nuscenes_mini_subset,scene-1094_021,scene-1094,test,random_dropout,0.5,fraction_removed,42,90,17270,17270,0,0,0.8241996744,global_count,0.4,0.5025921659,True
nuscenes_mini_subset,scene-1094_021,scene-1094,test,sector_dropout,10,degrees,42,90,34068,34068,0,0,0.6386326641,global_count,0.4,0.01877880184,False
nuscenes_mini_subset,scene-1094_021,scene-1094,test,sector_dropout,20,degrees,42,90,33364,33364,0,2,1,global_count,0.4,0.03905529954,False
nuscenes_mini_subset,scene-1094_021,scene-1094,test,sector_dropout,30,degrees,42,90,32597,32597,0,2,1,global_count,0.4,0.06114631336,False
nuscenes_mini_subset,scene-1094_022,scene-1094,calibration,original,0,none,42,90,34656,34656,0,0,0.3233454067,global_count,0.4,0.001843317972,False
nuscenes_mini_subset,scene-1094_022,scene-1094,calibration,random_dropout,0.1,fraction_removed,42,90,31230,31230,0,0,0.3852486006,global_count,0.4,0.1005184332,False
nuscenes_mini_subset,scene-1094_022,scene-1094,calibration,random_dropout,0.3,fraction_removed,42,90,24211,24211,0,0,0.5172867962,global_count,0.4,0.3026785714,False
nuscenes_mini_subset,scene-1094_022,scene-1094,calibration,random_dropout,0.5,fraction_removed,42,90,17250,17250,0,0,0.6516298979,global_count,0.4,0.5031682028,True
nuscenes_mini_subset,scene-1094_022,scene-1094,calibration,sector_dropout,10,degrees,42,90,34058,34058,0,0,0.5187250996,global_count,0.4,0.01906682028,False
nuscenes_mini_subset,scene-1094_022,scene-1094,calibration,sector_dropout,20,degrees,42,90,33348,33348,0,2,1,global_count,0.4,0.03951612903,False
nuscenes_mini_subset,scene-1094_022,scene-1094,calibration,sector_dropout,30,degrees,42,90,32573,32573,0,2,1,global_count,0.4,0.0618375576,False
nuscenes_mini_subset,scene-1094_023,scene-1094,test,original,0,none,42,90,34688,34688,0,0,0.6858383071,global_count,0.4,0.0009216589862,False
nuscenes_mini_subset,scene-1094_023,scene-1094,test,random_dropout,0.1,fraction_removed,42,90,31260,31260,0,0,0.7211068909,global_count,0.4,0.09965437788,False
nuscenes_mini_subset,scene-1094_023,scene-1094,test,random_dropout,0.3,fraction_removed,42,90,24237,24237,0,0,0.7873033098,global_count,0.4,0.3019297235,False
nuscenes_mini_subset,scene-1094_023,scene-1094,test,random_dropout,0.5,fraction_removed,42,90,17270,17270,0,0,0.8513293543,global_count,0.4,0.5025921659,True
nuscenes_mini_subset,scene-1094_023,scene-1094,test,sector_dropout,10,degrees,42,90,34084,34084,0,0,0.6858383071,global_count,0.4,0.01831797235,False
nuscenes_mini_subset,scene-1094_023,scene-1094,test,sector_dropout,20,degrees,42,90,33415,33415,0,2,1,global_count,0.4,0.03758640553,False
nuscenes_mini_subset,scene-1094_023,scene-1094,test,sector_dropout,30,degrees,42,90,32647,32647,0,2,1,global_count,0.4,0.0597062212,False
nuscenes_mini_subset,scene-1094_024,scene-1094,calibration,original,0,none,42,90,34688,34688,0,0,0.7451432335,global_count,0.4,0.0009216589862,False
nuscenes_mini_subset,scene-1094_024,scene-1094,calibration,random_dropout,0.1,fraction_removed,42,90,31260,31260,0,0,0.7675337504,global_count,0.4,0.09965437788,False
nuscenes_mini_subset,scene-1094_024,scene-1094,calibration,random_dropout,0.3,fraction_removed,42,90,24237,24237,0,0,0.8202173197,global_count,0.4,0.3019297235,False
nuscenes_mini_subset,scene-1094_024,scene-1094,calibration,random_dropout,0.5,fraction_removed,42,90,17270,17270,0,0,0.8702667106,global_count,0.4,0.5025921659,True
nuscenes_mini_subset,scene-1094_024,scene-1094,calibration,sector_dropout,10,degrees,42,90,34056,34056,0,0,0.7451432335,global_count,0.4,0.01912442396,False
nuscenes_mini_subset,scene-1094_024,scene-1094,calibration,sector_dropout,20,degrees,42,90,33399,33399,0,2,1,global_count,0.4,0.03804723502,False
nuscenes_mini_subset,scene-1094_024,scene-1094,calibration,sector_dropout,30,degrees,42,90,32635,32635,0,2,1,global_count,0.4,0.06005184332,False
nuscenes_mini_subset,scene-1094_025,scene-1094,test,original,0,none,42,90,34720,34720,0,0,0.4915897992,global_count,0.4,0,False
nuscenes_mini_subset,scene-1094_025,scene-1094,test,random_dropout,0.1,fraction_removed,42,90,31288,31288,0,0,0.5463917526,global_count,0.4,0.09884792627,False
nuscenes_mini_subset,scene-1094_025,scene-1094,test,random_dropout,0.3,fraction_removed,42,90,24255,24255,0,0,0.6473141617,global_count,0.4,0.3014112903,False
nuscenes_mini_subset,scene-1094_025,scene-1094,test,random_dropout,0.5,fraction_removed,42,90,17283,17283,0,0,0.7498643516,global_count,0.4,0.5022177419,True
nuscenes_mini_subset,scene-1094_025,scene-1094,test,sector_dropout,10,degrees,42,90,34099,34099,0,0,0.5235059761,global_count,0.4,0.0178859447,False
nuscenes_mini_subset,scene-1094_025,scene-1094,test,sector_dropout,20,degrees,42,90,33446,33446,0,2,1,global_count,0.4,0.03669354839,False
nuscenes_mini_subset,scene-1094_025,scene-1094,test,sector_dropout,30,degrees,42,90,32699,32699,0,2,1,global_count,0.4,0.05820852535,False
nuscenes_mini_subset,scene-1094_026,scene-1094,calibration,original,0,none,42,90,34752,34752,0,0,0.7533750412,global_count,0.4,0,False
nuscenes_mini_subset,scene-1094_026,scene-1094,calibration,random_dropout,0.1,fraction_removed,42,90,31318,31318,0,0,0.7747777412,global_count,0.4,0.09798387097,False
nuscenes_mini_subset,scene-1094_026,scene-1094,calibration,random_dropout,0.3,fraction_removed,42,90,24280,24280,0,0,0.829107672,global_count,0.4,0.3006912442,False
nuscenes_mini_subset,scene-1094_026,scene-1094,calibration,random_dropout,0.5,fraction_removed,42,90,17300,17300,0,0,0.8765228844,global_count,0.4,0.5017281106,True
nuscenes_mini_subset,scene-1094_026,scene-1094,calibration,sector_dropout,10,degrees,42,90,34119,34119,0,0,0.7533750412,global_count,0.4,0.01730990783,False
nuscenes_mini_subset,scene-1094_026,scene-1094,calibration,sector_dropout,20,degrees,42,90,33461,33461,0,2,1,global_count,0.4,0.03626152074,False
nuscenes_mini_subset,scene-1094_026,scene-1094,calibration,sector_dropout,30,degrees,42,90,32705,32705,0,2,1,global_count,0.4,0.05803571429,False
nuscenes_mini_subset,scene-1094_027,scene-1094,test,original,0,none,42,90,34752,34752,0,0,0.1971830986,global_count,0.4,0,False
nuscenes_mini_subset,scene-1094_027,scene-1094,test,random_dropout,0.1,fraction_removed,42,90,31318,31318,0,0,0.2688860435,global_count,0.4,0.09798387097,False
nuscenes_mini_subset,scene-1094_027,scene-1094,test,random_dropout,0.3,fraction_removed,42,90,24280,24280,0,0,0.4302176697,global_count,0.4,0.3006912442,False
nuscenes_mini_subset,scene-1094_027,scene-1094,test,random_dropout,0.5,fraction_removed,42,90,17300,17300,0,0,0.609475032,global_count,0.4,0.5017281106,True
nuscenes_mini_subset,scene-1094_027,scene-1094,test,sector_dropout,10,degrees,42,90,34103,34103,0,0,0.5235059761,global_count,0.4,0.01777073733,False
nuscenes_mini_subset,scene-1094_027,scene-1094,test,sector_dropout,20,degrees,42,90,33451,33451,0,2,1,global_count,0.4,0.03654953917,False
nuscenes_mini_subset,scene-1094_027,scene-1094,test,sector_dropout,30,degrees,42,90,32683,32683,0,2,1,global_count,0.4,0.05866935484,False
nuscenes_mini_subset,scene-1094_028,scene-1094,calibration,original,0,none,42,90,34752,34752,0,0,0.6635919696,global_count,0.4,0,False
nuscenes_mini_subset,scene-1094_028,scene-1094,calibration,random_dropout,0.1,fraction_removed,42,90,31318,31318,0,0,0.6977753663,global_count,0.4,0.09798387097,False
nuscenes_mini_subset,scene-1094_028,scene-1094,calibration,random_dropout,0.3,fraction_removed,42,90,24280,24280,0,0,0.7672273467,global_count,0.4,0.3006912442,False
nuscenes_mini_subset,scene-1094_028,scene-1094,calibration,random_dropout,0.5,fraction_removed,42,90,17300,17300,0,0,0.8372219208,global_count,0.4,0.5017281106,True
nuscenes_mini_subset,scene-1094_028,scene-1094,calibration,sector_dropout,10,degrees,42,90,34143,34143,0,0,0.6635919696,global_count,0.4,0.01661866359,False
nuscenes_mini_subset,scene-1094_028,scene-1094,calibration,sector_dropout,20,degrees,42,90,33518,33518,0,2,1,global_count,0.4,0.03461981567,False
nuscenes_mini_subset,scene-1094_028,scene-1094,calibration,sector_dropout,30,degrees,42,90,32762,32762,0,2,1,global_count,0.4,0.05639400922,False
nuscenes_mini_subset,scene-1094_029,scene-1094,test,original,0,none,42,90,34720,34720,0,0,0.7062891011,global_count,0.4,0,False
nuscenes_mini_subset,scene-1094_029,scene-1094,test,random_dropout,0.1,fraction_removed,42,90,31288,31288,0,0,0.7329601581,global_count,0.4,0.09884792627,False
nuscenes_mini_subset,scene-1094_029,scene-1094,test,random_dropout,0.3,fraction_removed,42,90,24255,24255,0,0,0.7925584458,global_count,0.4,0.3014112903,False
nuscenes_mini_subset,scene-1094_029,scene-1094,test,random_dropout,0.5,fraction_removed,42,90,17283,17283,0,0,0.8501810998,global_count,0.4,0.5022177419,True
nuscenes_mini_subset,scene-1094_029,scene-1094,test,sector_dropout,10,degrees,42,90,34110,34110,0,0,0.7062891011,global_count,0.4,0.01756912442,False
nuscenes_mini_subset,scene-1094_029,scene-1094,test,sector_dropout,20,degrees,42,90,33483,33483,0,2,1,global_count,0.4,0.03562788018,False
nuscenes_mini_subset,scene-1094_029,scene-1094,test,sector_dropout,30,degrees,42,90,32715,32715,0,2,1,global_count,0.4,0.05774769585,False
nuscenes_mini_subset,scene-1094_030,scene-1094,calibration,original,0,none,42,90,34720,34720,0,0,0.6760716224,global_count,0.4,0,False
nuscenes_mini_subset,scene-1094_030,scene-1094,calibration,random_dropout,0.1,fraction_removed,42,90,31288,31288,0,0,0.7118827998,global_count,0.4,0.09884792627,False
nuscenes_mini_subset,scene-1094_030,scene-1094,calibration,random_dropout,0.3,fraction_removed,42,90,24255,24255,0,0,0.7764514379,global_count,0.4,0.3014112903,False
nuscenes_mini_subset,scene-1094_030,scene-1094,calibration,random_dropout,0.5,fraction_removed,42,90,17283,17283,0,0,0.843733044,global_count,0.4,0.5022177419,True
nuscenes_mini_subset,scene-1094_030,scene-1094,calibration,sector_dropout,10,degrees,42,90,34133,34133,0,0,0.6760716224,global_count,0.4,0.01690668203,False
nuscenes_mini_subset,scene-1094_030,scene-1094,calibration,sector_dropout,20,degrees,42,90,33506,33506,0,2,1,global_count,0.4,0.03496543779,False
nuscenes_mini_subset,scene-1094_030,scene-1094,calibration,sector_dropout,30,degrees,42,90,32744,32744,0,2,1,global_count,0.4,0.0569124424,False
nuscenes_mini_subset,scene-1094_031,scene-1094,test,original,0,none,42,90,34752,34752,0,0,0.6695604992,global_count,0.4,0,False
nuscenes_mini_subset,scene-1094_031,scene-1094,test,random_dropout,0.1,fraction_removed,42,90,31318,31318,0,0,0.704829083,global_count,0.4,0.09798387097,False
nuscenes_mini_subset,scene-1094_031,scene-1094,test,random_dropout,0.3,fraction_removed,42,90,24280,24280,0,0,0.7688551275,global_count,0.4,0.3006912442,False
nuscenes_mini_subset,scene-1094_031,scene-1094,test,random_dropout,0.5,fraction_removed,42,90,17300,17300,0,0,0.838307108,global_count,0.4,0.5017281106,True
nuscenes_mini_subset,scene-1094_031,scene-1094,test,sector_dropout,10,degrees,42,90,34179,34179,0,0,0.6695604992,global_count,0.4,0.01558179724,False
nuscenes_mini_subset,scene-1094_031,scene-1094,test,sector_dropout,20,degrees,42,90,33543,33543,0,2,1,global_count,0.4,0.03389976959,False
nuscenes_mini_subset,scene-1094_031,scene-1094,test,sector_dropout,30,degrees,42,90,32797,32797,0,2,1,global_count,0.4,0.0553859447,False
nuscenes_mini_subset,scene-1094_032,scene-1094,calibration,original,0,none,42,90,34784,34784,0,0,0.7385577873,global_count,0.4,0,False
nuscenes_mini_subset,scene-1094_032,scene-1094,calibration,random_dropout,0.1,fraction_removed,42,90,31345,31345,0,0,0.7648995719,global_count,0.4,0.0972062212,False
nuscenes_mini_subset,scene-1094_032,scene-1094,calibration,random_dropout,0.3,fraction_removed,42,90,24300,24300,0,0,0.8225222259,global_count,0.4,0.3001152074,False
nuscenes_mini_subset,scene-1094_032,scene-1094,calibration,random_dropout,0.5,fraction_removed,42,90,17313,17313,0,0,0.8712545275,global_count,0.4,0.5013536866,True
nuscenes_mini_subset,scene-1094_032,scene-1094,calibration,sector_dropout,10,degrees,42,90,34224,34224,0,0,0.7385577873,global_count,0.4,0.01428571429,False
nuscenes_mini_subset,scene-1094_032,scene-1094,calibration,sector_dropout,20,degrees,42,90,33613,33613,0,2,1,global_count,0.4,0.03188364055,False
nuscenes_mini_subset,scene-1094_032,scene-1094,calibration,sector_dropout,30,degrees,42,90,32901,32901,0,2,1,global_count,0.4,0.052390553,False
nuscenes_mini_subset,scene-1094_033,scene-1094,test,original,0,none,42,90,34720,34720,0,0,0.7365821534,global_count,0.4,0,False
nuscenes_mini_subset,scene-1094_033,scene-1094,test,random_dropout,0.1,fraction_removed,42,90,31288,31288,0,0,0.7602897596,global_count,0.4,0.09884792627,False
nuscenes_mini_subset,scene-1094_033,scene-1094,test,random_dropout,0.3,fraction_removed,42,90,24255,24255,0,0,0.8169245966,global_count,0.4,0.3014112903,False
nuscenes_mini_subset,scene-1094_033,scene-1094,test,random_dropout,0.5,fraction_removed,42,90,17283,17283,0,0,0.8679618044,global_count,0.4,0.5022177419,True
nuscenes_mini_subset,scene-1094_033,scene-1094,test,sector_dropout,10,degrees,42,90,34154,34154,0,0,0.7365821534,global_count,0.4,0.01630184332,False
nuscenes_mini_subset,scene-1094_033,scene-1094,test,sector_dropout,20,degrees,42,90,33557,33557,0,2,1,global_count,0.4,0.03349654378,False
nuscenes_mini_subset,scene-1094_033,scene-1094,test,sector_dropout,30,degrees,42,90,32893,32893,0,2,1,global_count,0.4,0.05262096774,False
nuscenes_mini_subset,scene-1094_034,scene-1094,calibration,original,0,none,42,90,34720,34720,0,0,0.676614216,global_count,0.4,0,False
nuscenes_mini_subset,scene-1094_034,scene-1094,calibration,random_dropout,0.1,fraction_removed,42,90,31288,31288,0,0,0.7118827998,global_count,0.4,0.09884792627,False
nuscenes_mini_subset,scene-1094_034,scene-1094,calibration,random_dropout,0.3,fraction_removed,42,90,24255,24255,0,0,0.7786218123,global_count,0.4,0.3014112903,False
nuscenes_mini_subset,scene-1094_034,scene-1094,calibration,random_dropout,0.5,fraction_removed,42,90,17283,17283,0,0,0.843733044,global_count,0.4,0.5022177419,True
nuscenes_mini_subset,scene-1094_034,scene-1094,calibration,sector_dropout,10,degrees,42,90,34169,34169,0,0,0.676614216,global_count,0.4,0.01586981567,False
nuscenes_mini_subset,scene-1094_034,scene-1094,calibration,sector_dropout,20,degrees,42,90,33609,33609,0,2,1,global_count,0.4,0.03199884793,False
nuscenes_mini_subset,scene-1094_034,scene-1094,calibration,sector_dropout,30,degrees,42,90,32954,32954,0,2,1,global_count,0.4,0.0508640553,False
nuscenes_mini_subset,scene-1094_035,scene-1094,test,original,0,none,42,90,34720,34720,0,0,0.6473141617,global_count,0.4,0,False
nuscenes_mini_subset,scene-1094_035,scene-1094,test,random_dropout,0.1,fraction_removed,42,90,31288,31288,0,0,0.6842105263,global_count,0.4,0.09884792627,False
nuscenes_mini_subset,scene-1094_035,scene-1094,test,random_dropout,0.3,fraction_removed,42,90,24255,24255,0,0,0.76017363,global_count,0.4,0.3014112903,False
nuscenes_mini_subset,scene-1094_035,scene-1094,test,random_dropout,0.5,fraction_removed,42,90,17283,17283,0,0,0.827455236,global_count,0.4,0.5022177419,True
nuscenes_mini_subset,scene-1094_035,scene-1094,test,sector_dropout,10,degrees,42,90,34168,34168,0,0,0.6473141617,global_count,0.4,0.01589861751,False
nuscenes_mini_subset,scene-1094_035,scene-1094,test,sector_dropout,20,degrees,42,90,33607,33607,0,2,1,global_count,0.4,0.03205645161,False
nuscenes_mini_subset,scene-1094_035,scene-1094,test,sector_dropout,30,degrees,42,90,32983,32983,0,2,1,global_count,0.4,0.05002880184,False
nuscenes_mini_subset,scene-1094_036,scene-1094,calibration,original,0,none,42,90,34720,34720,0,0,0.6890938687,global_count,0.4,0,False
nuscenes_mini_subset,scene-1094_036,scene-1094,calibration,random_dropout,0.1,fraction_removed,42,90,31288,31288,0,0,0.7216494845,global_count,0.4,0.09884792627,False
nuscenes_mini_subset,scene-1094_036,scene-1094,calibration,random_dropout,0.3,fraction_removed,42,90,24255,24255,0,0,0.7878459034,global_count,0.4,0.3014112903,False
nuscenes_mini_subset,scene-1094_036,scene-1094,calibration,random_dropout,0.5,fraction_removed,42,90,17283,17283,0,0,0.8491589799,global_count,0.4,0.5022177419,True
nuscenes_mini_subset,scene-1094_036,scene-1094,calibration,sector_dropout,10,degrees,42,90,34178,34178,0,0,0.6890938687,global_count,0.4,0.01561059908,False
nuscenes_mini_subset,scene-1094_036,scene-1094,calibration,sector_dropout,20,degrees,42,90,33611,33611,0,2,1,global_count,0.4,0.03194124424,False
nuscenes_mini_subset,scene-1094_036,scene-1094,calibration,sector_dropout,30,degrees,42,90,32996,32996,0,2,1,global_count,0.4,0.04965437788,False
nuscenes_mini_subset,scene-1094_037,scene-1094,test,original,0,none,42,90,34752,34752,0,0,0.6771568095,global_count,0.4,0,False
nuscenes_mini_subset,scene-1094_037,scene-1094,test,random_dropout,0.1,fraction_removed,42,90,31318,31318,0,0,0.7107976126,global_count,0.4,0.09798387097,False
nuscenes_mini_subset,scene-1094_037,scene-1094,test,random_dropout,0.3,fraction_removed,42,90,24280,24280,0,0,0.7775366251,global_count,0.4,0.3006912442,False
nuscenes_mini_subset,scene-1094_037,scene-1094,test,random_dropout,0.5,fraction_removed,42,90,17300,17300,0,0,0.8421052632,global_count,0.4,0.5017281106,True
nuscenes_mini_subset,scene-1094_037,scene-1094,test,sector_dropout,10,degrees,42,90,34214,34214,0,0,0.6771568095,global_count,0.4,0.01457373272,False
nuscenes_mini_subset,scene-1094_037,scene-1094,test,sector_dropout,20,degrees,42,90,33650,33650,0,2,1,global_count,0.4,0.03081797235,False
nuscenes_mini_subset,scene-1094_037,scene-1094,test,sector_dropout,30,degrees,42,90,33019,33019,0,2,1,global_count,0.4,0.04899193548,False
nuscenes_mini_subset,scene-1094_038,scene-1094,calibration,original,0,none,42,90,34688,34688,0,0,0.6880086815,global_count,0.4,0.0009216589862,False
nuscenes_mini_subset,scene-1094_038,scene-1094,calibration,random_dropout,0.1,fraction_removed,42,90,31260,31260,0,0,0.7221920781,global_count,0.4,0.09965437788,False
nuscenes_mini_subset,scene-1094_038,scene-1094,calibration,random_dropout,0.3,fraction_removed,42,90,24237,24237,0,0,0.7878459034,global_count,0.4,0.3019297235,False
nuscenes_mini_subset,scene-1094_038,scene-1094,calibration,random_dropout,0.5,fraction_removed,42,90,17270,17270,0,0,0.8507867607,global_count,0.4,0.5025921659,True
nuscenes_mini_subset,scene-1094_038,scene-1094,calibration,sector_dropout,10,degrees,42,90,34144,34144,0,0,0.6880086815,global_count,0.4,0.01658986175,False
nuscenes_mini_subset,scene-1094_038,scene-1094,calibration,sector_dropout,20,degrees,42,90,33558,33558,0,2,1,global_count,0.4,0.03346774194,False
nuscenes_mini_subset,scene-1094_038,scene-1094,calibration,sector_dropout,30,degrees,42,90,32951,32951,0,2,1,global_count,0.4,0.05095046083,False
nuscenes_mini_subset,scene-1094_039,scene-1094,test,original,0,none,42,90,34720,34720,0,0,0.6782419967,global_count,0.4,0,False
nuscenes_mini_subset,scene-1094_039,scene-1094,test,random_dropout,0.1,fraction_removed,42,90,31288,31288,0,0,0.7118827998,global_count,0.4,0.09884792627,False
nuscenes_mini_subset,scene-1094_039,scene-1094,test,random_dropout,0.3,fraction_removed,42,90,24255,24255,0,0,0.7813347802,global_count,0.4,0.3014112903,False
nuscenes_mini_subset,scene-1094_039,scene-1094,test,random_dropout,0.5,fraction_removed,42,90,17283,17283,0,0,0.8464460119,global_count,0.4,0.5022177419,True
nuscenes_mini_subset,scene-1094_039,scene-1094,test,sector_dropout,10,degrees,42,90,34182,34182,0,0,0.6782419967,global_count,0.4,0.01549539171,False
nuscenes_mini_subset,scene-1094_039,scene-1094,test,sector_dropout,20,degrees,42,90,33622,33622,0,2,1,global_count,0.4,0.03162442396,False
nuscenes_mini_subset,scene-1094_039,scene-1094,test,sector_dropout,30,degrees,42,90,33014,33014,0,2,1,global_count,0.4,0.0491359447,False
kitti_mini,000001,KITTI,calibration,original,0,none,42,0,120268,120268,0,0,0.2211283605,global_count,0.6,0.004828239616,False
kitti_mini,000001,KITTI,calibration,random_dropout,0.1,fraction_removed,42,0,108167,108167,0,0,0.2953426732,global_count,0.6,0.1049593923,False
kitti_mini,000001,KITTI,calibration,random_dropout,0.3,fraction_removed,42,0,84111,84111,0,0,0.4471790988,global_count,0.6,0.3040136035,False
kitti_mini,000001,KITTI,calibration,random_dropout,0.5,fraction_removed,42,0,59871,59871,0,0,0.6092389246,global_count,0.6,0.5045903443,False
kitti_mini,000001,KITTI,calibration,sector_dropout,10,degrees,42,0,117403,117403,0,0,0.5392058725,global_count,0.6,0.02853502025,False
kitti_mini,000001,KITTI,calibration,sector_dropout,20,degrees,42,0,114524,114524,0,2,1,global_count,0.6,0.05235764554,False
kitti_mini,000001,KITTI,calibration,sector_dropout,30,degrees,42,0,111656,111656,0,2,1,global_count,0.6,0.07608925003,False
kitti_mini,000004,KITTI,test,original,0,none,42,0,115976,115976,0,0,0.2491413474,global_count,0.6,0.04034290017,False
kitti_mini,000004,KITTI,test,random_dropout,0.1,fraction_removed,42,0,104322,104322,0,0,0.3207397622,global_count,0.6,0.1367752986,False
kitti_mini,000004,KITTI,test,random_dropout,0.3,fraction_removed,42,0,81127,81127,0,0,0.4676354029,global_count,0.6,0.3287050637,False
kitti_mini,000004,KITTI,test,random_dropout,0.5,fraction_removed,42,0,57713,57713,0,0,0.621664465,global_count,0.6,0.52244697,False
kitti_mini,000004,KITTI,test,sector_dropout,10,degrees,42,0,113221,113221,0,0,0.5478812145,global_count,0.6,0.06313947282,False
kitti_mini,000004,KITTI,test,sector_dropout,20,degrees,42,0,110374,110374,0,2,1,global_count,0.6,0.08669731034,False
kitti_mini,000004,KITTI,test,sector_dropout,30,degrees,42,0,107252,107252,0,2,1,global_count,0.6,0.1125306678,False
kitti_mini,000007,KITTI,calibration,original,0,none,42,0,122798,122798,0,0,0.2309782609,global_count,0.6,0,False
kitti_mini,000007,KITTI,calibration,random_dropout,0.1,fraction_removed,42,0,110452,110452,0,0,0.3202639752,global_count,0.6,0.08605189013,False
kitti_mini,000007,KITTI,calibration,random_dropout,0.3,fraction_removed,42,0,85891,85891,0,0,0.4549689441,global_count,0.6,0.2892847834,False
kitti_mini,000007,KITTI,calibration,random_dropout,0.5,fraction_removed,42,0,61146,61146,0,0,0.612189441,global_count,0.6,0.4940402064,False
kitti_mini,000007,KITTI,calibration,sector_dropout,10,degrees,42,0,119882,119882,0,0,0.5201868535,global_count,0.6,0.008022242173,False
kitti_mini,000007,KITTI,calibration,sector_dropout,20,degrees,42,0,116905,116905,0,2,1,global_count,0.6,0.03265578003,False
kitti_mini,000007,KITTI,calibration,sector_dropout,30,degrees,42,0,113797,113797,0,2,1,global_count,0.6,0.05837329284,False
kitti_mini,000008,KITTI,test,original,0,none,42,0,122555,122555,0,0,0.1737218252,global_count,0.6,0,False
kitti_mini,000008,KITTI,test,random_dropout,0.1,fraction_removed,42,0,110227,110227,0,0,0.2603078615,global_count,0.6,0.08791367918,False
kitti_mini,000008,KITTI,test,random_dropout,0.3,fraction_removed,42,0,85707,85707,0,0,0.4255085212,global_count,0.6,0.2908073131,False
kitti_mini,000008,KITTI,test,random_dropout,0.5,fraction_removed,42,0,61008,61008,0,0,0.5951072018,global_count,0.6,0.4951821037,False
kitti_mini,000008,KITTI,test,sector_dropout,10,degrees,42,0,119436,119436,0,0,0.5288621955,global_count,0.6,0.01171272181,False
kitti_mini,000008,KITTI,test,sector_dropout,20,degrees,42,0,116373,116373,0,2,1,global_count,0.6,0.03705787682,False
kitti_mini,000008,KITTI,test,sector_dropout,30,degrees,42,0,113375,113375,0,2,1,global_count,0.6,0.06186518165,False
kitti_mini,000009,KITTI,calibration,original,0,none,42,0,123928,123928,0,0,0.2182759236,global_count,0.6,0,False
kitti_mini,000009,KITTI,calibration,random_dropout,0.1,fraction_removed,42,0,111471,111471,0,0,0.3007317508,global_count,0.6,0.07762005436,False
kitti_mini,000009,KITTI,calibration,random_dropout,0.3,fraction_removed,42,0,86666,86666,0,0,0.4510083884,global_count,0.6,0.2828719544,False
kitti_mini,000009,KITTI,calibration,random_dropout,0.5,fraction_removed,42,0,61684,61684,0,0,0.6094949134,global_count,0.6,0.4895884619,False
kitti_mini,000009,KITTI,calibration,sector_dropout,10,degrees,42,0,121184,121184,0,0,0.5392303848,global_count,0.6,0,False
kitti_mini,000009,KITTI,calibration,sector_dropout,20,degrees,42,0,118144,118144,0,2,1,global_count,0.6,0.0224035283,False
kitti_mini,000009,KITTI,calibration,sector_dropout,30,degrees,42,0,114998,114998,0,2,1,global_count,0.6,0.0484354766,False
kitti_mini,000010,KITTI,test,original,0,none,42,0,115875,115875,0,0,0.2575017446,global_count,0.6,0.04117863659,False
kitti_mini,000010,KITTI,test,random_dropout,0.1,fraction_removed,42,0,104232,104232,0,0,0.3309141661,global_count,0.6,0.1375200142,False
kitti_mini,000010,KITTI,test,random_dropout,0.3,fraction_removed,42,0,81051,81051,0,0,0.4810886253,global_count,0.6,0.3293339346,False
kitti_mini,000010,KITTI,test,random_dropout,0.5,fraction_removed,42,0,57666,57666,0,0,0.6314606742,global_count,0.6,0.5228358771,False
kitti_mini,000010,KITTI,test,sector_dropout,10,degrees,42,0,112986,112986,0,0,0.5311978645,global_count,0.6,0.06508400806,False
kitti_mini,000010,KITTI,test,sector_dropout,20,degrees,42,0,110136,110136,0,2,1,global_count,0.6,0.08866666942,False
kitti_mini,000010,KITTI,test,sector_dropout,30,degrees,42,0,107326,107326,0,2,1,global_count,0.6,0.1119183461,False
kitti_mini,000011,KITTI,calibration,original,0,none,42,0,108004,108004,0,0,0.437449338,global_count,0.6,0.106308155,False
kitti_mini,000011,KITTI,calibration,random_dropout,0.1,fraction_removed,42,0,97137,97137,0,0,0.5033774655,global_count,0.6,0.1962284291,False
kitti_mini,000011,KITTI,calibration,random_dropout,0.3,fraction_removed,42,0,75504,75504,0,0,0.6092947852,global_count,0.6,0.3752332408,False
kitti_mini,000011,KITTI,calibration,random_dropout,0.5,fraction_removed,42,0,53691,53691,0,0,0.718724669,global_count,0.6,0.5557274837,False
kitti_mini,000011,KITTI,calibration,sector_dropout,10,degrees,42,0,104852,104852,0,0,0.4809262036,global_count,0.6,0.1323897511,False
kitti_mini,000011,KITTI,calibration,sector_dropout,20,degrees,42,0,101720,101720,0,2,1,global_count,0.6,0.1583058547,False
kitti_mini,000011,KITTI,calibration,sector_dropout,30,degrees,42,0,98457,98457,0,2,1,global_count,0.6,0.1853059333,False
kitti_mini,000012,KITTI,test,original,0,none,42,0,120007,120007,0,0,0.125468499,global_count,0.6,0.00698791492,False
kitti_mini,000012,KITTI,test,random_dropout,0.1,fraction_removed,42,0,107936,107936,0,0,0.2100660361,global_count,0.6,0.1068708291,False
kitti_mini,000012,KITTI,test,random_dropout,0.3,fraction_removed,42,0,83936,83936,0,0,0.3918105958,global_count,0.6,0.3054616616,False
kitti_mini,000012,KITTI,test,random_dropout,0.5,fraction_removed,42,0,59746,59746,0,0,0.5761692218,global_count,0.6,0.5056246716,False
kitti_mini,000012,KITTI,test,sector_dropout,10,degrees,42,0,117275,117275,0,0,0.5572238906,global_count,0.6,0.02959417136,False
kitti_mini,000012,KITTI,test,sector_dropout,20,degrees,42,0,114415,114415,0,2,1,global_count,0.6,0.0532595789,False
kitti_mini,000012,KITTI,test,sector_dropout,30,degrees,42,0,111302,111302,0,2,1,global_count,0.6,0.07901846481,False
kitti_mini,000015,KITTI,calibration,original,0,none,42,0,122583,122583,0,0,0.2275975811,global_count,0.6,0,False
kitti_mini,000015,KITTI,calibration,random_dropout,0.1,fraction_removed,42,0,110255,110255,0,0,0.3023639362,global_count,0.6,0.08768198988,False
kitti_mini,000015,KITTI,calibration,random_dropout,0.3,fraction_removed,42,0,85728,85728,0,0,0.4617921935,global_count,0.6,0.2906335461,False
kitti_mini,000015,KITTI,calibration,random_dropout,0.5,fraction_removed,42,0,61027,61027,0,0,0.6179219351,global_count,0.6,0.4950248859,False
kitti_mini,000015,KITTI,calibration,sector_dropout,10,degrees,42,0,119491,119491,0,0,0.5019157088,global_count,0.6,0.01125761782,False
kitti_mini,000015,KITTI,calibration,sector_dropout,20,degrees,42,0,116309,116309,0,2,1,global_count,0.6,0.03758745237,False
kitti_mini,000015,KITTI,calibration,sector_dropout,30,degrees,42,0,112922,112922,0,2,1,global_count,0.6,0.06561358361,False
kitti_mini,000016,KITTI,test,original,0,none,42,0,113070,113070,0,0,0.2336819807,global_count,0.6,0.06438894015,False
kitti_mini,000016,KITTI,test,random_dropout,0.1,fraction_removed,42,0,101696,101696,0,0,0.3033231828,global_count,0.6,0.1585044455,False
kitti_mini,000016,KITTI,test,random_dropout,0.3,fraction_removed,42,0,79085,79085,0,0,0.4566397458,global_count,0.6,0.3456018337,False
kitti_mini,000016,KITTI,test,random_dropout,0.5,fraction_removed,42,0,56269,56269,0,0,0.6126042632,global_count,0.6,0.5343955185,False
kitti_mini,000016,KITTI,test,sector_dropout,10,degrees,42,0,110084,110084,0,0,0.5395395395,global_count,0.6,0.08909694956,False
kitti_mini,000016,KITTI,test,sector_dropout,20,degrees,42,0,107282,107282,0,2,1,global_count,0.6,0.1122824293,False
kitti_mini,000016,KITTI,test,sector_dropout,30,degrees,42,0,104177,104177,0,2,1,global_count,0.6,0.1379751182,False
kitti_mini,000019,KITTI,calibration,original,0,none,42,0,115697,115697,0,0,0.3797752809,global_count,0.6,0.0426515186,False
kitti_mini,000019,KITTI,calibration,random_dropout,0.1,fraction_removed,42,0,104075,104075,0,0,0.4443820225,global_count,0.6,0.1388191293,False
kitti_mini,000019,KITTI,calibration,random_dropout,0.3,fraction_removed,42,0,80920,80920,0,0,0.5710674157,global_count,0.6,0.3304179096,False
kitti_mini,000019,KITTI,calibration,random_dropout,0.5,fraction_removed,42,0,57574,57574,0,0,0.6907303371,global_count,0.6,0.5235971419,False
kitti_mini,000019,KITTI,calibration,sector_dropout,10,degrees,42,0,112937,112937,0,0,0.4654654655,global_count,0.6,0.06548946434,False
kitti_mini,000019,KITTI,calibration,sector_dropout,20,degrees,42,0,109699,109699,0,2,1,global_count,0.6,0.0922826775,False
kitti_mini,000019,KITTI,calibration,sector_dropout,30,degrees,42,0,106352,106352,0,2,1,global_count,0.6,0.119977824,False
kitti_mini,000021,KITTI,test,original,0,none,42,0,125260,125260,0,0,0.1097626272,global_count,0.6,0,False
kitti_mini,000021,KITTI,test,random_dropout,0.1,fraction_removed,42,0,112663,112663,0,0,0.1904336962,global_count,0.6,0.06775670968,False
kitti_mini,000021,KITTI,test,random_dropout,0.3,fraction_removed,42,0,87589,87589,0,0,0.3771194003,global_count,0.6,0.275234482,False
kitti_mini,000021,KITTI,test,random_dropout,0.5,fraction_removed,42,0,62348,62348,0,0,0.5545243619,global_count,0.6,0.4840941155,False
kitti_mini,000021,KITTI,test,sector_dropout,10,degrees,42,0,122350,122350,0,0,0.4925870398,global_count,0.6,0,False
kitti_mini,000021,KITTI,test,sector_dropout,20,degrees,42,0,119279,119279,0,2,1,global_count,0.6,0.01301183684,False
kitti_mini,000021,KITTI,test,sector_dropout,30,degrees,42,0,115901,115901,0,2,1,global_count,0.6,0.04096349652,False
kitti_mini,000023,KITTI,calibration,original,0,none,42,0,120412,120412,0,0,0.2112836047,global_count,0.6,0.003636694621,False
kitti_mini,000023,KITTI,calibration,random_dropout,0.1,fraction_removed,42,0,108295,108295,0,0,0.2828474063,global_count,0.6,0.1039002412,False
kitti_mini,000023,KITTI,calibration,random_dropout,0.3,fraction_removed,42,0,84216,84216,0,0,0.4335478985,global_count,0.6,0.3031447686,False
kitti_mini,000023,KITTI,calibration,random_dropout,0.5,fraction_removed,42,0,59941,59941,0,0,0.5940931465,global_count,0.6,0.5040111211,False
kitti_mini,000023,KITTI,calibration,sector_dropout,10,degrees,42,0,117532,117532,0,0,0.5375375375,global_count,0.6,0.02746759453,False
kitti_mini,000023,KITTI,calibration,sector_dropout,20,degrees,42,0,114647,114647,0,2,1,global_count,0.6,0.05133986752,False
kitti_mini,000023,KITTI,calibration,sector_dropout,30,degrees,42,0,111761,111761,0,2,1,global_count,0.6,0.07522041514,False
kitti_mini,000025,KITTI,test,original,0,none,42,0,115780,115780,0,0,0.4989532449,global_count,0.6,0.0419647253,False
kitti_mini,000025,KITTI,test,random_dropout,0.1,fraction_removed,42,0,104147,104147,0,0,0.5528262387,global_count,0.6,0.1382233568,False
kitti_mini,000025,KITTI,test,random_dropout,0.3,fraction_removed,42,0,80980,80980,0,0,0.6519190509,global_count,0.6,0.3299214325,False
kitti_mini,000025,KITTI,test,random_dropout,0.5,fraction_removed,42,0,57618,57618,0,0,0.747662247,global_count,0.6,0.5232330588,False
kitti_mini,000025,KITTI,test,sector_dropout,10,degrees,42,0,112768,112768,0,0,0.5059137098,global_count,0.6,0.06688787479,False
kitti_mini,000025,KITTI,test,sector_dropout,20,degrees,42,0,109681,109681,0,2,1,global_count,0.6,0.09243162063,False
kitti_mini,000025,KITTI,test,sector_dropout,30,degrees,42,0,106354,106354,0,2,1,global_count,0.6,0.1199612748,False
kitti_mini,000031,KITTI,calibration,original,0,none,42,0,121291,121291,0,0,0.2161747142,global_count,0.6,0,False
kitti_mini,000031,KITTI,calibration,random_dropout,0.1,fraction_removed,42,0,109094,109094,0,0,0.2987544788,global_count,0.6,0.0972888214,False
kitti_mini,000031,KITTI,calibration,random_dropout,0.3,fraction_removed,42,0,84836,84836,0,0,0.4741511687,global_count,0.6,0.2980145054,False
kitti_mini,000031,KITTI,calibration,random_dropout,0.5,fraction_removed,42,0,60380,60380,0,0,0.6215662856,global_count,0.6,0.5003785638,False
kitti_mini,000031,KITTI,calibration,sector_dropout,10,degrees,42,0,118436,118436,0,0,0.4644644645,global_count,0.6,0.01998733983,False
kitti_mini,000031,KITTI,calibration,sector_dropout,20,degrees,42,0,115189,115189,0,2,1,global_count,0.6,0.04685502455,False
kitti_mini,000031,KITTI,calibration,sector_dropout,30,degrees,42,0,111968,111968,0,2,1,global_count,0.6,0.07350756921,False
kitti_mini,000032,KITTI,test,original,0,none,42,0,118661,118661,0,0,0.3036516854,global_count,0.6,0.01812555078,False
kitti_mini,000032,KITTI,test,random_dropout,0.1,fraction_removed,42,0,106737,106737,0,0,0.3735955056,global_count,0.6,0.1167920961,False
kitti_mini,000032,KITTI,test,random_dropout,0.3,fraction_removed,42,0,82996,82996,0,0,0.5095505618,global_count,0.6,0.3132398026,False
kitti_mini,000032,KITTI,test,random_dropout,0.5,fraction_removed,42,0,59084,59084,0,0,0.6460674157,global_count,0.6,0.5111024687,False
kitti_mini,000032,KITTI,test,sector_dropout,10,degrees,42,0,115376,115376,0,0,0.4869232051,global_count,0.6,0.04530767098,False
kitti_mini,000032,KITTI,test,sector_dropout,20,degrees,42,0,112167,112167,0,2,1,global_count,0.6,0.07186092022,False
kitti_mini,000032,KITTI,test,sector_dropout,30,degrees,42,0,108942,108942,0,2,1,global_count,0.6,0.09854656334,False
kitti_mini,000043,KITTI,calibration,original,0,none,42,0,122591,122591,0,0,0.1185770751,global_count,0.6,0,False
kitti_mini,000043,KITTI,calibration,random_dropout,0.1,fraction_removed,42,0,110261,110261,0,0,0.2026350461,global_count,0.6,0.08763234217,False
kitti_mini,000043,KITTI,calibration,random_dropout,0.3,fraction_removed,42,0,85733,85733,0,0,0.377602108,global_count,0.6,0.290592173,False
kitti_mini,000043,KITTI,calibration,random_dropout,0.5,fraction_removed,42,0,61030,61030,0,0,0.5571405414,global_count,0.6,0.4950000621,False
kitti_mini,000043,KITTI,calibration,sector_dropout,10,degrees,42,0,119700,119700,0,0,0.4659336998,global_count,0.6,0.009528222653,False
kitti_mini,000043,KITTI,calibration,sector_dropout,20,degrees,42,0,116484,116484,0,2,1,global_count,0.6,0.03613939422,False
kitti_mini,000043,KITTI,calibration,sector_dropout,30,degrees,42,0,113109,113109,0,2,1,global_count,0.6,0.06406623004,False
kitti_mini,000048,KITTI,test,original,0,none,42,0,122675,122675,0,0,0.1252311757,global_count,0.6,0,False
kitti_mini,000048,KITTI,test,random_dropout,0.1,fraction_removed,42,0,110341,110341,0,0,0.2113606341,global_count,0.6,0.08697037273,False
kitti_mini,000048,KITTI,test,random_dropout,0.3,fraction_removed,42,0,85799,85799,0,0,0.3965653897,global_count,0.6,0.2900460482,False
kitti_mini,000048,KITTI,test,random_dropout,0.5,fraction_removed,42,0,61084,61084,0,0,0.5717305152,global_count,0.6,0.4945532327,False
kitti_mini,000048,KITTI,test,sector_dropout,10,degrees,42,0,119639,119639,0,0,0.4619356988,global_count,0.6,0.01003297435,False
kitti_mini,000048,KITTI,test,sector_dropout,20,degrees,42,0,116394,116394,0,2,1,global_count,0.6,0.03688410984,False
kitti_mini,000048,KITTI,test,sector_dropout,30,degrees,42,0,113015,113015,0,2,1,global_count,0.6,0.06484404414,False
kitti_mini,000049,KITTI,calibration,original,0,none,42,0,113691,113691,0,0,0.2917112299,global_count,0.6,0.05925040235,False
kitti_mini,000049,KITTI,calibration,random_dropout,0.1,fraction_removed,42,0,102244,102244,0,0,0.3612299465,global_count,0.6,0.1539699549,False
kitti_mini,000049,KITTI,calibration,random_dropout,0.3,fraction_removed,42,0,79510,79510,0,0,0.5016042781,global_count,0.6,0.342085121,False
kitti_mini,000049,KITTI,calibration,random_dropout,0.5,fraction_removed,42,0,56570,56570,0,0,0.649197861,global_count,0.6,0.5319048584,False
kitti_mini,000049,KITTI,calibration,sector_dropout,10,degrees,42,0,110704,110704,0,0,0.4984984985,global_count,0.6,0.08396668639,False
kitti_mini,000049,KITTI,calibration,sector_dropout,20,degrees,42,0,107599,107599,0,2,1,global_count,0.6,0.1096593753,False
kitti_mini,000049,KITTI,calibration,sector_dropout,30,degrees,42,0,104368,104368,0,2,1,global_count,0.6,0.1363946662,False
kitti_mini,000061,KITTI,test,original,0,none,42,0,125247,125247,0,0,0.1957119296,global_count,0.6,0,False
kitti_mini,000061,KITTI,test,random_dropout,0.1,fraction_removed,42,0,112650,112650,0,0,0.2699285322,global_count,0.6,0.06786427972,False
kitti_mini,000061,KITTI,test,random_dropout,0.3,fraction_removed,42,0,87580,87580,0,0,0.4395272128,global_count,0.6,0.2753089536,False
kitti_mini,000061,KITTI,test,random_dropout,0.5,fraction_removed,42,0,62340,62340,0,0,0.6083012644,global_count,0.6,0.4841603124,False
kitti_mini,000061,KITTI,test,sector_dropout,10,degrees,42,0,121843,121843,0,0,0.4327660994,global_count,0.6,0,False
kitti_mini,000061,KITTI,test,sector_dropout,20,degrees,42,0,118439,118439,0,2,1,global_count,0.6,0.01996251598,False
kitti_mini,000061,KITTI,test,sector_dropout,30,degrees,42,0,114969,114969,0,2,1,global_count,0.6,0.04867544052,False
nuscenes_mini_subset,scene-0103_000,scene-0103,calibration,original,0,none,42,90,34752,34752,0,0,0.7826802766,global_count,0.6,0,False
nuscenes_mini_subset,scene-0103_000,scene-0103,calibration,random_dropout,0.1,fraction_removed,42,90,31318,31318,0,0,0.8037537043,global_count,0.6,0.09798387097,False
nuscenes_mini_subset,scene-0103_000,scene-0103,calibration,random_dropout,0.3,fraction_removed,42,90,24280,24280,0,0,0.8508396444,global_count,0.6,0.3006912442,False
nuscenes_mini_subset,scene-0103_000,scene-0103,calibration,random_dropout,0.5,fraction_removed,42,90,17300,17300,0,0,0.8946328614,global_count,0.6,0.5017281106,False
nuscenes_mini_subset,scene-0103_000,scene-0103,calibration,sector_dropout,10,degrees,42,90,34173,34173,0,0,0.7826802766,global_count,0.6,0.01575460829,False
nuscenes_mini_subset,scene-0103_000,scene-0103,calibration,sector_dropout,20,degrees,42,90,33489,33489,0,2,1,global_count,0.6,0.03545506912,False
nuscenes_mini_subset,scene-0103_000,scene-0103,calibration,sector_dropout,30,degrees,42,90,32758,32758,0,2,1,global_count,0.6,0.05650921659,False
nuscenes_mini_subset,scene-0103_001,scene-0103,test,original,0,none,42,90,34688,34688,0,0,0.6483993489,global_count,0.6,0.0009216589862,False
nuscenes_mini_subset,scene-0103_001,scene-0103,test,random_dropout,0.1,fraction_removed,42,90,31260,31260,0,0,0.6858383071,global_count,0.6,0.09965437788,False
nuscenes_mini_subset,scene-0103_001,scene-0103,test,random_dropout,0.3,fraction_removed,42,90,24237,24237,0,0,0.757460662,global_count,0.6,0.3019297235,False
nuscenes_mini_subset,scene-0103_001,scene-0103,test,random_dropout,0.5,fraction_removed,42,90,17270,17270,0,0,0.8279978296,global_count,0.6,0.5025921659,False
nuscenes_mini_subset,scene-0103_001,scene-0103,test,sector_dropout,10,degrees,42,90,34086,34086,0,0,0.6483993489,global_count,0.6,0.01826036866,False
nuscenes_mini_subset,scene-0103_001,scene-0103,test,sector_dropout,20,degrees,42,90,33401,33401,0,2,1,global_count,0.6,0.03798963134,False
nuscenes_mini_subset,scene-0103_001,scene-0103,test,sector_dropout,30,degrees,42,90,32666,32666,0,2,1,global_count,0.6,0.05915898618,False
nuscenes_mini_subset,scene-0103_002,scene-0103,calibration,original,0,none,42,90,34752,34752,0,0,0.6652197504,global_count,0.6,0,False
nuscenes_mini_subset,scene-0103_002,scene-0103,calibration,random_dropout,0.1,fraction_removed,42,90,31318,31318,0,0,0.7015735214,global_count,0.6,0.09798387097,False
nuscenes_mini_subset,scene-0103_002,scene-0103,calibration,random_dropout,0.3,fraction_removed,42,90,24280,24280,0,0,0.7688551275,global_count,0.6,0.3006912442,False
nuscenes_mini_subset,scene-0103_002,scene-0103,calibration,random_dropout,0.5,fraction_removed,42,90,17300,17300,0,0,0.8350515464,global_count,0.6,0.5017281106,False
nuscenes_mini_subset,scene-0103_002,scene-0103,calibration,sector_dropout,10,degrees,42,90,34178,34178,0,0,0.6652197504,global_count,0.6,0.01561059908,False
nuscenes_mini_subset,scene-0103_002,scene-0103,calibration,sector_dropout,20,degrees,42,90,33497,33497,0,2,1,global_count,0.6,0.03522465438,False
nuscenes_mini_subset,scene-0103_002,scene-0103,calibration,sector_dropout,30,degrees,42,90,32766,32766,0,2,1,global_count,0.6,0.05627880184,False
nuscenes_mini_subset,scene-0103_003,scene-0103,test,original,0,none,42,90,34720,34720,0,0,0.6950623983,global_count,0.6,0,False
nuscenes_mini_subset,scene-0103_003,scene-0103,test,random_dropout,0.1,fraction_removed,42,90,31288,31288,0,0,0.7254476397,global_count,0.6,0.09884792627,False
nuscenes_mini_subset,scene-0103_003,scene-0103,test,random_dropout,0.3,fraction_removed,42,90,24255,24255,0,0,0.788388497,global_count,0.6,0.3014112903,False
nuscenes_mini_subset,scene-0103_003,scene-0103,test,random_dropout,0.5,fraction_removed,42,90,17283,17283,0,0,0.8475311991,global_count,0.6,0.5022177419,False
nuscenes_mini_subset,scene-0103_003,scene-0103,test,sector_dropout,10,degrees,42,90,34137,34137,0,0,0.6950623983,global_count,0.6,0.01679147465,False
nuscenes_mini_subset,scene-0103_003,scene-0103,test,sector_dropout,20,degrees,42,90,33465,33465,0,2,1,global_count,0.6,0.03614631336,False
nuscenes_mini_subset,scene-0103_003,scene-0103,test,sector_dropout,30,degrees,42,90,32743,32743,0,2,1,global_count,0.6,0.05694124424,False
nuscenes_mini_subset,scene-0103_004,scene-0103,calibration,original,0,none,42,90,34784,34784,0,0,0.7059142702,global_count,0.6,0,False
nuscenes_mini_subset,scene-0103_004,scene-0103,calibration,random_dropout,0.1,fraction_removed,42,90,31345,31345,0,0,0.7357569181,global_count,0.6,0.0972062212,False
nuscenes_mini_subset,scene-0103_004,scene-0103,calibration,random_dropout,0.3,fraction_removed,42,90,24300,24300,0,0,0.796527401,global_count,0.6,0.3001152074,False
nuscenes_mini_subset,scene-0103_004,scene-0103,calibration,random_dropout,0.5,fraction_removed,42,90,17313,17313,0,0,0.8551275095,global_count,0.6,0.5013536866,False
nuscenes_mini_subset,scene-0103_004,scene-0103,calibration,sector_dropout,10,degrees,42,90,34196,34196,0,0,0.7059142702,global_count,0.6,0.0150921659,False
nuscenes_mini_subset,scene-0103_004,scene-0103,calibration,sector_dropout,20,degrees,42,90,33528,33528,0,2,1,global_count,0.6,0.03433179724,False
nuscenes_mini_subset,scene-0103_004,scene-0103,calibration,sector_dropout,30,degrees,42,90,32825,32825,0,2,1,global_count,0.6,0.05457949309,False
nuscenes_mini_subset,scene-0103_005,scene-0103,test,original,0,none,42,90,34720,34720,0,0,0.3824200913,global_count,0.6,0,False
nuscenes_mini_subset,scene-0103_005,scene-0103,test,random_dropout,0.1,fraction_removed,42,90,31288,31288,0,0,0.4566210046,global_count,0.6,0.09884792627,False
nuscenes_mini_subset,scene-0103_005,scene-0103,test,random_dropout,0.3,fraction_removed,42,90,24255,24255,0,0,0.5799086758,global_count,0.6,0.3014112903,False
nuscenes_mini_subset,scene-0103_005,scene-0103,test,random_dropout,0.5,fraction_removed,42,90,17283,17283,0,0,0.7160775371,global_count,0.6,0.5022177419,False
nuscenes_mini_subset,scene-0103_005,scene-0103,test,sector_dropout,10,degrees,42,90,34105,34105,0,0,0.4887218045,global_count,0.6,0.01771313364,False
nuscenes_mini_subset,scene-0103_005,scene-0103,test,sector_dropout,20,degrees,42,90,33424,33424,0,2,1,global_count,0.6,0.03732718894,False
nuscenes_mini_subset,scene-0103_005,scene-0103,test,sector_dropout,30,degrees,42,90,32673,32673,0,2,1,global_count,0.6,0.05895737327,False
nuscenes_mini_subset,scene-0103_006,scene-0103,calibration,original,0,none,42,90,34688,34688,0,0,0.6939772111,global_count,0.6,0.0009216589862,False
nuscenes_mini_subset,scene-0103_006,scene-0103,calibration,random_dropout,0.1,fraction_removed,42,90,31260,31260,0,0,0.7259902333,global_count,0.6,0.09965437788,False
nuscenes_mini_subset,scene-0103_006,scene-0103,calibration,random_dropout,0.3,fraction_removed,42,90,24237,24237,0,0,0.7873033098,global_count,0.6,0.3019297235,False
nuscenes_mini_subset,scene-0103_006,scene-0103,calibration,random_dropout,0.5,fraction_removed,42,90,17270,17270,0,0,0.8491589799,global_count,0.6,0.5025921659,False
nuscenes_mini_subset,scene-0103_006,scene-0103,calibration,sector_dropout,10,degrees,42,90,34101,34101,0,0,0.6939772111,global_count,0.6,0.01782834101,False
nuscenes_mini_subset,scene-0103_006,scene-0103,calibration,sector_dropout,20,degrees,42,90,33454,33454,0,2,1,global_count,0.6,0.03646313364,False
nuscenes_mini_subset,scene-0103_006,scene-0103,calibration,sector_dropout,30,degrees,42,90,32710,32710,0,2,1,global_count,0.6,0.05789170507,False
nuscenes_mini_subset,scene-0103_007,scene-0103,test,original,0,none,42,90,34688,34688,0,0,0.6543678785,global_count,0.6,0.0009216589862,False
nuscenes_mini_subset,scene-0103_007,scene-0103,test,random_dropout,0.1,fraction_removed,42,90,31260,31260,0,0,0.6907216495,global_count,0.6,0.09965437788,False
nuscenes_mini_subset,scene-0103_007,scene-0103,test,random_dropout,0.3,fraction_removed,42,90,24237,24237,0,0,0.7612588171,global_count,0.6,0.3019297235,False
nuscenes_mini_subset,scene-0103_007,scene-0103,test,random_dropout,0.5,fraction_removed,42,90,17270,17270,0,0,0.8334237656,global_count,0.6,0.5025921659,False
nuscenes_mini_subset,scene-0103_007,scene-0103,test,sector_dropout,10,degrees,42,90,34100,34100,0,0,0.6543678785,global_count,0.6,0.01785714286,False
nuscenes_mini_subset,scene-0103_007,scene-0103,test,sector_dropout,20,degrees,42,90,33463,33463,0,2,1,global_count,0.6,0.03620391705,False
nuscenes_mini_subset,scene-0103_007,scene-0103,test,sector_dropout,30,degrees,42,90,32730,32730,0,2,1,global_count,0.6,0.0573156682,False
nuscenes_mini_subset,scene-0103_008,scene-0103,calibration,original,0,none,42,90,34720,34720,0,0,0.7701679289,global_count,0.6,0,False
nuscenes_mini_subset,scene-0103_008,scene-0103,calibration,random_dropout,0.1,fraction_removed,42,90,31288,31288,0,0,0.7925584458,global_count,0.6,0.09884792627,False
nuscenes_mini_subset,scene-0103_008,scene-0103,calibration,random_dropout,0.3,fraction_removed,42,90,24255,24255,0,0,0.8393151136,global_count,0.6,0.3014112903,False
nuscenes_mini_subset,scene-0103_008,scene-0103,calibration,random_dropout,0.5,fraction_removed,42,90,17283,17283,0,0,0.8821205137,global_count,0.6,0.5022177419,False
nuscenes_mini_subset,scene-0103_008,scene-0103,calibration,sector_dropout,10,degrees,42,90,34166,34166,0,0,0.7701679289,global_count,0.6,0.0159562212,False
nuscenes_mini_subset,scene-0103_008,scene-0103,calibration,sector_dropout,20,degrees,42,90,33549,33549,0,2,1,global_count,0.6,0.03372695853,False
nuscenes_mini_subset,scene-0103_008,scene-0103,calibration,sector_dropout,30,degrees,42,90,32831,32831,0,2,1,global_count,0.6,0.05440668203,False
nuscenes_mini_subset,scene-0103_009,scene-0103,test,original,0,none,42,90,34720,34720,0,0,0.7942048074,global_count,0.6,0,False
nuscenes_mini_subset,scene-0103_009,scene-0103,test,random_dropout,0.1,fraction_removed,42,90,31288,31288,0,0,0.8139611459,global_count,0.6,0.09884792627,False
nuscenes_mini_subset,scene-0103_009,scene-0103,test,random_dropout,0.3,fraction_removed,42,90,24255,24255,0,0,0.8561080013,global_count,0.6,0.3014112903,False
nuscenes_mini_subset,scene-0103_009,scene-0103,test,random_dropout,0.5,fraction_removed,42,90,17283,17283,0,0,0.895291406,global_count,0.6,0.5022177419,False
nuscenes_mini_subset,scene-0103_009,scene-0103,test,sector_dropout,10,degrees,42,90,34174,34174,0,0,0.7942048074,global_count,0.6,0.01572580645,False
nuscenes_mini_subset,scene-0103_009,scene-0103,test,sector_dropout,20,degrees,42,90,33561,33561,0,2,1,global_count,0.6,0.03338133641,False
nuscenes_mini_subset,scene-0103_009,scene-0103,test,sector_dropout,30,degrees,42,90,32808,32808,0,2,1,global_count,0.6,0.05506912442,False
nuscenes_mini_subset,scene-0103_010,scene-0103,calibration,original,0,none,42,90,34720,34720,0,0,0.6728160608,global_count,0.6,0,False
nuscenes_mini_subset,scene-0103_010,scene-0103,calibration,random_dropout,0.1,fraction_removed,42,90,31288,31288,0,0,0.7080846446,global_count,0.6,0.09884792627,False
nuscenes_mini_subset,scene-0103_010,scene-0103,calibration,random_dropout,0.3,fraction_removed,42,90,24255,24255,0,0,0.7759088443,global_count,0.6,0.3014112903,False
nuscenes_mini_subset,scene-0103_010,scene-0103,calibration,random_dropout,0.5,fraction_removed,42,90,17283,17283,0,0,0.8426478568,global_count,0.6,0.5022177419,False
nuscenes_mini_subset,scene-0103_010,scene-0103,calibration,sector_dropout,10,degrees,42,90,34162,34162,0,0,0.6728160608,global_count,0.6,0.01607142857,False
nuscenes_mini_subset,scene-0103_010,scene-0103,calibration,sector_dropout,20,degrees,42,90,33505,33505,0,2,1,global_count,0.6,0.03499423963,False
nuscenes_mini_subset,scene-0103_010,scene-0103,calibration,sector_dropout,30,degrees,42,90,32755,32755,0,2,1,global_count,0.6,0.05659562212,False
nuscenes_mini_subset,scene-0103_011,scene-0103,test,original,0,none,42,90,34688,34688,0,0,0.6842105263,global_count,0.6,0.0009216589862,False
nuscenes_mini_subset,scene-0103_011,scene-0103,test,random_dropout,0.1,fraction_removed,42,90,31260,31260,0,0,0.7178513294,global_count,0.6,0.09965437788,False
nuscenes_mini_subset,scene-0103_011,scene-0103,test,random_dropout,0.3,fraction_removed,42,90,24237,24237,0,0,0.7851329354,global_count,0.6,0.3019297235,False
nuscenes_mini_subset,scene-0103_011,scene-0103,test,random_dropout,0.5,fraction_removed,42,90,17270,17270,0,0,0.8491589799,global_count,0.6,0.5025921659,False
nuscenes_mini_subset,scene-0103_011,scene-0103,test,sector_dropout,10,degrees,42,90,34078,34078,0,0,0.6842105263,global_count,0.6,0.01849078341,False
nuscenes_mini_subset,scene-0103_011,scene-0103,test,sector_dropout,20,degrees,42,90,33408,33408,0,2,1,global_count,0.6,0.03778801843,False
nuscenes_mini_subset,scene-0103_011,scene-0103,test,sector_dropout,30,degrees,42,90,32649,32649,0,2,1,global_count,0.6,0.05964861751,False
nuscenes_mini_subset,scene-0103_012,scene-0103,calibration,original,0,none,42,90,34688,34688,0,0,0.6782419967,global_count,0.6,0.0009216589862,False
nuscenes_mini_subset,scene-0103_012,scene-0103,calibration,random_dropout,0.1,fraction_removed,42,90,31260,31260,0,0,0.7107976126,global_count,0.6,0.09965437788,False
nuscenes_mini_subset,scene-0103_012,scene-0103,calibration,random_dropout,0.3,fraction_removed,42,90,24237,24237,0,0,0.7780792187,global_count,0.6,0.3019297235,False
nuscenes_mini_subset,scene-0103_012,scene-0103,calibration,random_dropout,0.5,fraction_removed,42,90,17270,17270,0,0,0.843733044,global_count,0.6,0.5025921659,False
nuscenes_mini_subset,scene-0103_012,scene-0103,calibration,sector_dropout,10,degrees,42,90,34076,34076,0,0,0.6782419967,global_count,0.6,0.0185483871,False
nuscenes_mini_subset,scene-0103_012,scene-0103,calibration,sector_dropout,20,degrees,42,90,33380,33380,0,2,1,global_count,0.6,0.03859447005,False
nuscenes_mini_subset,scene-0103_012,scene-0103,calibration,sector_dropout,30,degrees,42,90,32605,32605,0,2,1,global_count,0.6,0.06091589862,False
nuscenes_mini_subset,scene-0103_013,scene-0103,test,original,0,none,42,90,34688,34688,0,0,0.2136181575,global_count,0.6,0.0009216589862,False
nuscenes_mini_subset,scene-0103_013,scene-0103,test,random_dropout,0.1,fraction_removed,42,90,31260,31260,0,0,0.2950600801,global_count,0.6,0.09965437788,False
nuscenes_mini_subset,scene-0103_013,scene-0103,test,random_dropout,0.3,fraction_removed,42,90,24237,24237,0,0,0.4632843792,global_count,0.6,0.3019297235,False
nuscenes_mini_subset,scene-0103_013,scene-0103,test,random_dropout,0.5,fraction_removed,42,90,17270,17270,0,0,0.6141522029,global_count,0.6,0.5025921659,False
nuscenes_mini_subset,scene-0103_013,scene-0103,test,sector_dropout,10,degrees,42,90,34061,34061,0,0,0.4736842105,global_count,0.6,0.01898041475,False
nuscenes_mini_subset,scene-0103_013,scene-0103,test,sector_dropout,20,degrees,42,90,33357,33357,0,2,1,global_count,0.6,0.03925691244,False
nuscenes_mini_subset,scene-0103_013,scene-0103,test,sector_dropout,30,degrees,42,90,32548,32548,0,2,1,global_count,0.6,0.06255760369,False
nuscenes_mini_subset,scene-0103_014,scene-0103,calibration,original,0,none,42,90,34720,34720,0,0,0.6196418882,global_count,0.6,0,False
nuscenes_mini_subset,scene-0103_014,scene-0103,calibration,random_dropout,0.1,fraction_removed,42,90,31288,31288,0,0,0.660336408,global_count,0.6,0.09884792627,False
nuscenes_mini_subset,scene-0103_014,scene-0103,calibration,random_dropout,0.3,fraction_removed,42,90,24255,24255,0,0,0.7379272925,global_count,0.6,0.3014112903,False
nuscenes_mini_subset,scene-0103_014,scene-0103,calibration,random_dropout,0.5,fraction_removed,42,90,17283,17283,0,0,0.8166033641,global_count,0.6,0.5022177419,False
nuscenes_mini_subset,scene-0103_014,scene-0103,calibration,sector_dropout,10,degrees,42,90,34073,34073,0,0,0.6196418882,global_count,0.6,0.01863479263,False
nuscenes_mini_subset,scene-0103_014,scene-0103,calibration,sector_dropout,20,degrees,42,90,33351,33351,0,2,1,global_count,0.6,0.0394297235,False
nuscenes_mini_subset,scene-0103_014,scene-0103,calibration,sector_dropout,30,degrees,42,90,32523,32523,0,2,1,global_count,0.6,0.06327764977,False
nuscenes_mini_subset,scene-0103_015,scene-0103,test,original,0,none,42,90,34688,34688,0,0,0.4119196576,global_count,0.6,0.0009216589862,False
nuscenes_mini_subset,scene-0103_015,scene-0103,test,random_dropout,0.1,fraction_removed,42,90,31260,31260,0,0,0.471188673,global_count,0.6,0.09965437788,False
nuscenes_mini_subset,scene-0103_015,scene-0103,test,random_dropout,0.3,fraction_removed,42,90,24237,24237,0,0,0.5946657886,global_count,0.6,0.3019297235,False
nuscenes_mini_subset,scene-0103_015,scene-0103,test,random_dropout,0.5,fraction_removed,42,90,17270,17270,0,0,0.7089232796,global_count,0.6,0.5025921659,False
nuscenes_mini_subset,scene-0103_015,scene-0103,test,sector_dropout,10,degrees,42,90,34032,34032,0,0,0.4736842105,global_count,0.6,0.0198156682,False
nuscenes_mini_subset,scene-0103_015,scene-0103,test,sector_dropout,20,degrees,42,90,33326,33326,0,2,1,global_count,0.6,0.04014976959,False
nuscenes_mini_subset,scene-0103_015,scene-0103,test,sector_dropout,30,degrees,42,90,32508,32508,0,2,1,global_count,0.6,0.06370967742,False
nuscenes_mini_subset,scene-0103_016,scene-0103,calibration,original,0,none,42,90,34720,34720,0,0,0.6652197504,global_count,0.6,0,False
nuscenes_mini_subset,scene-0103_016,scene-0103,calibration,random_dropout,0.1,fraction_removed,42,90,31288,31288,0,0,0.699403147,global_count,0.6,0.09884792627,False
nuscenes_mini_subset,scene-0103_016,scene-0103,calibration,random_dropout,0.3,fraction_removed,42,90,24255,24255,0,0,0.7677699403,global_count,0.6,0.3014112903,False
nuscenes_mini_subset,scene-0103_016,scene-0103,calibration,random_dropout,0.5,fraction_removed,42,90,17283,17283,0,0,0.8372219208,global_count,0.6,0.5022177419,False
nuscenes_mini_subset,scene-0103_016,scene-0103,calibration,sector_dropout,10,degrees,42,90,34055,34055,0,0,0.6652197504,global_count,0.6,0.01915322581,False
nuscenes_mini_subset,scene-0103_016,scene-0103,calibration,sector_dropout,20,degrees,42,90,33363,33363,0,2,1,global_count,0.6,0.03908410138,False
nuscenes_mini_subset,scene-0103_016,scene-0103,calibration,sector_dropout,30,degrees,42,90,32545,32545,0,2,1,global_count,0.6,0.06264400922,False
nuscenes_mini_subset,scene-0103_017,scene-0103,test,original,0,none,42,90,34720,34720,0,0,0.6391752577,global_count,0.6,0,False
nuscenes_mini_subset,scene-0103_017,scene-0103,test,random_dropout,0.1,fraction_removed,42,90,31288,31288,0,0,0.6771568095,global_count,0.6,0.09884792627,False
nuscenes_mini_subset,scene-0103_017,scene-0103,test,random_dropout,0.3,fraction_removed,42,90,24255,24255,0,0,0.7514921324,global_count,0.6,0.3014112903,False
nuscenes_mini_subset,scene-0103_017,scene-0103,test,random_dropout,0.5,fraction_removed,42,90,17283,17283,0,0,0.8214867065,global_count,0.6,0.5022177419,False
nuscenes_mini_subset,scene-0103_017,scene-0103,test,sector_dropout,10,degrees,42,90,34063,34063,0,0,0.6391752577,global_count,0.6,0.01892281106,False
nuscenes_mini_subset,scene-0103_017,scene-0103,test,sector_dropout,20,degrees,42,90,33366,33366,0,2,1,global_count,0.6,0.03899769585,False
nuscenes_mini_subset,scene-0103_017,scene-0103,test,sector_dropout,30,degrees,42,90,32561,32561,0,2,1,global_count,0.6,0.06218317972,False
nuscenes_mini_subset,scene-0103_018,scene-0103,calibration,original,0,none,42,90,34784,34784,0,0,0.5492262101,global_count,0.6,0,False
nuscenes_mini_subset,scene-0103_018,scene-0103,calibration,random_dropout,0.1,fraction_removed,42,90,31345,31345,0,0,0.5956536055,global_count,0.6,0.0972062212,False
nuscenes_mini_subset,scene-0103_018,scene-0103,calibration,random_dropout,0.3,fraction_removed,42,90,24300,24300,0,0,0.6957523872,global_count,0.6,0.3001152074,False
nuscenes_mini_subset,scene-0103_018,scene-0103,calibration,random_dropout,0.5,fraction_removed,42,90,17313,17313,0,0,0.7816924597,global_count,0.6,0.5013536866,False
nuscenes_mini_subset,scene-0103_018,scene-0103,calibration,sector_dropout,10,degrees,42,90,34149,34149,0,0,0.5492262101,global_count,0.6,0.01644585253,False
nuscenes_mini_subset,scene-0103_018,scene-0103,calibration,sector_dropout,20,degrees,42,90,33454,33454,0,2,1,global_count,0.6,0.03646313364,False
nuscenes_mini_subset,scene-0103_018,scene-0103,calibration,sector_dropout,30,degrees,42,90,32635,32635,0,2,1,global_count,0.6,0.06005184332,False
nuscenes_mini_subset,scene-0103_019,scene-0103,test,original,0,none,42,90,34784,34784,0,0,0.6077048291,global_count,0.6,0,False
nuscenes_mini_subset,scene-0103_019,scene-0103,test,random_dropout,0.1,fraction_removed,42,90,31345,31345,0,0,0.6483993489,global_count,0.6,0.0972062212,False
nuscenes_mini_subset,scene-0103_019,scene-0103,test,random_dropout,0.3,fraction_removed,42,90,24300,24300,0,0,0.7303309821,global_count,0.6,0.3001152074,False
nuscenes_mini_subset,scene-0103_019,scene-0103,test,random_dropout,0.5,fraction_removed,42,90,17313,17313,0,0,0.8122626153,global_count,0.6,0.5013536866,False
nuscenes_mini_subset,scene-0103_019,scene-0103,test,sector_dropout,10,degrees,42,90,34123,34123,0,0,0.6077048291,global_count,0.6,0.01719470046,False
nuscenes_mini_subset,scene-0103_019,scene-0103,test,sector_dropout,20,degrees,42,90,33427,33427,0,2,1,global_count,0.6,0.03724078341,False
nuscenes_mini_subset,scene-0103_019,scene-0103,test,sector_dropout,30,degrees,42,90,32594,32594,0,2,1,global_count,0.6,0.06123271889,False
nuscenes_mini_subset,scene-0103_020,scene-0103,calibration,original,0,none,42,90,34752,34752,0,0,0.4498100922,global_count,0.6,0,False
nuscenes_mini_subset,scene-0103_020,scene-0103,calibration,random_dropout,0.1,fraction_removed,42,90,31318,31318,0,0,0.5024416712,global_count,0.6,0.09798387097,False
nuscenes_mini_subset,scene-0103_020,scene-0103,calibration,random_dropout,0.3,fraction_removed,42,90,24280,24280,0,0,0.6169289202,global_count,0.6,0.3006912442,False
nuscenes_mini_subset,scene-0103_020,scene-0103,calibration,random_dropout,0.5,fraction_removed,42,90,17300,17300,0,0,0.7308735757,global_count,0.6,0.5017281106,False
nuscenes_mini_subset,scene-0103_020,scene-0103,calibration,sector_dropout,10,degrees,42,90,34095,34095,0,0,0.4751879699,global_count,0.6,0.01800115207,False
nuscenes_mini_subset,scene-0103_020,scene-0103,calibration,sector_dropout,20,degrees,42,90,33395,33395,0,2,1,global_count,0.6,0.0381624424,False
nuscenes_mini_subset,scene-0103_020,scene-0103,calibration,sector_dropout,30,degrees,42,90,32563,32563,0,2,1,global_count,0.6,0.06212557604,False
nuscenes_mini_subset,scene-0103_021,scene-0103,test,original,0,none,42,90,34752,34752,0,0,0.6733586544,global_count,0.6,0,False
nuscenes_mini_subset,scene-0103_021,scene-0103,test,random_dropout,0.1,fraction_removed,42,90,31318,31318,0,0,0.7091698318,global_count,0.6,0.09798387097,False
nuscenes_mini_subset,scene-0103_021,scene-0103,test,random_dropout,0.3,fraction_removed,42,90,24280,24280,0,0,0.7764514379,global_count,0.6,0.3006912442,False
nuscenes_mini_subset,scene-0103_021,scene-0103,test,random_dropout,0.5,fraction_removed,42,90,17300,17300,0,0,0.8415626696,global_count,0.6,0.5017281106,False
nuscenes_mini_subset,scene-0103_021,scene-0103,test,sector_dropout,10,degrees,42,90,34105,34105,0,0,0.6733586544,global_count,0.6,0.01771313364,False
nuscenes_mini_subset,scene-0103_021,scene-0103,test,sector_dropout,20,degrees,42,90,33414,33414,0,2,1,global_count,0.6,0.03761520737,False
nuscenes_mini_subset,scene-0103_021,scene-0103,test,sector_dropout,30,degrees,42,90,32584,32584,0,2,1,global_count,0.6,0.06152073733,False
nuscenes_mini_subset,scene-0103_022,scene-0103,calibration,original,0,none,42,90,34752,34752,0,0,0.6435160065,global_count,0.6,0,False
nuscenes_mini_subset,scene-0103_022,scene-0103,calibration,random_dropout,0.1,fraction_removed,42,90,31318,31318,0,0,0.6809549647,global_count,0.6,0.09798387097,False
nuscenes_mini_subset,scene-0103_022,scene-0103,calibration,random_dropout,0.3,fraction_removed,42,90,24280,24280,0,0,0.7525773196,global_count,0.6,0.3006912442,False
nuscenes_mini_subset,scene-0103_022,scene-0103,calibration,random_dropout,0.5,fraction_removed,42,90,17300,17300,0,0,0.8220293001,global_count,0.6,0.5017281106,False
nuscenes_mini_subset,scene-0103_022,scene-0103,calibration,sector_dropout,10,degrees,42,90,34111,34111,0,0,0.6435160065,global_count,0.6,0.01754032258,False
nuscenes_mini_subset,scene-0103_022,scene-0103,calibration,sector_dropout,20,degrees,42,90,33441,33441,0,2,1,global_count,0.6,0.0368375576,False
nuscenes_mini_subset,scene-0103_022,scene-0103,calibration,sector_dropout,30,degrees,42,90,32621,32621,0,2,1,global_count,0.6,0.06045506912,False
nuscenes_mini_subset,scene-0103_023,scene-0103,test,original,0,none,42,90,34720,34720,0,0,0.6272637471,global_count,0.6,0,False
nuscenes_mini_subset,scene-0103_023,scene-0103,test,random_dropout,0.1,fraction_removed,42,90,31288,31288,0,0,0.6631544287,global_count,0.6,0.09884792627,False
nuscenes_mini_subset,scene-0103_023,scene-0103,test,random_dropout,0.3,fraction_removed,42,90,24255,24255,0,0,0.7349357919,global_count,0.6,0.3014112903,False
nuscenes_mini_subset,scene-0103_023,scene-0103,test,random_dropout,0.5,fraction_removed,42,90,17283,17283,0,0,0.8123147843,global_count,0.6,0.5022177419,False
nuscenes_mini_subset,scene-0103_023,scene-0103,test,sector_dropout,10,degrees,42,90,34089,34089,0,0,0.6272637471,global_count,0.6,0.01817396313,False
nuscenes_mini_subset,scene-0103_023,scene-0103,test,sector_dropout,20,degrees,42,90,33403,33403,0,2,1,global_count,0.6,0.03793202765,False
nuscenes_mini_subset,scene-0103_023,scene-0103,test,sector_dropout,30,degrees,42,90,32595,32595,0,2,1,global_count,0.6,0.06120391705,False
nuscenes_mini_subset,scene-0103_024,scene-0103,calibration,original,0,none,42,90,34688,34688,0,0,0.576776994,global_count,0.6,0.0009216589862,False
nuscenes_mini_subset,scene-0103_024,scene-0103,calibration,random_dropout,0.1,fraction_removed,42,90,31260,31260,0,0,0.6180141074,global_count,0.6,0.09965437788,False
nuscenes_mini_subset,scene-0103_024,scene-0103,calibration,random_dropout,0.3,fraction_removed,42,90,24237,24237,0,0,0.7069994574,global_count,0.6,0.3019297235,False
nuscenes_mini_subset,scene-0103_024,scene-0103,calibration,random_dropout,0.5,fraction_removed,42,90,17270,17270,0,0,0.796527401,global_count,0.6,0.5025921659,False
nuscenes_mini_subset,scene-0103_024,scene-0103,calibration,sector_dropout,10,degrees,42,90,34055,34055,0,0,0.576776994,global_count,0.6,0.01915322581,False
nuscenes_mini_subset,scene-0103_024,scene-0103,calibration,sector_dropout,20,degrees,42,90,33385,33385,0,2,1,global_count,0.6,0.03845046083,False
nuscenes_mini_subset,scene-0103_024,scene-0103,calibration,sector_dropout,30,degrees,42,90,32584,32584,0,2,1,global_count,0.6,0.06152073733,False
nuscenes_mini_subset,scene-0103_025,scene-0103,test,original,0,none,42,90,34688,34688,0,0,0.7902535397,global_count,0.6,0.0009216589862,False
nuscenes_mini_subset,scene-0103_025,scene-0103,test,random_dropout,0.1,fraction_removed,42,90,31260,31260,0,0,0.8106684228,global_count,0.6,0.09965437788,False
nuscenes_mini_subset,scene-0103_025,scene-0103,test,random_dropout,0.3,fraction_removed,42,90,24237,24237,0,0,0.8505103721,global_count,0.6,0.3019297235,False
nuscenes_mini_subset,scene-0103_025,scene-0103,test,random_dropout,0.5,fraction_removed,42,90,17270,17270,0,0,0.8913401383,global_count,0.6,0.5025921659,False
nuscenes_mini_subset,scene-0103_025,scene-0103,test,sector_dropout,10,degrees,42,90,34068,34068,0,0,0.7902535397,global_count,0.6,0.01877880184,False
nuscenes_mini_subset,scene-0103_025,scene-0103,test,sector_dropout,20,degrees,42,90,33409,33409,0,2,1,global_count,0.6,0.03775921659,False
nuscenes_mini_subset,scene-0103_025,scene-0103,test,sector_dropout,30,degrees,42,90,32630,32630,0,2,1,global_count,0.6,0.06019585253,False
nuscenes_mini_subset,scene-0103_026,scene-0103,calibration,original,0,none,42,90,34688,34688,0,0,0.773460652,global_count,0.6,0.0009216589862,False
nuscenes_mini_subset,scene-0103_026,scene-0103,calibration,random_dropout,0.1,fraction_removed,42,90,31260,31260,0,0,0.7945340797,global_count,0.6,0.09965437788,False
nuscenes_mini_subset,scene-0103_026,scene-0103,calibration,random_dropout,0.3,fraction_removed,42,90,24237,24237,0,0,0.8406322028,global_count,0.6,0.3019297235,False
nuscenes_mini_subset,scene-0103_026,scene-0103,calibration,random_dropout,0.5,fraction_removed,42,90,17270,17270,0,0,0.8877181429,global_count,0.6,0.5025921659,False
nuscenes_mini_subset,scene-0103_026,scene-0103,calibration,sector_dropout,10,degrees,42,90,34086,34086,0,0,0.773460652,global_count,0.6,0.01826036866,False
nuscenes_mini_subset,scene-0103_026,scene-0103,calibration,sector_dropout,20,degrees,42,90,33423,33423,0,2,1,global_count,0.6,0.03735599078,False
nuscenes_mini_subset,scene-0103_026,scene-0103,calibration,sector_dropout,30,degrees,42,90,32672,32672,0,2,1,global_count,0.6,0.05898617512,False
nuscenes_mini_subset,scene-0103_027,scene-0103,test,original,0,none,42,90,34752,34752,0,0,0.6521975041,global_count,0.6,0,False
nuscenes_mini_subset,scene-0103_027,scene-0103,test,random_dropout,0.1,fraction_removed,42,90,31318,31318,0,0,0.6874660879,global_count,0.6,0.09798387097,False
nuscenes_mini_subset,scene-0103_027,scene-0103,test,random_dropout,0.3,fraction_removed,42,90,24280,24280,0,0,0.7569180684,global_count,0.6,0.3006912442,False
nuscenes_mini_subset,scene-0103_027,scene-0103,test,random_dropout,0.5,fraction_removed,42,90,17300,17300,0,0,0.8263700488,global_count,0.6,0.5017281106,False
nuscenes_mini_subset,scene-0103_027,scene-0103,test,sector_dropout,10,degrees,42,90,34167,34167,0,0,0.6521975041,global_count,0.6,0.01592741935,False
nuscenes_mini_subset,scene-0103_027,scene-0103,test,sector_dropout,20,degrees,42,90,33521,33521,0,2,1,global_count,0.6,0.03453341014,False
nuscenes_mini_subset,scene-0103_027,scene-0103,test,sector_dropout,30,degrees,42,90,32768,32768,0,2,1,global_count,0.6,0.05622119816,False
nuscenes_mini_subset,scene-0103_028,scene-0103,calibration,original,0,none,42,90,34720,34720,0,0,0.7843266381,global_count,0.6,0,False
nuscenes_mini_subset,scene-0103_028,scene-0103,calibration,random_dropout,0.1,fraction_removed,42,90,31288,31288,0,0,0.8050707935,global_count,0.6,0.09884792627,False
nuscenes_mini_subset,scene-0103_028,scene-0103,calibration,random_dropout,0.3,fraction_removed,42,90,24255,24255,0,0,0.8482054659,global_count,0.6,0.3014112903,False
nuscenes_mini_subset,scene-0103_028,scene-0103,calibration,random_dropout,0.5,fraction_removed,42,90,17283,17283,0,0,0.8890352321,global_count,0.6,0.5022177419,False
nuscenes_mini_subset,scene-0103_028,scene-0103,calibration,sector_dropout,10,degrees,42,90,34151,34151,0,0,0.7843266381,global_count,0.6,0.01638824885,False
nuscenes_mini_subset,scene-0103_028,scene-0103,calibration,sector_dropout,20,degrees,42,90,33510,33510,0,2,1,global_count,0.6,0.03485023041,False
nuscenes_mini_subset,scene-0103_028,scene-0103,calibration,sector_dropout,30,degrees,42,90,32755,32755,0,2,1,global_count,0.6,0.05659562212,False
nuscenes_mini_subset,scene-0103_029,scene-0103,test,original,0,none,42,90,34720,34720,0,0,0.4134563212,global_count,0.6,0,False
nuscenes_mini_subset,scene-0103_029,scene-0103,test,random_dropout,0.1,fraction_removed,42,90,31288,31288,0,0,0.4742268041,global_count,0.6,0.09884792627,False
nuscenes_mini_subset,scene-0103_029,scene-0103,test,random_dropout,0.3,fraction_removed,42,90,24255,24255,0,0,0.5957677699,global_count,0.6,0.3014112903,False
nuscenes_mini_subset,scene-0103_029,scene-0103,test,random_dropout,0.5,fraction_removed,42,90,17283,17283,0,0,0.7145957678,global_count,0.6,0.5022177419,False
nuscenes_mini_subset,scene-0103_029,scene-0103,test,sector_dropout,10,degrees,42,90,34160,34160,0,0,0.5428571429,global_count,0.6,0.01612903226,False
nuscenes_mini_subset,scene-0103_029,scene-0103,test,sector_dropout,20,degrees,42,90,33514,33514,0,2,1,global_count,0.6,0.03473502304,False
nuscenes_mini_subset,scene-0103_029,scene-0103,test,sector_dropout,30,degrees,42,90,32798,32798,0,2,1,global_count,0.6,0.05535714286,False
nuscenes_mini_subset,scene-0103_030,scene-0103,calibration,original,0,none,42,90,34688,34688,0,0,0.8106684228,global_count,0.6,0.0009216589862,False
nuscenes_mini_subset,scene-0103_030,scene-0103,calibration,random_dropout,0.1,fraction_removed,42,90,31260,31260,0,0,0.8297662167,global_count,0.6,0.09965437788,False
nuscenes_mini_subset,scene-0103_030,scene-0103,calibration,random_dropout,0.3,fraction_removed,42,90,24237,24237,0,0,0.8663154429,global_count,0.6,0.3019297235,False
nuscenes_mini_subset,scene-0103_030,scene-0103,calibration,random_dropout,0.5,fraction_removed,42,90,17270,17270,0,0,0.9031939414,global_count,0.6,0.5025921659,False
nuscenes_mini_subset,scene-0103_030,scene-0103,calibration,sector_dropout,10,degrees,42,90,34127,34127,0,0,0.8106684228,global_count,0.6,0.01707949309,False
nuscenes_mini_subset,scene-0103_030,scene-0103,calibration,sector_dropout,20,degrees,42,90,33482,33482,0,2,1,global_count,0.6,0.03565668203,False
nuscenes_mini_subset,scene-0103_030,scene-0103,calibration,sector_dropout,30,degrees,42,90,32731,32731,0,2,1,global_count,0.6,0.05728686636,False
nuscenes_mini_subset,scene-0103_031,scene-0103,test,original,0,none,42,90,34688,34688,0,0,0.8103391505,global_count,0.6,0.0009216589862,False
nuscenes_mini_subset,scene-0103_031,scene-0103,test,random_dropout,0.1,fraction_removed,42,90,31260,31260,0,0,0.8287783997,global_count,0.6,0.09965437788,False
nuscenes_mini_subset,scene-0103_031,scene-0103,test,random_dropout,0.3,fraction_removed,42,90,24237,24237,0,0,0.8653276259,global_count,0.6,0.3019297235,False
nuscenes_mini_subset,scene-0103_031,scene-0103,test,random_dropout,0.5,fraction_removed,42,90,17270,17270,0,0,0.9028646691,global_count,0.6,0.5025921659,False
nuscenes_mini_subset,scene-0103_031,scene-0103,test,sector_dropout,10,degrees,42,90,34138,34138,0,0,0.8103391505,global_count,0.6,0.01676267281,False
nuscenes_mini_subset,scene-0103_031,scene-0103,test,sector_dropout,20,degrees,42,90,33506,33506,0,2,1,global_count,0.6,0.03496543779,False
nuscenes_mini_subset,scene-0103_031,scene-0103,test,sector_dropout,30,degrees,42,90,32761,32761,0,2,1,global_count,0.6,0.05642281106,False
nuscenes_mini_subset,scene-0103_032,scene-0103,calibration,original,0,none,42,90,34752,34752,0,0,0.8109976951,global_count,0.6,0,False
nuscenes_mini_subset,scene-0103_032,scene-0103,calibration,random_dropout,0.1,fraction_removed,42,90,31318,31318,0,0,0.8297662167,global_count,0.6,0.09798387097,False
nuscenes_mini_subset,scene-0103_032,scene-0103,calibration,random_dropout,0.3,fraction_removed,42,90,24280,24280,0,0,0.8676325321,global_count,0.6,0.3006912442,False
nuscenes_mini_subset,scene-0103_032,scene-0103,calibration,random_dropout,0.5,fraction_removed,42,90,17300,17300,0,0,0.9048403029,global_count,0.6,0.5017281106,False
nuscenes_mini_subset,scene-0103_032,scene-0103,calibration,sector_dropout,10,degrees,42,90,34206,34206,0,0,0.8109976951,global_count,0.6,0.01480414747,False
nuscenes_mini_subset,scene-0103_032,scene-0103,calibration,sector_dropout,20,degrees,42,90,33570,33570,0,2,1,global_count,0.6,0.03312211982,False
nuscenes_mini_subset,scene-0103_032,scene-0103,calibration,sector_dropout,30,degrees,42,90,32828,32828,0,2,1,global_count,0.6,0.05449308756,False
nuscenes_mini_subset,scene-0103_033,scene-0103,test,original,0,none,42,90,34784,34784,0,0,0.8152782351,global_count,0.6,0,False
nuscenes_mini_subset,scene-0103_033,scene-0103,test,random_dropout,0.1,fraction_removed,42,90,31345,31345,0,0,0.8353638459,global_count,0.6,0.0972062212,False
nuscenes_mini_subset,scene-0103_033,scene-0103,test,random_dropout,0.3,fraction_removed,42,90,24300,24300,0,0,0.8742179783,global_count,0.6,0.3001152074,False
nuscenes_mini_subset,scene-0103_033,scene-0103,test,random_dropout,0.5,fraction_removed,42,90,17313,17313,0,0,0.9107672045,global_count,0.6,0.5013536866,False
nuscenes_mini_subset,scene-0103_033,scene-0103,test,sector_dropout,10,degrees,42,90,34224,34224,0,0,0.8152782351,global_count,0.6,0.01428571429,False
nuscenes_mini_subset,scene-0103_033,scene-0103,test,sector_dropout,20,degrees,42,90,33602,33602,0,2,1,global_count,0.6,0.03220046083,False
nuscenes_mini_subset,scene-0103_033,scene-0103,test,sector_dropout,30,degrees,42,90,32854,32854,0,2,1,global_count,0.6,0.05374423963,False
nuscenes_mini_subset,scene-0103_034,scene-0103,calibration,original,0,none,42,90,34688,34688,0,0,0.2034902865,global_count,0.6,0.0009216589862,False
nuscenes_mini_subset,scene-0103_034,scene-0103,calibration,random_dropout,0.1,fraction_removed,42,90,31260,31260,0,0,0.2835034574,global_count,0.6,0.09965437788,False
nuscenes_mini_subset,scene-0103_034,scene-0103,calibration,random_dropout,0.3,fraction_removed,42,90,24237,24237,0,0,0.4445176161,global_count,0.6,0.3019297235,False
nuscenes_mini_subset,scene-0103_034,scene-0103,calibration,random_dropout,0.5,fraction_removed,42,90,17270,17270,0,0,0.6195488722,global_count,0.6,0.5025921659,False
nuscenes_mini_subset,scene-0103_034,scene-0103,calibration,sector_dropout,10,degrees,42,90,34149,34149,0,0,0.5714285714,global_count,0.6,0.01644585253,False
nuscenes_mini_subset,scene-0103_034,scene-0103,calibration,sector_dropout,20,degrees,42,90,33512,33512,0,2,1,global_count,0.6,0.03479262673,False
nuscenes_mini_subset,scene-0103_034,scene-0103,calibration,sector_dropout,30,degrees,42,90,32762,32762,0,2,1,global_count,0.6,0.05639400922,False
nuscenes_mini_subset,scene-0103_035,scene-0103,test,original,0,none,42,90,34720,34720,0,0,0.8189002305,global_count,0.6,0,False
nuscenes_mini_subset,scene-0103_035,scene-0103,test,random_dropout,0.1,fraction_removed,42,90,31288,31288,0,0,0.8363516628,global_count,0.6,0.09884792627,False
nuscenes_mini_subset,scene-0103_035,scene-0103,test,random_dropout,0.3,fraction_removed,42,90,24255,24255,0,0,0.8709252552,global_count,0.6,0.3014112903,False
nuscenes_mini_subset,scene-0103_035,scene-0103,test,random_dropout,0.5,fraction_removed,42,90,17283,17283,0,0,0.9061573922,global_count,0.6,0.5022177419,False
nuscenes_mini_subset,scene-0103_035,scene-0103,test,sector_dropout,10,degrees,42,90,34161,34161,0,0,0.8189002305,global_count,0.6,0.01610023041,False
nuscenes_mini_subset,scene-0103_035,scene-0103,test,sector_dropout,20,degrees,42,90,33562,33562,0,2,1,global_count,0.6,0.03335253456,False
nuscenes_mini_subset,scene-0103_035,scene-0103,test,sector_dropout,30,degrees,42,90,32824,32824,0,2,1,global_count,0.6,0.05460829493,False
nuscenes_mini_subset,scene-0103_036,scene-0103,calibration,original,0,none,42,90,34752,34752,0,0,0.8096806059,global_count,0.6,0,False
nuscenes_mini_subset,scene-0103_036,scene-0103,calibration,random_dropout,0.1,fraction_removed,42,90,31318,31318,0,0,0.8297662167,global_count,0.6,0.09798387097,False
nuscenes_mini_subset,scene-0103_036,scene-0103,calibration,random_dropout,0.3,fraction_removed,42,90,24280,24280,0,0,0.869608166,global_count,0.6,0.3006912442,False
nuscenes_mini_subset,scene-0103_036,scene-0103,calibration,random_dropout,0.5,fraction_removed,42,90,17300,17300,0,0,0.9061573922,global_count,0.6,0.5017281106,False
nuscenes_mini_subset,scene-0103_036,scene-0103,calibration,sector_dropout,10,degrees,42,90,34202,34202,0,0,0.8096806059,global_count,0.6,0.01491935484,False
nuscenes_mini_subset,scene-0103_036,scene-0103,calibration,sector_dropout,20,degrees,42,90,33570,33570,0,2,1,global_count,0.6,0.03312211982,False
nuscenes_mini_subset,scene-0103_036,scene-0103,calibration,sector_dropout,30,degrees,42,90,32829,32829,0,2,1,global_count,0.6,0.05446428571,False
nuscenes_mini_subset,scene-0103_037,scene-0103,test,original,0,none,42,90,34720,34720,0,0,0.811985512,global_count,0.6,0,False
nuscenes_mini_subset,scene-0103_037,scene-0103,test,random_dropout,0.1,fraction_removed,42,90,31288,31288,0,0,0.8310833059,global_count,0.6,0.09884792627,False
nuscenes_mini_subset,scene-0103_037,scene-0103,test,random_dropout,0.3,fraction_removed,42,90,24255,24255,0,0,0.8679618044,global_count,0.6,0.3014112903,False
nuscenes_mini_subset,scene-0103_037,scene-0103,test,random_dropout,0.5,fraction_removed,42,90,17283,17283,0,0,0.9045110306,global_count,0.6,0.5022177419,False
nuscenes_mini_subset,scene-0103_037,scene-0103,test,sector_dropout,10,degrees,42,90,34170,34170,0,0,0.811985512,global_count,0.6,0.01584101382,False
nuscenes_mini_subset,scene-0103_037,scene-0103,test,sector_dropout,20,degrees,42,90,33573,33573,0,2,1,global_count,0.6,0.03303571429,False
nuscenes_mini_subset,scene-0103_037,scene-0103,test,sector_dropout,30,degrees,42,90,32829,32829,0,2,1,global_count,0.6,0.05446428571,False
nuscenes_mini_subset,scene-0103_038,scene-0103,calibration,original,0,none,42,90,34752,34752,0,0,0.6424308193,global_count,0.6,0,False
nuscenes_mini_subset,scene-0103_038,scene-0103,calibration,random_dropout,0.1,fraction_removed,42,90,31318,31318,0,0,0.6825827455,global_count,0.6,0.09798387097,False
nuscenes_mini_subset,scene-0103_038,scene-0103,calibration,random_dropout,0.3,fraction_removed,42,90,24280,24280,0,0,0.7542051004,global_count,0.6,0.3006912442,False
nuscenes_mini_subset,scene-0103_038,scene-0103,calibration,random_dropout,0.5,fraction_removed,42,90,17300,17300,0,0,0.8285404232,global_count,0.6,0.5017281106,False
nuscenes_mini_subset,scene-0103_038,scene-0103,calibration,sector_dropout,10,degrees,42,90,34195,34195,0,0,0.6424308193,global_count,0.6,0.01512096774,False
nuscenes_mini_subset,scene-0103_038,scene-0103,calibration,sector_dropout,20,degrees,42,90,33560,33560,0,2,1,global_count,0.6,0.03341013825,False
nuscenes_mini_subset,scene-0103_038,scene-0103,calibration,sector_dropout,30,degrees,42,90,32820,32820,0,2,1,global_count,0.6,0.0547235023,False
nuscenes_mini_subset,scene-0103_039,scene-0103,test,original,0,none,42,90,34720,34720,0,0,0.8179124136,global_count,0.6,0,False
nuscenes_mini_subset,scene-0103_039,scene-0103,test,random_dropout,0.1,fraction_removed,42,90,31288,31288,0,0,0.8366809351,global_count,0.6,0.09884792627,False
nuscenes_mini_subset,scene-0103_039,scene-0103,test,random_dropout,0.3,fraction_removed,42,90,24255,24255,0,0,0.8722423444,global_count,0.6,0.3014112903,False
nuscenes_mini_subset,scene-0103_039,scene-0103,test,random_dropout,0.5,fraction_removed,42,90,17283,17283,0,0,0.908133026,global_count,0.6,0.5022177419,False
nuscenes_mini_subset,scene-0103_039,scene-0103,test,sector_dropout,10,degrees,42,90,34189,34189,0,0,0.8179124136,global_count,0.6,0.0152937788,False
nuscenes_mini_subset,scene-0103_039,scene-0103,test,sector_dropout,20,degrees,42,90,33586,33586,0,2,1,global_count,0.6,0.03266129032,False
nuscenes_mini_subset,scene-0103_039,scene-0103,test,sector_dropout,30,degrees,42,90,32845,32845,0,2,1,global_count,0.6,0.05400345622,False
nuscenes_mini_subset,scene-1094_000,scene-1094,calibration,original,0,none,42,90,34400,34400,0,0,0.5802997859,global_count,0.6,0.009216589862,False
nuscenes_mini_subset,scene-1094_000,scene-1094,calibration,random_dropout,0.1,fraction_removed,42,90,31003,31003,0,0,0.6209850107,global_count,0.6,0.1070564516,False
nuscenes_mini_subset,scene-1094_000,scene-1094,calibration,random_dropout,0.3,fraction_removed,42,90,24033,24033,0,0,0.7194860814,global_count,0.6,0.3078052995,False
nuscenes_mini_subset,scene-1094_000,scene-1094,calibration,random_dropout,0.5,fraction_removed,42,90,17119,17119,0,0,0.8094218415,global_count,0.6,0.5069412442,False
nuscenes_mini_subset,scene-1094_000,scene-1094,calibration,sector_dropout,10,degrees,42,90,33517,33517,0,0,0.5802997859,global_count,0.6,0.03464861751,False
nuscenes_mini_subset,scene-1094_000,scene-1094,calibration,sector_dropout,20,degrees,42,90,32616,32616,0,2,1,global_count,0.6,0.06059907834,False
nuscenes_mini_subset,scene-1094_000,scene-1094,calibration,sector_dropout,30,degrees,42,90,31737,31737,0,2,1,global_count,0.6,0.08591589862,False
nuscenes_mini_subset,scene-1094_001,scene-1094,test,original,0,none,42,90,34688,34688,0,0,0.5728051392,global_count,0.6,0.0009216589862,False
nuscenes_mini_subset,scene-1094_001,scene-1094,test,random_dropout,0.1,fraction_removed,42,90,31260,31260,0,0,0.6102783726,global_count,0.6,0.09965437788,False
nuscenes_mini_subset,scene-1094_001,scene-1094,test,random_dropout,0.3,fraction_removed,42,90,24237,24237,0,0,0.7012847966,global_count,0.6,0.3019297235,False
nuscenes_mini_subset,scene-1094_001,scene-1094,test,random_dropout,0.5,fraction_removed,42,90,17270,17270,0,0,0.7890792291,global_count,0.6,0.5025921659,False
nuscenes_mini_subset,scene-1094_001,scene-1094,test,sector_dropout,10,degrees,42,90,33800,33800,0,0,0.5728051392,global_count,0.6,0.02649769585,False
nuscenes_mini_subset,scene-1094_001,scene-1094,test,sector_dropout,20,degrees,42,90,32888,32888,0,2,1,global_count,0.6,0.05276497696,False
nuscenes_mini_subset,scene-1094_001,scene-1094,test,sector_dropout,30,degrees,42,90,32011,32011,0,2,1,global_count,0.6,0.07802419355,False
nuscenes_mini_subset,scene-1094_002,scene-1094,calibration,original,0,none,42,90,34720,34720,0,0,0.579489962,global_count,0.6,0,False
nuscenes_mini_subset,scene-1094_002,scene-1094,calibration,random_dropout,0.1,fraction_removed,42,90,31288,31288,0,0,0.6223548562,global_count,0.6,0.09884792627,False
nuscenes_mini_subset,scene-1094_002,scene-1094,calibration,random_dropout,0.3,fraction_removed,42,90,24255,24255,0,0,0.710255019,global_count,0.6,0.3014112903,False
nuscenes_mini_subset,scene-1094_002,scene-1094,calibration,random_dropout,0.5,fraction_removed,42,90,17283,17283,0,0,0.7894736842,global_count,0.6,0.5022177419,False
nuscenes_mini_subset,scene-1094_002,scene-1094,calibration,sector_dropout,10,degrees,42,90,33827,33827,0,0,0.579489962,global_count,0.6,0.02572004608,False
nuscenes_mini_subset,scene-1094_002,scene-1094,calibration,sector_dropout,20,degrees,42,90,32927,32927,0,2,1,global_count,0.6,0.05164170507,False
nuscenes_mini_subset,scene-1094_002,scene-1094,calibration,sector_dropout,30,degrees,42,90,32040,32040,0,2,1,global_count,0.6,0.07718894009,False
nuscenes_mini_subset,scene-1094_003,scene-1094,test,original,0,none,42,90,34688,34688,0,0,0.5979381443,global_count,0.6,0.0009216589862,False
nuscenes_mini_subset,scene-1094_003,scene-1094,test,random_dropout,0.1,fraction_removed,42,90,31260,31260,0,0,0.6424308193,global_count,0.6,0.09965437788,False
nuscenes_mini_subset,scene-1094_003,scene-1094,test,random_dropout,0.3,fraction_removed,42,90,24237,24237,0,0,0.7249050461,global_count,0.6,0.3019297235,False
nuscenes_mini_subset,scene-1094_003,scene-1094,test,random_dropout,0.5,fraction_removed,42,90,17270,17270,0,0,0.8041237113,global_count,0.6,0.5025921659,False
nuscenes_mini_subset,scene-1094_003,scene-1094,test,sector_dropout,10,degrees,42,90,33781,33781,0,0,0.5979381443,global_count,0.6,0.02704493088,False
nuscenes_mini_subset,scene-1094_003,scene-1094,test,sector_dropout,20,degrees,42,90,32881,32881,0,2,1,global_count,0.6,0.05296658986,False
nuscenes_mini_subset,scene-1094_003,scene-1094,test,sector_dropout,30,degrees,42,90,31999,31999,0,2,1,global_count,0.6,0.07836981567,False
nuscenes_mini_subset,scene-1094_004,scene-1094,calibration,original,0,none,42,90,34720,34720,0,0,0.6087900163,global_count,0.6,0,False
nuscenes_mini_subset,scene-1094_004,scene-1094,calibration,random_dropout,0.1,fraction_removed,42,90,31288,31288,0,0,0.6478567553,global_count,0.6,0.09884792627,False
nuscenes_mini_subset,scene-1094_004,scene-1094,calibration,random_dropout,0.3,fraction_removed,42,90,24255,24255,0,0,0.7308735757,global_count,0.6,0.3014112903,False
nuscenes_mini_subset,scene-1094_004,scene-1094,calibration,random_dropout,0.5,fraction_removed,42,90,17283,17283,0,0,0.8090070537,global_count,0.6,0.5022177419,False
nuscenes_mini_subset,scene-1094_004,scene-1094,calibration,sector_dropout,10,degrees,42,90,33834,33834,0,0,0.6087900163,global_count,0.6,0.02551843318,False
nuscenes_mini_subset,scene-1094_004,scene-1094,calibration,sector_dropout,20,degrees,42,90,32932,32932,0,2,1,global_count,0.6,0.05149769585,False
nuscenes_mini_subset,scene-1094_004,scene-1094,calibration,sector_dropout,30,degrees,42,90,32053,32053,0,2,1,global_count,0.6,0.07681451613,False
nuscenes_mini_subset,scene-1094_005,scene-1094,test,original,0,none,42,90,34752,34752,0,0,0.6277807922,global_count,0.6,0,False
nuscenes_mini_subset,scene-1094_005,scene-1094,test,random_dropout,0.1,fraction_removed,42,90,31318,31318,0,0,0.6668475312,global_count,0.6,0.09798387097,False
nuscenes_mini_subset,scene-1094_005,scene-1094,test,random_dropout,0.3,fraction_removed,42,90,24280,24280,0,0,0.7406402604,global_count,0.6,0.3006912442,False
nuscenes_mini_subset,scene-1094_005,scene-1094,test,random_dropout,0.5,fraction_removed,42,90,17300,17300,0,0,0.8133478025,global_count,0.6,0.5017281106,False
nuscenes_mini_subset,scene-1094_005,scene-1094,test,sector_dropout,10,degrees,42,90,33885,33885,0,0,0.6277807922,global_count,0.6,0.02404953917,False
nuscenes_mini_subset,scene-1094_005,scene-1094,test,sector_dropout,20,degrees,42,90,32989,32989,0,2,1,global_count,0.6,0.04985599078,False
nuscenes_mini_subset,scene-1094_005,scene-1094,test,sector_dropout,30,degrees,42,90,32119,32119,0,2,1,global_count,0.6,0.07491359447,False
nuscenes_mini_subset,scene-1094_006,scene-1094,calibration,original,0,none,42,90,34688,34688,0,0,0.6065195917,global_count,0.6,0.0009216589862,False
nuscenes_mini_subset,scene-1094_006,scene-1094,calibration,random_dropout,0.1,fraction_removed,42,90,31260,31260,0,0,0.6473493579,global_count,0.6,0.09965437788,False
nuscenes_mini_subset,scene-1094_006,scene-1094,calibration,random_dropout,0.3,fraction_removed,42,90,24237,24237,0,0,0.7299967073,global_count,0.6,0.3019297235,False
nuscenes_mini_subset,scene-1094_006,scene-1094,calibration,random_dropout,0.5,fraction_removed,42,90,17270,17270,0,0,0.8027658874,global_count,0.6,0.5025921659,False
nuscenes_mini_subset,scene-1094_006,scene-1094,calibration,sector_dropout,10,degrees,42,90,33800,33800,0,0,0.6065195917,global_count,0.6,0.02649769585,False
nuscenes_mini_subset,scene-1094_006,scene-1094,calibration,sector_dropout,20,degrees,42,90,32901,32901,0,2,1,global_count,0.6,0.052390553,False
nuscenes_mini_subset,scene-1094_006,scene-1094,calibration,sector_dropout,30,degrees,42,90,32055,32055,0,2,1,global_count,0.6,0.07675691244,False
nuscenes_mini_subset,scene-1094_007,scene-1094,test,original,0,none,42,90,34720,34720,0,0,0.6549104721,global_count,0.6,0,False
nuscenes_mini_subset,scene-1094_007,scene-1094,test,random_dropout,0.1,fraction_removed,42,90,31288,31288,0,0,0.6912642431,global_count,0.6,0.09884792627,False
nuscenes_mini_subset,scene-1094_007,scene-1094,test,random_dropout,0.3,fraction_removed,42,90,24255,24255,0,0,0.7655995659,global_count,0.6,0.3014112903,False
nuscenes_mini_subset,scene-1094_007,scene-1094,test,random_dropout,0.5,fraction_removed,42,90,17283,17283,0,0,0.8339663592,global_count,0.6,0.5022177419,False
nuscenes_mini_subset,scene-1094_007,scene-1094,test,sector_dropout,10,degrees,42,90,33837,33837,0,0,0.6549104721,global_count,0.6,0.02543202765,False
nuscenes_mini_subset,scene-1094_007,scene-1094,test,sector_dropout,20,degrees,42,90,32944,32944,0,2,1,global_count,0.6,0.05115207373,False
nuscenes_mini_subset,scene-1094_007,scene-1094,test,sector_dropout,30,degrees,42,90,32071,32071,0,2,1,global_count,0.6,0.07629608295,False
nuscenes_mini_subset,scene-1094_008,scene-1094,calibration,original,0,none,42,90,34752,34752,0,0,0.634834509,global_count,0.6,0,False
nuscenes_mini_subset,scene-1094_008,scene-1094,calibration,random_dropout,0.1,fraction_removed,42,90,31318,31318,0,0,0.6755290288,global_count,0.6,0.09798387097,False
nuscenes_mini_subset,scene-1094_008,scene-1094,calibration,random_dropout,0.3,fraction_removed,42,90,24280,24280,0,0,0.7471513836,global_count,0.6,0.3006912442,False
nuscenes_mini_subset,scene-1094_008,scene-1094,calibration,random_dropout,0.5,fraction_removed,42,90,17300,17300,0,0,0.8209441129,global_count,0.6,0.5017281106,False
nuscenes_mini_subset,scene-1094_008,scene-1094,calibration,sector_dropout,10,degrees,42,90,33863,33863,0,0,0.634834509,global_count,0.6,0.02468317972,False
nuscenes_mini_subset,scene-1094_008,scene-1094,calibration,sector_dropout,20,degrees,42,90,32975,32975,0,2,1,global_count,0.6,0.05025921659,False
nuscenes_mini_subset,scene-1094_008,scene-1094,calibration,sector_dropout,30,degrees,42,90,32115,32115,0,2,1,global_count,0.6,0.07502880184,False
nuscenes_mini_subset,scene-1094_009,scene-1094,test,original,0,none,42,90,34720,34720,0,0,0.7593019427,global_count,0.6,0,False
nuscenes_mini_subset,scene-1094_009,scene-1094,test,random_dropout,0.1,fraction_removed,42,90,31288,31288,0,0,0.7826802766,global_count,0.6,0.09884792627,False
nuscenes_mini_subset,scene-1094_009,scene-1094,test,random_dropout,0.3,fraction_removed,42,90,24255,24255,0,0,0.8307540336,global_count,0.6,0.3014112903,False
nuscenes_mini_subset,scene-1094_009,scene-1094,test,random_dropout,0.5,fraction_removed,42,90,17283,17283,0,0,0.873888706,global_count,0.6,0.5022177419,False
nuscenes_mini_subset,scene-1094_009,scene-1094,test,sector_dropout,10,degrees,42,90,33837,33837,0,0,0.7593019427,global_count,0.6,0.02543202765,False
nuscenes_mini_subset,scene-1094_009,scene-1094,test,sector_dropout,20,degrees,42,90,32958,32958,0,2,1,global_count,0.6,0.05074884793,False
nuscenes_mini_subset,scene-1094_009,scene-1094,test,sector_dropout,30,degrees,42,90,32071,32071,0,2,1,global_count,0.6,0.07629608295,False
nuscenes_mini_subset,scene-1094_010,scene-1094,calibration,original,0,none,42,90,34688,34688,0,0,0.7780704643,global_count,0.6,0.0009216589862,False
nuscenes_mini_subset,scene-1094_010,scene-1094,calibration,random_dropout,0.1,fraction_removed,42,90,31260,31260,0,0,0.7981560751,global_count,0.6,0.09965437788,False
nuscenes_mini_subset,scene-1094_010,scene-1094,calibration,random_dropout,0.3,fraction_removed,42,90,24237,24237,0,0,0.8419492921,global_count,0.6,0.3019297235,False
nuscenes_mini_subset,scene-1094_010,scene-1094,calibration,random_dropout,0.5,fraction_removed,42,90,17270,17270,0,0,0.8847546921,global_count,0.6,0.5025921659,False
nuscenes_mini_subset,scene-1094_010,scene-1094,calibration,sector_dropout,10,degrees,42,90,33837,33837,0,0,0.7780704643,global_count,0.6,0.02543202765,False
nuscenes_mini_subset,scene-1094_010,scene-1094,calibration,sector_dropout,20,degrees,42,90,32942,32942,0,2,1,global_count,0.6,0.05120967742,False
nuscenes_mini_subset,scene-1094_010,scene-1094,calibration,sector_dropout,30,degrees,42,90,32064,32064,0,2,1,global_count,0.6,0.07649769585,False
nuscenes_mini_subset,scene-1094_011,scene-1094,test,original,0,none,42,90,34688,34688,0,0,0.8024366151,global_count,0.6,0.0009216589862,False
nuscenes_mini_subset,scene-1094_011,scene-1094,test,random_dropout,0.1,fraction_removed,42,90,31260,31260,0,0,0.8212051366,global_count,0.6,0.09965437788,False
nuscenes_mini_subset,scene-1094_011,scene-1094,test,random_dropout,0.3,fraction_removed,42,90,24237,24237,0,0,0.860059269,global_count,0.6,0.3019297235,False
nuscenes_mini_subset,scene-1094_011,scene-1094,test,random_dropout,0.5,fraction_removed,42,90,17270,17270,0,0,0.8992426737,global_count,0.6,0.5025921659,False
nuscenes_mini_subset,scene-1094_011,scene-1094,test,sector_dropout,10,degrees,42,90,33810,33810,0,0,0.8024366151,global_count,0.6,0.02620967742,False
nuscenes_mini_subset,scene-1094_011,scene-1094,test,sector_dropout,20,degrees,42,90,32933,32933,0,2,1,global_count,0.6,0.05146889401,False
nuscenes_mini_subset,scene-1094_011,scene-1094,test,sector_dropout,30,degrees,42,90,32075,32075,0,2,1,global_count,0.6,0.07618087558,False
nuscenes_mini_subset,scene-1094_012,scene-1094,calibration,original,0,none,42,90,34752,34752,0,0,0.7830095489,global_count,0.6,0,False
nuscenes_mini_subset,scene-1094_012,scene-1094,calibration,random_dropout,0.1,fraction_removed,42,90,31318,31318,0,0,0.8040829766,global_count,0.6,0.09798387097,False
nuscenes_mini_subset,scene-1094_012,scene-1094,calibration,random_dropout,0.3,fraction_removed,42,90,24280,24280,0,0,0.8495225552,global_count,0.6,0.3006912442,False
nuscenes_mini_subset,scene-1094_012,scene-1094,calibration,random_dropout,0.5,fraction_removed,42,90,17300,17300,0,0,0.8890352321,global_count,0.6,0.5017281106,False
nuscenes_mini_subset,scene-1094_012,scene-1094,calibration,sector_dropout,10,degrees,42,90,33898,33898,0,0,0.7830095489,global_count,0.6,0.02367511521,False
nuscenes_mini_subset,scene-1094_012,scene-1094,calibration,sector_dropout,20,degrees,42,90,33019,33019,0,2,1,global_count,0.6,0.04899193548,False
nuscenes_mini_subset,scene-1094_012,scene-1094,calibration,sector_dropout,30,degrees,42,90,32147,32147,0,2,1,global_count,0.6,0.07410714286,False
nuscenes_mini_subset,scene-1094_013,scene-1094,test,original,0,none,42,90,34752,34752,0,0,0.7451432335,global_count,0.6,0,False
nuscenes_mini_subset,scene-1094_013,scene-1094,test,random_dropout,0.1,fraction_removed,42,90,31318,31318,0,0,0.7685215673,global_count,0.6,0.09798387097,False
nuscenes_mini_subset,scene-1094_013,scene-1094,test,random_dropout,0.3,fraction_removed,42,90,24280,24280,0,0,0.8208758643,global_count,0.6,0.3006912442,False
nuscenes_mini_subset,scene-1094_013,scene-1094,test,random_dropout,0.5,fraction_removed,42,90,17300,17300,0,0,0.8699374383,global_count,0.6,0.5017281106,False
nuscenes_mini_subset,scene-1094_013,scene-1094,test,sector_dropout,10,degrees,42,90,33875,33875,0,0,0.7451432335,global_count,0.6,0.0243375576,False
nuscenes_mini_subset,scene-1094_013,scene-1094,test,sector_dropout,20,degrees,42,90,33042,33042,0,2,1,global_count,0.6,0.04832949309,False
nuscenes_mini_subset,scene-1094_013,scene-1094,test,sector_dropout,30,degrees,42,90,32252,32252,0,2,1,global_count,0.6,0.07108294931,False
nuscenes_mini_subset,scene-1094_014,scene-1094,calibration,original,0,none,42,90,34720,34720,0,0,0.7843266381,global_count,0.6,0,False
nuscenes_mini_subset,scene-1094_014,scene-1094,calibration,random_dropout,0.1,fraction_removed,42,90,31288,31288,0,0,0.8044122489,global_count,0.6,0.09884792627,False
nuscenes_mini_subset,scene-1094_014,scene-1094,calibration,random_dropout,0.3,fraction_removed,42,90,24255,24255,0,0,0.8505103721,global_count,0.6,0.3014112903,False
nuscenes_mini_subset,scene-1094_014,scene-1094,calibration,random_dropout,0.5,fraction_removed,42,90,17283,17283,0,0,0.8923279552,global_count,0.6,0.5022177419,False
nuscenes_mini_subset,scene-1094_014,scene-1094,calibration,sector_dropout,10,degrees,42,90,34007,34007,0,0,0.7843266381,global_count,0.6,0.02053571429,False
nuscenes_mini_subset,scene-1094_014,scene-1094,calibration,sector_dropout,20,degrees,42,90,33264,33264,0,2,1,global_count,0.6,0.04193548387,False
nuscenes_mini_subset,scene-1094_014,scene-1094,calibration,sector_dropout,30,degrees,42,90,32493,32493,0,2,1,global_count,0.6,0.06414170507,False
nuscenes_mini_subset,scene-1094_015,scene-1094,test,original,0,none,42,90,34752,34752,0,0,0.7823510043,global_count,0.6,0,False
nuscenes_mini_subset,scene-1094_015,scene-1094,test,random_dropout,0.1,fraction_removed,42,90,31318,31318,0,0,0.8027658874,global_count,0.6,0.09798387097,False
nuscenes_mini_subset,scene-1094_015,scene-1094,test,random_dropout,0.3,fraction_removed,42,90,24280,24280,0,0,0.8478761936,global_count,0.6,0.3006912442,False
nuscenes_mini_subset,scene-1094_015,scene-1094,test,random_dropout,0.5,fraction_removed,42,90,17300,17300,0,0,0.8906815937,global_count,0.6,0.5017281106,False
nuscenes_mini_subset,scene-1094_015,scene-1094,test,sector_dropout,10,degrees,42,90,34072,34072,0,0,0.7823510043,global_count,0.6,0.01866359447,False
nuscenes_mini_subset,scene-1094_015,scene-1094,test,sector_dropout,20,degrees,42,90,33368,33368,0,2,1,global_count,0.6,0.03894009217,False
nuscenes_mini_subset,scene-1094_015,scene-1094,test,sector_dropout,30,degrees,42,90,32709,32709,0,2,1,global_count,0.6,0.05792050691,False
nuscenes_mini_subset,scene-1094_016,scene-1094,calibration,original,0,none,42,90,34816,34816,0,0,0.7461310504,global_count,0.6,0,False
nuscenes_mini_subset,scene-1094_016,scene-1094,calibration,random_dropout,0.1,fraction_removed,42,90,31375,31375,0,0,0.7698386566,global_count,0.6,0.0963421659,False
nuscenes_mini_subset,scene-1094_016,scene-1094,calibration,random_dropout,0.3,fraction_removed,42,90,24320,24320,0,0,0.8261442213,global_count,0.6,0.2995391705,False
nuscenes_mini_subset,scene-1094_016,scene-1094,calibration,random_dropout,0.5,fraction_removed,42,90,17326,17326,0,0,0.8768521567,global_count,0.6,0.5009792627,False
nuscenes_mini_subset,scene-1094_016,scene-1094,calibration,sector_dropout,10,degrees,42,90,34137,34137,0,0,0.7461310504,global_count,0.6,0.01679147465,False
nuscenes_mini_subset,scene-1094_016,scene-1094,calibration,sector_dropout,20,degrees,42,90,33471,33471,0,2,1,global_count,0.6,0.0359735023,False
nuscenes_mini_subset,scene-1094_016,scene-1094,calibration,sector_dropout,30,degrees,42,90,32746,32746,0,2,1,global_count,0.6,0.05685483871,False
nuscenes_mini_subset,scene-1094_017,scene-1094,test,original,0,none,42,90,34752,34752,0,0,0.7411919658,global_count,0.6,0,False
nuscenes_mini_subset,scene-1094_017,scene-1094,test,random_dropout,0.1,fraction_removed,42,90,31318,31318,0,0,0.7652288443,global_count,0.6,0.09798387097,False
nuscenes_mini_subset,scene-1094_017,scene-1094,test,random_dropout,0.3,fraction_removed,42,90,24280,24280,0,0,0.8198880474,global_count,0.6,0.3006912442,False
nuscenes_mini_subset,scene-1094_017,scene-1094,test,random_dropout,0.5,fraction_removed,42,90,17300,17300,0,0,0.8709252552,global_count,0.6,0.5017281106,False
nuscenes_mini_subset,scene-1094_017,scene-1094,test,sector_dropout,10,degrees,42,90,34096,34096,0,0,0.7411919658,global_count,0.6,0.01797235023,False
nuscenes_mini_subset,scene-1094_017,scene-1094,test,sector_dropout,20,degrees,42,90,33353,33353,0,2,1,global_count,0.6,0.03937211982,False
nuscenes_mini_subset,scene-1094_017,scene-1094,test,sector_dropout,30,degrees,42,90,32645,32645,0,2,1,global_count,0.6,0.05976382488,False
nuscenes_mini_subset,scene-1094_018,scene-1094,calibration,original,0,none,42,90,34688,34688,0,0,0.7290088904,global_count,0.6,0.0009216589862,False
nuscenes_mini_subset,scene-1094_018,scene-1094,calibration,random_dropout,0.1,fraction_removed,42,90,31260,31260,0,0,0.7540335858,global_count,0.6,0.09965437788,False
nuscenes_mini_subset,scene-1094_018,scene-1094,calibration,random_dropout,0.3,fraction_removed,42,90,24237,24237,0,0,0.8106684228,global_count,0.6,0.3019297235,False
nuscenes_mini_subset,scene-1094_018,scene-1094,calibration,random_dropout,0.5,fraction_removed,42,90,17270,17270,0,0,0.8610470859,global_count,0.6,0.5025921659,False
nuscenes_mini_subset,scene-1094_018,scene-1094,calibration,sector_dropout,10,degrees,42,90,34081,34081,0,0,0.7290088904,global_count,0.6,0.01840437788,False
nuscenes_mini_subset,scene-1094_018,scene-1094,calibration,sector_dropout,20,degrees,42,90,33332,33332,0,2,1,global_count,0.6,0.03997695853,False
nuscenes_mini_subset,scene-1094_018,scene-1094,calibration,sector_dropout,30,degrees,42,90,32612,32612,0,2,1,global_count,0.6,0.06071428571,False
nuscenes_mini_subset,scene-1094_019,scene-1094,test,original,0,none,42,90,34688,34688,0,0,0.7313137965,global_count,0.6,0.0009216589862,False
nuscenes_mini_subset,scene-1094_019,scene-1094,test,random_dropout,0.1,fraction_removed,42,90,31260,31260,0,0,0.7560092196,global_count,0.6,0.09965437788,False
nuscenes_mini_subset,scene-1094_019,scene-1094,test,random_dropout,0.3,fraction_removed,42,90,24237,24237,0,0,0.8116562397,global_count,0.6,0.3019297235,False
nuscenes_mini_subset,scene-1094_019,scene-1094,test,random_dropout,0.5,fraction_removed,42,90,17270,17270,0,0,0.8640105367,global_count,0.6,0.5025921659,False
nuscenes_mini_subset,scene-1094_019,scene-1094,test,sector_dropout,10,degrees,42,90,34078,34078,0,0,0.7313137965,global_count,0.6,0.01849078341,False
nuscenes_mini_subset,scene-1094_019,scene-1094,test,sector_dropout,20,degrees,42,90,33325,33325,0,2,1,global_count,0.6,0.04017857143,False
nuscenes_mini_subset,scene-1094_019,scene-1094,test,sector_dropout,30,degrees,42,90,32571,32571,0,2,1,global_count,0.6,0.06189516129,False
nuscenes_mini_subset,scene-1094_020,scene-1094,calibration,original,0,none,42,90,34720,34720,0,0,0.7385577873,global_count,0.6,0,False
nuscenes_mini_subset,scene-1094_020,scene-1094,calibration,random_dropout,0.1,fraction_removed,42,90,31288,31288,0,0,0.7609483042,global_count,0.6,0.09884792627,False
nuscenes_mini_subset,scene-1094_020,scene-1094,calibration,random_dropout,0.3,fraction_removed,42,90,24255,24255,0,0,0.8159367797,global_count,0.6,0.3014112903,False
nuscenes_mini_subset,scene-1094_020,scene-1094,calibration,random_dropout,0.5,fraction_removed,42,90,17283,17283,0,0,0.8682910767,global_count,0.6,0.5022177419,False
nuscenes_mini_subset,scene-1094_020,scene-1094,calibration,sector_dropout,10,degrees,42,90,34089,34089,0,0,0.7385577873,global_count,0.6,0.01817396313,False
nuscenes_mini_subset,scene-1094_020,scene-1094,calibration,sector_dropout,20,degrees,42,90,33382,33382,0,2,1,global_count,0.6,0.03853686636,False
nuscenes_mini_subset,scene-1094_020,scene-1094,calibration,sector_dropout,30,degrees,42,90,32620,32620,0,2,1,global_count,0.6,0.06048387097,False
nuscenes_mini_subset,scene-1094_021,scene-1094,test,original,0,none,42,90,34688,34688,0,0,0.6386326641,global_count,0.6,0.0009216589862,False
nuscenes_mini_subset,scene-1094_021,scene-1094,test,random_dropout,0.1,fraction_removed,42,90,31260,31260,0,0,0.6798697775,global_count,0.6,0.09965437788,False
nuscenes_mini_subset,scene-1094_021,scene-1094,test,random_dropout,0.3,fraction_removed,42,90,24237,24237,0,0,0.7542051004,global_count,0.6,0.3019297235,False
nuscenes_mini_subset,scene-1094_021,scene-1094,test,random_dropout,0.5,fraction_removed,42,90,17270,17270,0,0,0.8241996744,global_count,0.6,0.5025921659,False
nuscenes_mini_subset,scene-1094_021,scene-1094,test,sector_dropout,10,degrees,42,90,34068,34068,0,0,0.6386326641,global_count,0.6,0.01877880184,False
nuscenes_mini_subset,scene-1094_021,scene-1094,test,sector_dropout,20,degrees,42,90,33364,33364,0,2,1,global_count,0.6,0.03905529954,False
nuscenes_mini_subset,scene-1094_021,scene-1094,test,sector_dropout,30,degrees,42,90,32597,32597,0,2,1,global_count,0.6,0.06114631336,False
nuscenes_mini_subset,scene-1094_022,scene-1094,calibration,original,0,none,42,90,34656,34656,0,0,0.3233454067,global_count,0.6,0.001843317972,False
nuscenes_mini_subset,scene-1094_022,scene-1094,calibration,random_dropout,0.1,fraction_removed,42,90,31230,31230,0,0,0.3852486006,global_count,0.6,0.1005184332,False
nuscenes_mini_subset,scene-1094_022,scene-1094,calibration,random_dropout,0.3,fraction_removed,42,90,24211,24211,0,0,0.5172867962,global_count,0.6,0.3026785714,False
nuscenes_mini_subset,scene-1094_022,scene-1094,calibration,random_dropout,0.5,fraction_removed,42,90,17250,17250,0,0,0.6516298979,global_count,0.6,0.5031682028,False
nuscenes_mini_subset,scene-1094_022,scene-1094,calibration,sector_dropout,10,degrees,42,90,34058,34058,0,0,0.5187250996,global_count,0.6,0.01906682028,False
nuscenes_mini_subset,scene-1094_022,scene-1094,calibration,sector_dropout,20,degrees,42,90,33348,33348,0,2,1,global_count,0.6,0.03951612903,False
nuscenes_mini_subset,scene-1094_022,scene-1094,calibration,sector_dropout,30,degrees,42,90,32573,32573,0,2,1,global_count,0.6,0.0618375576,False
nuscenes_mini_subset,scene-1094_023,scene-1094,test,original,0,none,42,90,34688,34688,0,0,0.6858383071,global_count,0.6,0.0009216589862,False
nuscenes_mini_subset,scene-1094_023,scene-1094,test,random_dropout,0.1,fraction_removed,42,90,31260,31260,0,0,0.7211068909,global_count,0.6,0.09965437788,False
nuscenes_mini_subset,scene-1094_023,scene-1094,test,random_dropout,0.3,fraction_removed,42,90,24237,24237,0,0,0.7873033098,global_count,0.6,0.3019297235,False
nuscenes_mini_subset,scene-1094_023,scene-1094,test,random_dropout,0.5,fraction_removed,42,90,17270,17270,0,0,0.8513293543,global_count,0.6,0.5025921659,False
nuscenes_mini_subset,scene-1094_023,scene-1094,test,sector_dropout,10,degrees,42,90,34084,34084,0,0,0.6858383071,global_count,0.6,0.01831797235,False
nuscenes_mini_subset,scene-1094_023,scene-1094,test,sector_dropout,20,degrees,42,90,33415,33415,0,2,1,global_count,0.6,0.03758640553,False
nuscenes_mini_subset,scene-1094_023,scene-1094,test,sector_dropout,30,degrees,42,90,32647,32647,0,2,1,global_count,0.6,0.0597062212,False
nuscenes_mini_subset,scene-1094_024,scene-1094,calibration,original,0,none,42,90,34688,34688,0,0,0.7451432335,global_count,0.6,0.0009216589862,False
nuscenes_mini_subset,scene-1094_024,scene-1094,calibration,random_dropout,0.1,fraction_removed,42,90,31260,31260,0,0,0.7675337504,global_count,0.6,0.09965437788,False
nuscenes_mini_subset,scene-1094_024,scene-1094,calibration,random_dropout,0.3,fraction_removed,42,90,24237,24237,0,0,0.8202173197,global_count,0.6,0.3019297235,False
nuscenes_mini_subset,scene-1094_024,scene-1094,calibration,random_dropout,0.5,fraction_removed,42,90,17270,17270,0,0,0.8702667106,global_count,0.6,0.5025921659,False
nuscenes_mini_subset,scene-1094_024,scene-1094,calibration,sector_dropout,10,degrees,42,90,34056,34056,0,0,0.7451432335,global_count,0.6,0.01912442396,False
nuscenes_mini_subset,scene-1094_024,scene-1094,calibration,sector_dropout,20,degrees,42,90,33399,33399,0,2,1,global_count,0.6,0.03804723502,False
nuscenes_mini_subset,scene-1094_024,scene-1094,calibration,sector_dropout,30,degrees,42,90,32635,32635,0,2,1,global_count,0.6,0.06005184332,False
nuscenes_mini_subset,scene-1094_025,scene-1094,test,original,0,none,42,90,34720,34720,0,0,0.4915897992,global_count,0.6,0,False
nuscenes_mini_subset,scene-1094_025,scene-1094,test,random_dropout,0.1,fraction_removed,42,90,31288,31288,0,0,0.5463917526,global_count,0.6,0.09884792627,False
nuscenes_mini_subset,scene-1094_025,scene-1094,test,random_dropout,0.3,fraction_removed,42,90,24255,24255,0,0,0.6473141617,global_count,0.6,0.3014112903,False
nuscenes_mini_subset,scene-1094_025,scene-1094,test,random_dropout,0.5,fraction_removed,42,90,17283,17283,0,0,0.7498643516,global_count,0.6,0.5022177419,False
nuscenes_mini_subset,scene-1094_025,scene-1094,test,sector_dropout,10,degrees,42,90,34099,34099,0,0,0.5235059761,global_count,0.6,0.0178859447,False
nuscenes_mini_subset,scene-1094_025,scene-1094,test,sector_dropout,20,degrees,42,90,33446,33446,0,2,1,global_count,0.6,0.03669354839,False
nuscenes_mini_subset,scene-1094_025,scene-1094,test,sector_dropout,30,degrees,42,90,32699,32699,0,2,1,global_count,0.6,0.05820852535,False
nuscenes_mini_subset,scene-1094_026,scene-1094,calibration,original,0,none,42,90,34752,34752,0,0,0.7533750412,global_count,0.6,0,False
nuscenes_mini_subset,scene-1094_026,scene-1094,calibration,random_dropout,0.1,fraction_removed,42,90,31318,31318,0,0,0.7747777412,global_count,0.6,0.09798387097,False
nuscenes_mini_subset,scene-1094_026,scene-1094,calibration,random_dropout,0.3,fraction_removed,42,90,24280,24280,0,0,0.829107672,global_count,0.6,0.3006912442,False
nuscenes_mini_subset,scene-1094_026,scene-1094,calibration,random_dropout,0.5,fraction_removed,42,90,17300,17300,0,0,0.8765228844,global_count,0.6,0.5017281106,False
nuscenes_mini_subset,scene-1094_026,scene-1094,calibration,sector_dropout,10,degrees,42,90,34119,34119,0,0,0.7533750412,global_count,0.6,0.01730990783,False
nuscenes_mini_subset,scene-1094_026,scene-1094,calibration,sector_dropout,20,degrees,42,90,33461,33461,0,2,1,global_count,0.6,0.03626152074,False
nuscenes_mini_subset,scene-1094_026,scene-1094,calibration,sector_dropout,30,degrees,42,90,32705,32705,0,2,1,global_count,0.6,0.05803571429,False
nuscenes_mini_subset,scene-1094_027,scene-1094,test,original,0,none,42,90,34752,34752,0,0,0.1971830986,global_count,0.6,0,False
nuscenes_mini_subset,scene-1094_027,scene-1094,test,random_dropout,0.1,fraction_removed,42,90,31318,31318,0,0,0.2688860435,global_count,0.6,0.09798387097,False
nuscenes_mini_subset,scene-1094_027,scene-1094,test,random_dropout,0.3,fraction_removed,42,90,24280,24280,0,0,0.4302176697,global_count,0.6,0.3006912442,False
nuscenes_mini_subset,scene-1094_027,scene-1094,test,random_dropout,0.5,fraction_removed,42,90,17300,17300,0,0,0.609475032,global_count,0.6,0.5017281106,False
nuscenes_mini_subset,scene-1094_027,scene-1094,test,sector_dropout,10,degrees,42,90,34103,34103,0,0,0.5235059761,global_count,0.6,0.01777073733,False
nuscenes_mini_subset,scene-1094_027,scene-1094,test,sector_dropout,20,degrees,42,90,33451,33451,0,2,1,global_count,0.6,0.03654953917,False
nuscenes_mini_subset,scene-1094_027,scene-1094,test,sector_dropout,30,degrees,42,90,32683,32683,0,2,1,global_count,0.6,0.05866935484,False
nuscenes_mini_subset,scene-1094_028,scene-1094,calibration,original,0,none,42,90,34752,34752,0,0,0.6635919696,global_count,0.6,0,False
nuscenes_mini_subset,scene-1094_028,scene-1094,calibration,random_dropout,0.1,fraction_removed,42,90,31318,31318,0,0,0.6977753663,global_count,0.6,0.09798387097,False
nuscenes_mini_subset,scene-1094_028,scene-1094,calibration,random_dropout,0.3,fraction_removed,42,90,24280,24280,0,0,0.7672273467,global_count,0.6,0.3006912442,False
nuscenes_mini_subset,scene-1094_028,scene-1094,calibration,random_dropout,0.5,fraction_removed,42,90,17300,17300,0,0,0.8372219208,global_count,0.6,0.5017281106,False
nuscenes_mini_subset,scene-1094_028,scene-1094,calibration,sector_dropout,10,degrees,42,90,34143,34143,0,0,0.6635919696,global_count,0.6,0.01661866359,False
nuscenes_mini_subset,scene-1094_028,scene-1094,calibration,sector_dropout,20,degrees,42,90,33518,33518,0,2,1,global_count,0.6,0.03461981567,False
nuscenes_mini_subset,scene-1094_028,scene-1094,calibration,sector_dropout,30,degrees,42,90,32762,32762,0,2,1,global_count,0.6,0.05639400922,False
nuscenes_mini_subset,scene-1094_029,scene-1094,test,original,0,none,42,90,34720,34720,0,0,0.7062891011,global_count,0.6,0,False
nuscenes_mini_subset,scene-1094_029,scene-1094,test,random_dropout,0.1,fraction_removed,42,90,31288,31288,0,0,0.7329601581,global_count,0.6,0.09884792627,False
nuscenes_mini_subset,scene-1094_029,scene-1094,test,random_dropout,0.3,fraction_removed,42,90,24255,24255,0,0,0.7925584458,global_count,0.6,0.3014112903,False
nuscenes_mini_subset,scene-1094_029,scene-1094,test,random_dropout,0.5,fraction_removed,42,90,17283,17283,0,0,0.8501810998,global_count,0.6,0.5022177419,False
nuscenes_mini_subset,scene-1094_029,scene-1094,test,sector_dropout,10,degrees,42,90,34110,34110,0,0,0.7062891011,global_count,0.6,0.01756912442,False
nuscenes_mini_subset,scene-1094_029,scene-1094,test,sector_dropout,20,degrees,42,90,33483,33483,0,2,1,global_count,0.6,0.03562788018,False
nuscenes_mini_subset,scene-1094_029,scene-1094,test,sector_dropout,30,degrees,42,90,32715,32715,0,2,1,global_count,0.6,0.05774769585,False
nuscenes_mini_subset,scene-1094_030,scene-1094,calibration,original,0,none,42,90,34720,34720,0,0,0.6760716224,global_count,0.6,0,False
nuscenes_mini_subset,scene-1094_030,scene-1094,calibration,random_dropout,0.1,fraction_removed,42,90,31288,31288,0,0,0.7118827998,global_count,0.6,0.09884792627,False
nuscenes_mini_subset,scene-1094_030,scene-1094,calibration,random_dropout,0.3,fraction_removed,42,90,24255,24255,0,0,0.7764514379,global_count,0.6,0.3014112903,False
nuscenes_mini_subset,scene-1094_030,scene-1094,calibration,random_dropout,0.5,fraction_removed,42,90,17283,17283,0,0,0.843733044,global_count,0.6,0.5022177419,False
nuscenes_mini_subset,scene-1094_030,scene-1094,calibration,sector_dropout,10,degrees,42,90,34133,34133,0,0,0.6760716224,global_count,0.6,0.01690668203,False
nuscenes_mini_subset,scene-1094_030,scene-1094,calibration,sector_dropout,20,degrees,42,90,33506,33506,0,2,1,global_count,0.6,0.03496543779,False
nuscenes_mini_subset,scene-1094_030,scene-1094,calibration,sector_dropout,30,degrees,42,90,32744,32744,0,2,1,global_count,0.6,0.0569124424,False
nuscenes_mini_subset,scene-1094_031,scene-1094,test,original,0,none,42,90,34752,34752,0,0,0.6695604992,global_count,0.6,0,False
nuscenes_mini_subset,scene-1094_031,scene-1094,test,random_dropout,0.1,fraction_removed,42,90,31318,31318,0,0,0.704829083,global_count,0.6,0.09798387097,False
nuscenes_mini_subset,scene-1094_031,scene-1094,test,random_dropout,0.3,fraction_removed,42,90,24280,24280,0,0,0.7688551275,global_count,0.6,0.3006912442,False
nuscenes_mini_subset,scene-1094_031,scene-1094,test,random_dropout,0.5,fraction_removed,42,90,17300,17300,0,0,0.838307108,global_count,0.6,0.5017281106,False
nuscenes_mini_subset,scene-1094_031,scene-1094,test,sector_dropout,10,degrees,42,90,34179,34179,0,0,0.6695604992,global_count,0.6,0.01558179724,False
nuscenes_mini_subset,scene-1094_031,scene-1094,test,sector_dropout,20,degrees,42,90,33543,33543,0,2,1,global_count,0.6,0.03389976959,False
nuscenes_mini_subset,scene-1094_031,scene-1094,test,sector_dropout,30,degrees,42,90,32797,32797,0,2,1,global_count,0.6,0.0553859447,False
nuscenes_mini_subset,scene-1094_032,scene-1094,calibration,original,0,none,42,90,34784,34784,0,0,0.7385577873,global_count,0.6,0,False
nuscenes_mini_subset,scene-1094_032,scene-1094,calibration,random_dropout,0.1,fraction_removed,42,90,31345,31345,0,0,0.7648995719,global_count,0.6,0.0972062212,False
nuscenes_mini_subset,scene-1094_032,scene-1094,calibration,random_dropout,0.3,fraction_removed,42,90,24300,24300,0,0,0.8225222259,global_count,0.6,0.3001152074,False
nuscenes_mini_subset,scene-1094_032,scene-1094,calibration,random_dropout,0.5,fraction_removed,42,90,17313,17313,0,0,0.8712545275,global_count,0.6,0.5013536866,False
nuscenes_mini_subset,scene-1094_032,scene-1094,calibration,sector_dropout,10,degrees,42,90,34224,34224,0,0,0.7385577873,global_count,0.6,0.01428571429,False
nuscenes_mini_subset,scene-1094_032,scene-1094,calibration,sector_dropout,20,degrees,42,90,33613,33613,0,2,1,global_count,0.6,0.03188364055,False
nuscenes_mini_subset,scene-1094_032,scene-1094,calibration,sector_dropout,30,degrees,42,90,32901,32901,0,2,1,global_count,0.6,0.052390553,False
nuscenes_mini_subset,scene-1094_033,scene-1094,test,original,0,none,42,90,34720,34720,0,0,0.7365821534,global_count,0.6,0,False
nuscenes_mini_subset,scene-1094_033,scene-1094,test,random_dropout,0.1,fraction_removed,42,90,31288,31288,0,0,0.7602897596,global_count,0.6,0.09884792627,False
nuscenes_mini_subset,scene-1094_033,scene-1094,test,random_dropout,0.3,fraction_removed,42,90,24255,24255,0,0,0.8169245966,global_count,0.6,0.3014112903,False
nuscenes_mini_subset,scene-1094_033,scene-1094,test,random_dropout,0.5,fraction_removed,42,90,17283,17283,0,0,0.8679618044,global_count,0.6,0.5022177419,False
nuscenes_mini_subset,scene-1094_033,scene-1094,test,sector_dropout,10,degrees,42,90,34154,34154,0,0,0.7365821534,global_count,0.6,0.01630184332,False
nuscenes_mini_subset,scene-1094_033,scene-1094,test,sector_dropout,20,degrees,42,90,33557,33557,0,2,1,global_count,0.6,0.03349654378,False
nuscenes_mini_subset,scene-1094_033,scene-1094,test,sector_dropout,30,degrees,42,90,32893,32893,0,2,1,global_count,0.6,0.05262096774,False
nuscenes_mini_subset,scene-1094_034,scene-1094,calibration,original,0,none,42,90,34720,34720,0,0,0.676614216,global_count,0.6,0,False
nuscenes_mini_subset,scene-1094_034,scene-1094,calibration,random_dropout,0.1,fraction_removed,42,90,31288,31288,0,0,0.7118827998,global_count,0.6,0.09884792627,False
nuscenes_mini_subset,scene-1094_034,scene-1094,calibration,random_dropout,0.3,fraction_removed,42,90,24255,24255,0,0,0.7786218123,global_count,0.6,0.3014112903,False
nuscenes_mini_subset,scene-1094_034,scene-1094,calibration,random_dropout,0.5,fraction_removed,42,90,17283,17283,0,0,0.843733044,global_count,0.6,0.5022177419,False
nuscenes_mini_subset,scene-1094_034,scene-1094,calibration,sector_dropout,10,degrees,42,90,34169,34169,0,0,0.676614216,global_count,0.6,0.01586981567,False
nuscenes_mini_subset,scene-1094_034,scene-1094,calibration,sector_dropout,20,degrees,42,90,33609,33609,0,2,1,global_count,0.6,0.03199884793,False
nuscenes_mini_subset,scene-1094_034,scene-1094,calibration,sector_dropout,30,degrees,42,90,32954,32954,0,2,1,global_count,0.6,0.0508640553,False
nuscenes_mini_subset,scene-1094_035,scene-1094,test,original,0,none,42,90,34720,34720,0,0,0.6473141617,global_count,0.6,0,False
nuscenes_mini_subset,scene-1094_035,scene-1094,test,random_dropout,0.1,fraction_removed,42,90,31288,31288,0,0,0.6842105263,global_count,0.6,0.09884792627,False
nuscenes_mini_subset,scene-1094_035,scene-1094,test,random_dropout,0.3,fraction_removed,42,90,24255,24255,0,0,0.76017363,global_count,0.6,0.3014112903,False
nuscenes_mini_subset,scene-1094_035,scene-1094,test,random_dropout,0.5,fraction_removed,42,90,17283,17283,0,0,0.827455236,global_count,0.6,0.5022177419,False
nuscenes_mini_subset,scene-1094_035,scene-1094,test,sector_dropout,10,degrees,42,90,34168,34168,0,0,0.6473141617,global_count,0.6,0.01589861751,False
nuscenes_mini_subset,scene-1094_035,scene-1094,test,sector_dropout,20,degrees,42,90,33607,33607,0,2,1,global_count,0.6,0.03205645161,False
nuscenes_mini_subset,scene-1094_035,scene-1094,test,sector_dropout,30,degrees,42,90,32983,32983,0,2,1,global_count,0.6,0.05002880184,False
nuscenes_mini_subset,scene-1094_036,scene-1094,calibration,original,0,none,42,90,34720,34720,0,0,0.6890938687,global_count,0.6,0,False
nuscenes_mini_subset,scene-1094_036,scene-1094,calibration,random_dropout,0.1,fraction_removed,42,90,31288,31288,0,0,0.7216494845,global_count,0.6,0.09884792627,False
nuscenes_mini_subset,scene-1094_036,scene-1094,calibration,random_dropout,0.3,fraction_removed,42,90,24255,24255,0,0,0.7878459034,global_count,0.6,0.3014112903,False
nuscenes_mini_subset,scene-1094_036,scene-1094,calibration,random_dropout,0.5,fraction_removed,42,90,17283,17283,0,0,0.8491589799,global_count,0.6,0.5022177419,False
nuscenes_mini_subset,scene-1094_036,scene-1094,calibration,sector_dropout,10,degrees,42,90,34178,34178,0,0,0.6890938687,global_count,0.6,0.01561059908,False
nuscenes_mini_subset,scene-1094_036,scene-1094,calibration,sector_dropout,20,degrees,42,90,33611,33611,0,2,1,global_count,0.6,0.03194124424,False
nuscenes_mini_subset,scene-1094_036,scene-1094,calibration,sector_dropout,30,degrees,42,90,32996,32996,0,2,1,global_count,0.6,0.04965437788,False
nuscenes_mini_subset,scene-1094_037,scene-1094,test,original,0,none,42,90,34752,34752,0,0,0.6771568095,global_count,0.6,0,False
nuscenes_mini_subset,scene-1094_037,scene-1094,test,random_dropout,0.1,fraction_removed,42,90,31318,31318,0,0,0.7107976126,global_count,0.6,0.09798387097,False
nuscenes_mini_subset,scene-1094_037,scene-1094,test,random_dropout,0.3,fraction_removed,42,90,24280,24280,0,0,0.7775366251,global_count,0.6,0.3006912442,False
nuscenes_mini_subset,scene-1094_037,scene-1094,test,random_dropout,0.5,fraction_removed,42,90,17300,17300,0,0,0.8421052632,global_count,0.6,0.5017281106,False
nuscenes_mini_subset,scene-1094_037,scene-1094,test,sector_dropout,10,degrees,42,90,34214,34214,0,0,0.6771568095,global_count,0.6,0.01457373272,False
nuscenes_mini_subset,scene-1094_037,scene-1094,test,sector_dropout,20,degrees,42,90,33650,33650,0,2,1,global_count,0.6,0.03081797235,False
nuscenes_mini_subset,scene-1094_037,scene-1094,test,sector_dropout,30,degrees,42,90,33019,33019,0,2,1,global_count,0.6,0.04899193548,False
nuscenes_mini_subset,scene-1094_038,scene-1094,calibration,original,0,none,42,90,34688,34688,0,0,0.6880086815,global_count,0.6,0.0009216589862,False
nuscenes_mini_subset,scene-1094_038,scene-1094,calibration,random_dropout,0.1,fraction_removed,42,90,31260,31260,0,0,0.7221920781,global_count,0.6,0.09965437788,False
nuscenes_mini_subset,scene-1094_038,scene-1094,calibration,random_dropout,0.3,fraction_removed,42,90,24237,24237,0,0,0.7878459034,global_count,0.6,0.3019297235,False
nuscenes_mini_subset,scene-1094_038,scene-1094,calibration,random_dropout,0.5,fraction_removed,42,90,17270,17270,0,0,0.8507867607,global_count,0.6,0.5025921659,False
nuscenes_mini_subset,scene-1094_038,scene-1094,calibration,sector_dropout,10,degrees,42,90,34144,34144,0,0,0.6880086815,global_count,0.6,0.01658986175,False
nuscenes_mini_subset,scene-1094_038,scene-1094,calibration,sector_dropout,20,degrees,42,90,33558,33558,0,2,1,global_count,0.6,0.03346774194,False
nuscenes_mini_subset,scene-1094_038,scene-1094,calibration,sector_dropout,30,degrees,42,90,32951,32951,0,2,1,global_count,0.6,0.05095046083,False
nuscenes_mini_subset,scene-1094_039,scene-1094,test,original,0,none,42,90,34720,34720,0,0,0.6782419967,global_count,0.6,0,False
nuscenes_mini_subset,scene-1094_039,scene-1094,test,random_dropout,0.1,fraction_removed,42,90,31288,31288,0,0,0.7118827998,global_count,0.6,0.09884792627,False
nuscenes_mini_subset,scene-1094_039,scene-1094,test,random_dropout,0.3,fraction_removed,42,90,24255,24255,0,0,0.7813347802,global_count,0.6,0.3014112903,False
nuscenes_mini_subset,scene-1094_039,scene-1094,test,random_dropout,0.5,fraction_removed,42,90,17283,17283,0,0,0.8464460119,global_count,0.6,0.5022177419,False
nuscenes_mini_subset,scene-1094_039,scene-1094,test,sector_dropout,10,degrees,42,90,34182,34182,0,0,0.6782419967,global_count,0.6,0.01549539171,False
nuscenes_mini_subset,scene-1094_039,scene-1094,test,sector_dropout,20,degrees,42,90,33622,33622,0,2,1,global_count,0.6,0.03162442396,False
nuscenes_mini_subset,scene-1094_039,scene-1094,test,sector_dropout,30,degrees,42,90,33014,33014,0,2,1,global_count,0.6,0.0491359447,False
kitti_mini,000001,KITTI,calibration,original,0,none,42,0,120268,120268,0,0,0.2211283605,worst_bin,0.2,0.2211283605,True
kitti_mini,000001,KITTI,calibration,random_dropout,0.1,fraction_removed,42,0,108167,108167,0,0,0.2953426732,worst_bin,0.2,0.2953426732,True
kitti_mini,000001,KITTI,calibration,random_dropout,0.3,fraction_removed,42,0,84111,84111,0,0,0.4471790988,worst_bin,0.2,0.4471790988,True
kitti_mini,000001,KITTI,calibration,random_dropout,0.5,fraction_removed,42,0,59871,59871,0,0,0.6092389246,worst_bin,0.2,0.6092389246,True
kitti_mini,000001,KITTI,calibration,sector_dropout,10,degrees,42,0,117403,117403,0,0,0.5392058725,worst_bin,0.2,0.5392058725,True
kitti_mini,000001,KITTI,calibration,sector_dropout,20,degrees,42,0,114524,114524,0,2,1,worst_bin,0.2,1,True
kitti_mini,000001,KITTI,calibration,sector_dropout,30,degrees,42,0,111656,111656,0,2,1,worst_bin,0.2,1,True
kitti_mini,000004,KITTI,test,original,0,none,42,0,115976,115976,0,0,0.2491413474,worst_bin,0.2,0.2491413474,True
kitti_mini,000004,KITTI,test,random_dropout,0.1,fraction_removed,42,0,104322,104322,0,0,0.3207397622,worst_bin,0.2,0.3207397622,True
kitti_mini,000004,KITTI,test,random_dropout,0.3,fraction_removed,42,0,81127,81127,0,0,0.4676354029,worst_bin,0.2,0.4676354029,True
kitti_mini,000004,KITTI,test,random_dropout,0.5,fraction_removed,42,0,57713,57713,0,0,0.621664465,worst_bin,0.2,0.621664465,True
kitti_mini,000004,KITTI,test,sector_dropout,10,degrees,42,0,113221,113221,0,0,0.5478812145,worst_bin,0.2,0.5478812145,True
kitti_mini,000004,KITTI,test,sector_dropout,20,degrees,42,0,110374,110374,0,2,1,worst_bin,0.2,1,True
kitti_mini,000004,KITTI,test,sector_dropout,30,degrees,42,0,107252,107252,0,2,1,worst_bin,0.2,1,True
kitti_mini,000007,KITTI,calibration,original,0,none,42,0,122798,122798,0,0,0.2309782609,worst_bin,0.2,0.2309782609,True
kitti_mini,000007,KITTI,calibration,random_dropout,0.1,fraction_removed,42,0,110452,110452,0,0,0.3202639752,worst_bin,0.2,0.3202639752,True
kitti_mini,000007,KITTI,calibration,random_dropout,0.3,fraction_removed,42,0,85891,85891,0,0,0.4549689441,worst_bin,0.2,0.4549689441,True
kitti_mini,000007,KITTI,calibration,random_dropout,0.5,fraction_removed,42,0,61146,61146,0,0,0.612189441,worst_bin,0.2,0.612189441,True
kitti_mini,000007,KITTI,calibration,sector_dropout,10,degrees,42,0,119882,119882,0,0,0.5201868535,worst_bin,0.2,0.5201868535,True
kitti_mini,000007,KITTI,calibration,sector_dropout,20,degrees,42,0,116905,116905,0,2,1,worst_bin,0.2,1,True
kitti_mini,000007,KITTI,calibration,sector_dropout,30,degrees,42,0,113797,113797,0,2,1,worst_bin,0.2,1,True
kitti_mini,000008,KITTI,test,original,0,none,42,0,122555,122555,0,0,0.1737218252,worst_bin,0.2,0.1737218252,False
kitti_mini,000008,KITTI,test,random_dropout,0.1,fraction_removed,42,0,110227,110227,0,0,0.2603078615,worst_bin,0.2,0.2603078615,True
kitti_mini,000008,KITTI,test,random_dropout,0.3,fraction_removed,42,0,85707,85707,0,0,0.4255085212,worst_bin,0.2,0.4255085212,True
kitti_mini,000008,KITTI,test,random_dropout,0.5,fraction_removed,42,0,61008,61008,0,0,0.5951072018,worst_bin,0.2,0.5951072018,True
kitti_mini,000008,KITTI,test,sector_dropout,10,degrees,42,0,119436,119436,0,0,0.5288621955,worst_bin,0.2,0.5288621955,True
kitti_mini,000008,KITTI,test,sector_dropout,20,degrees,42,0,116373,116373,0,2,1,worst_bin,0.2,1,True
kitti_mini,000008,KITTI,test,sector_dropout,30,degrees,42,0,113375,113375,0,2,1,worst_bin,0.2,1,True
kitti_mini,000009,KITTI,calibration,original,0,none,42,0,123928,123928,0,0,0.2182759236,worst_bin,0.2,0.2182759236,True
kitti_mini,000009,KITTI,calibration,random_dropout,0.1,fraction_removed,42,0,111471,111471,0,0,0.3007317508,worst_bin,0.2,0.3007317508,True
kitti_mini,000009,KITTI,calibration,random_dropout,0.3,fraction_removed,42,0,86666,86666,0,0,0.4510083884,worst_bin,0.2,0.4510083884,True
kitti_mini,000009,KITTI,calibration,random_dropout,0.5,fraction_removed,42,0,61684,61684,0,0,0.6094949134,worst_bin,0.2,0.6094949134,True
kitti_mini,000009,KITTI,calibration,sector_dropout,10,degrees,42,0,121184,121184,0,0,0.5392303848,worst_bin,0.2,0.5392303848,True
kitti_mini,000009,KITTI,calibration,sector_dropout,20,degrees,42,0,118144,118144,0,2,1,worst_bin,0.2,1,True
kitti_mini,000009,KITTI,calibration,sector_dropout,30,degrees,42,0,114998,114998,0,2,1,worst_bin,0.2,1,True
kitti_mini,000010,KITTI,test,original,0,none,42,0,115875,115875,0,0,0.2575017446,worst_bin,0.2,0.2575017446,True
kitti_mini,000010,KITTI,test,random_dropout,0.1,fraction_removed,42,0,104232,104232,0,0,0.3309141661,worst_bin,0.2,0.3309141661,True
kitti_mini,000010,KITTI,test,random_dropout,0.3,fraction_removed,42,0,81051,81051,0,0,0.4810886253,worst_bin,0.2,0.4810886253,True
kitti_mini,000010,KITTI,test,random_dropout,0.5,fraction_removed,42,0,57666,57666,0,0,0.6314606742,worst_bin,0.2,0.6314606742,True
kitti_mini,000010,KITTI,test,sector_dropout,10,degrees,42,0,112986,112986,0,0,0.5311978645,worst_bin,0.2,0.5311978645,True
kitti_mini,000010,KITTI,test,sector_dropout,20,degrees,42,0,110136,110136,0,2,1,worst_bin,0.2,1,True
kitti_mini,000010,KITTI,test,sector_dropout,30,degrees,42,0,107326,107326,0,2,1,worst_bin,0.2,1,True
kitti_mini,000011,KITTI,calibration,original,0,none,42,0,108004,108004,0,0,0.437449338,worst_bin,0.2,0.437449338,True
kitti_mini,000011,KITTI,calibration,random_dropout,0.1,fraction_removed,42,0,97137,97137,0,0,0.5033774655,worst_bin,0.2,0.5033774655,True
kitti_mini,000011,KITTI,calibration,random_dropout,0.3,fraction_removed,42,0,75504,75504,0,0,0.6092947852,worst_bin,0.2,0.6092947852,True
kitti_mini,000011,KITTI,calibration,random_dropout,0.5,fraction_removed,42,0,53691,53691,0,0,0.718724669,worst_bin,0.2,0.718724669,True
kitti_mini,000011,KITTI,calibration,sector_dropout,10,degrees,42,0,104852,104852,0,0,0.4809262036,worst_bin,0.2,0.4809262036,True
kitti_mini,000011,KITTI,calibration,sector_dropout,20,degrees,42,0,101720,101720,0,2,1,worst_bin,0.2,1,True
kitti_mini,000011,KITTI,calibration,sector_dropout,30,degrees,42,0,98457,98457,0,2,1,worst_bin,0.2,1,True
kitti_mini,000012,KITTI,test,original,0,none,42,0,120007,120007,0,0,0.125468499,worst_bin,0.2,0.125468499,False
kitti_mini,000012,KITTI,test,random_dropout,0.1,fraction_removed,42,0,107936,107936,0,0,0.2100660361,worst_bin,0.2,0.2100660361,True
kitti_mini,000012,KITTI,test,random_dropout,0.3,fraction_removed,42,0,83936,83936,0,0,0.3918105958,worst_bin,0.2,0.3918105958,True
kitti_mini,000012,KITTI,test,random_dropout,0.5,fraction_removed,42,0,59746,59746,0,0,0.5761692218,worst_bin,0.2,0.5761692218,True
kitti_mini,000012,KITTI,test,sector_dropout,10,degrees,42,0,117275,117275,0,0,0.5572238906,worst_bin,0.2,0.5572238906,True
kitti_mini,000012,KITTI,test,sector_dropout,20,degrees,42,0,114415,114415,0,2,1,worst_bin,0.2,1,True
kitti_mini,000012,KITTI,test,sector_dropout,30,degrees,42,0,111302,111302,0,2,1,worst_bin,0.2,1,True
kitti_mini,000015,KITTI,calibration,original,0,none,42,0,122583,122583,0,0,0.2275975811,worst_bin,0.2,0.2275975811,True
kitti_mini,000015,KITTI,calibration,random_dropout,0.1,fraction_removed,42,0,110255,110255,0,0,0.3023639362,worst_bin,0.2,0.3023639362,True
kitti_mini,000015,KITTI,calibration,random_dropout,0.3,fraction_removed,42,0,85728,85728,0,0,0.4617921935,worst_bin,0.2,0.4617921935,True
kitti_mini,000015,KITTI,calibration,random_dropout,0.5,fraction_removed,42,0,61027,61027,0,0,0.6179219351,worst_bin,0.2,0.6179219351,True
kitti_mini,000015,KITTI,calibration,sector_dropout,10,degrees,42,0,119491,119491,0,0,0.5019157088,worst_bin,0.2,0.5019157088,True
kitti_mini,000015,KITTI,calibration,sector_dropout,20,degrees,42,0,116309,116309,0,2,1,worst_bin,0.2,1,True
kitti_mini,000015,KITTI,calibration,sector_dropout,30,degrees,42,0,112922,112922,0,2,1,worst_bin,0.2,1,True
kitti_mini,000016,KITTI,test,original,0,none,42,0,113070,113070,0,0,0.2336819807,worst_bin,0.2,0.2336819807,True
kitti_mini,000016,KITTI,test,random_dropout,0.1,fraction_removed,42,0,101696,101696,0,0,0.3033231828,worst_bin,0.2,0.3033231828,True
kitti_mini,000016,KITTI,test,random_dropout,0.3,fraction_removed,42,0,79085,79085,0,0,0.4566397458,worst_bin,0.2,0.4566397458,True
kitti_mini,000016,KITTI,test,random_dropout,0.5,fraction_removed,42,0,56269,56269,0,0,0.6126042632,worst_bin,0.2,0.6126042632,True
kitti_mini,000016,KITTI,test,sector_dropout,10,degrees,42,0,110084,110084,0,0,0.5395395395,worst_bin,0.2,0.5395395395,True
kitti_mini,000016,KITTI,test,sector_dropout,20,degrees,42,0,107282,107282,0,2,1,worst_bin,0.2,1,True
kitti_mini,000016,KITTI,test,sector_dropout,30,degrees,42,0,104177,104177,0,2,1,worst_bin,0.2,1,True
kitti_mini,000019,KITTI,calibration,original,0,none,42,0,115697,115697,0,0,0.3797752809,worst_bin,0.2,0.3797752809,True
kitti_mini,000019,KITTI,calibration,random_dropout,0.1,fraction_removed,42,0,104075,104075,0,0,0.4443820225,worst_bin,0.2,0.4443820225,True
kitti_mini,000019,KITTI,calibration,random_dropout,0.3,fraction_removed,42,0,80920,80920,0,0,0.5710674157,worst_bin,0.2,0.5710674157,True
kitti_mini,000019,KITTI,calibration,random_dropout,0.5,fraction_removed,42,0,57574,57574,0,0,0.6907303371,worst_bin,0.2,0.6907303371,True
kitti_mini,000019,KITTI,calibration,sector_dropout,10,degrees,42,0,112937,112937,0,0,0.4654654655,worst_bin,0.2,0.4654654655,True
kitti_mini,000019,KITTI,calibration,sector_dropout,20,degrees,42,0,109699,109699,0,2,1,worst_bin,0.2,1,True
kitti_mini,000019,KITTI,calibration,sector_dropout,30,degrees,42,0,106352,106352,0,2,1,worst_bin,0.2,1,True
kitti_mini,000021,KITTI,test,original,0,none,42,0,125260,125260,0,0,0.1097626272,worst_bin,0.2,0.1097626272,False
kitti_mini,000021,KITTI,test,random_dropout,0.1,fraction_removed,42,0,112663,112663,0,0,0.1904336962,worst_bin,0.2,0.1904336962,False
kitti_mini,000021,KITTI,test,random_dropout,0.3,fraction_removed,42,0,87589,87589,0,0,0.3771194003,worst_bin,0.2,0.3771194003,True
kitti_mini,000021,KITTI,test,random_dropout,0.5,fraction_removed,42,0,62348,62348,0,0,0.5545243619,worst_bin,0.2,0.5545243619,True
kitti_mini,000021,KITTI,test,sector_dropout,10,degrees,42,0,122350,122350,0,0,0.4925870398,worst_bin,0.2,0.4925870398,True
kitti_mini,000021,KITTI,test,sector_dropout,20,degrees,42,0,119279,119279,0,2,1,worst_bin,0.2,1,True
kitti_mini,000021,KITTI,test,sector_dropout,30,degrees,42,0,115901,115901,0,2,1,worst_bin,0.2,1,True
kitti_mini,000023,KITTI,calibration,original,0,none,42,0,120412,120412,0,0,0.2112836047,worst_bin,0.2,0.2112836047,True
kitti_mini,000023,KITTI,calibration,random_dropout,0.1,fraction_removed,42,0,108295,108295,0,0,0.2828474063,worst_bin,0.2,0.2828474063,True
kitti_mini,000023,KITTI,calibration,random_dropout,0.3,fraction_removed,42,0,84216,84216,0,0,0.4335478985,worst_bin,0.2,0.4335478985,True
kitti_mini,000023,KITTI,calibration,random_dropout,0.5,fraction_removed,42,0,59941,59941,0,0,0.5940931465,worst_bin,0.2,0.5940931465,True
kitti_mini,000023,KITTI,calibration,sector_dropout,10,degrees,42,0,117532,117532,0,0,0.5375375375,worst_bin,0.2,0.5375375375,True
kitti_mini,000023,KITTI,calibration,sector_dropout,20,degrees,42,0,114647,114647,0,2,1,worst_bin,0.2,1,True
kitti_mini,000023,KITTI,calibration,sector_dropout,30,degrees,42,0,111761,111761,0,2,1,worst_bin,0.2,1,True
kitti_mini,000025,KITTI,test,original,0,none,42,0,115780,115780,0,0,0.4989532449,worst_bin,0.2,0.4989532449,True
kitti_mini,000025,KITTI,test,random_dropout,0.1,fraction_removed,42,0,104147,104147,0,0,0.5528262387,worst_bin,0.2,0.5528262387,True
kitti_mini,000025,KITTI,test,random_dropout,0.3,fraction_removed,42,0,80980,80980,0,0,0.6519190509,worst_bin,0.2,0.6519190509,True
kitti_mini,000025,KITTI,test,random_dropout,0.5,fraction_removed,42,0,57618,57618,0,0,0.747662247,worst_bin,0.2,0.747662247,True
kitti_mini,000025,KITTI,test,sector_dropout,10,degrees,42,0,112768,112768,0,0,0.5059137098,worst_bin,0.2,0.5059137098,True
kitti_mini,000025,KITTI,test,sector_dropout,20,degrees,42,0,109681,109681,0,2,1,worst_bin,0.2,1,True
kitti_mini,000025,KITTI,test,sector_dropout,30,degrees,42,0,106354,106354,0,2,1,worst_bin,0.2,1,True
kitti_mini,000031,KITTI,calibration,original,0,none,42,0,121291,121291,0,0,0.2161747142,worst_bin,0.2,0.2161747142,True
kitti_mini,000031,KITTI,calibration,random_dropout,0.1,fraction_removed,42,0,109094,109094,0,0,0.2987544788,worst_bin,0.2,0.2987544788,True
kitti_mini,000031,KITTI,calibration,random_dropout,0.3,fraction_removed,42,0,84836,84836,0,0,0.4741511687,worst_bin,0.2,0.4741511687,True
kitti_mini,000031,KITTI,calibration,random_dropout,0.5,fraction_removed,42,0,60380,60380,0,0,0.6215662856,worst_bin,0.2,0.6215662856,True
kitti_mini,000031,KITTI,calibration,sector_dropout,10,degrees,42,0,118436,118436,0,0,0.4644644645,worst_bin,0.2,0.4644644645,True
kitti_mini,000031,KITTI,calibration,sector_dropout,20,degrees,42,0,115189,115189,0,2,1,worst_bin,0.2,1,True
kitti_mini,000031,KITTI,calibration,sector_dropout,30,degrees,42,0,111968,111968,0,2,1,worst_bin,0.2,1,True
kitti_mini,000032,KITTI,test,original,0,none,42,0,118661,118661,0,0,0.3036516854,worst_bin,0.2,0.3036516854,True
kitti_mini,000032,KITTI,test,random_dropout,0.1,fraction_removed,42,0,106737,106737,0,0,0.3735955056,worst_bin,0.2,0.3735955056,True
kitti_mini,000032,KITTI,test,random_dropout,0.3,fraction_removed,42,0,82996,82996,0,0,0.5095505618,worst_bin,0.2,0.5095505618,True
kitti_mini,000032,KITTI,test,random_dropout,0.5,fraction_removed,42,0,59084,59084,0,0,0.6460674157,worst_bin,0.2,0.6460674157,True
kitti_mini,000032,KITTI,test,sector_dropout,10,degrees,42,0,115376,115376,0,0,0.4869232051,worst_bin,0.2,0.4869232051,True
kitti_mini,000032,KITTI,test,sector_dropout,20,degrees,42,0,112167,112167,0,2,1,worst_bin,0.2,1,True
kitti_mini,000032,KITTI,test,sector_dropout,30,degrees,42,0,108942,108942,0,2,1,worst_bin,0.2,1,True
kitti_mini,000043,KITTI,calibration,original,0,none,42,0,122591,122591,0,0,0.1185770751,worst_bin,0.2,0.1185770751,False
kitti_mini,000043,KITTI,calibration,random_dropout,0.1,fraction_removed,42,0,110261,110261,0,0,0.2026350461,worst_bin,0.2,0.2026350461,True
kitti_mini,000043,KITTI,calibration,random_dropout,0.3,fraction_removed,42,0,85733,85733,0,0,0.377602108,worst_bin,0.2,0.377602108,True
kitti_mini,000043,KITTI,calibration,random_dropout,0.5,fraction_removed,42,0,61030,61030,0,0,0.5571405414,worst_bin,0.2,0.5571405414,True
kitti_mini,000043,KITTI,calibration,sector_dropout,10,degrees,42,0,119700,119700,0,0,0.4659336998,worst_bin,0.2,0.4659336998,True
kitti_mini,000043,KITTI,calibration,sector_dropout,20,degrees,42,0,116484,116484,0,2,1,worst_bin,0.2,1,True
kitti_mini,000043,KITTI,calibration,sector_dropout,30,degrees,42,0,113109,113109,0,2,1,worst_bin,0.2,1,True
kitti_mini,000048,KITTI,test,original,0,none,42,0,122675,122675,0,0,0.1252311757,worst_bin,0.2,0.1252311757,False
kitti_mini,000048,KITTI,test,random_dropout,0.1,fraction_removed,42,0,110341,110341,0,0,0.2113606341,worst_bin,0.2,0.2113606341,True
kitti_mini,000048,KITTI,test,random_dropout,0.3,fraction_removed,42,0,85799,85799,0,0,0.3965653897,worst_bin,0.2,0.3965653897,True
kitti_mini,000048,KITTI,test,random_dropout,0.5,fraction_removed,42,0,61084,61084,0,0,0.5717305152,worst_bin,0.2,0.5717305152,True
kitti_mini,000048,KITTI,test,sector_dropout,10,degrees,42,0,119639,119639,0,0,0.4619356988,worst_bin,0.2,0.4619356988,True
kitti_mini,000048,KITTI,test,sector_dropout,20,degrees,42,0,116394,116394,0,2,1,worst_bin,0.2,1,True
kitti_mini,000048,KITTI,test,sector_dropout,30,degrees,42,0,113015,113015,0,2,1,worst_bin,0.2,1,True
kitti_mini,000049,KITTI,calibration,original,0,none,42,0,113691,113691,0,0,0.2917112299,worst_bin,0.2,0.2917112299,True
kitti_mini,000049,KITTI,calibration,random_dropout,0.1,fraction_removed,42,0,102244,102244,0,0,0.3612299465,worst_bin,0.2,0.3612299465,True
kitti_mini,000049,KITTI,calibration,random_dropout,0.3,fraction_removed,42,0,79510,79510,0,0,0.5016042781,worst_bin,0.2,0.5016042781,True
kitti_mini,000049,KITTI,calibration,random_dropout,0.5,fraction_removed,42,0,56570,56570,0,0,0.649197861,worst_bin,0.2,0.649197861,True
kitti_mini,000049,KITTI,calibration,sector_dropout,10,degrees,42,0,110704,110704,0,0,0.4984984985,worst_bin,0.2,0.4984984985,True
kitti_mini,000049,KITTI,calibration,sector_dropout,20,degrees,42,0,107599,107599,0,2,1,worst_bin,0.2,1,True
kitti_mini,000049,KITTI,calibration,sector_dropout,30,degrees,42,0,104368,104368,0,2,1,worst_bin,0.2,1,True
kitti_mini,000061,KITTI,test,original,0,none,42,0,125247,125247,0,0,0.1957119296,worst_bin,0.2,0.1957119296,False
kitti_mini,000061,KITTI,test,random_dropout,0.1,fraction_removed,42,0,112650,112650,0,0,0.2699285322,worst_bin,0.2,0.2699285322,True
kitti_mini,000061,KITTI,test,random_dropout,0.3,fraction_removed,42,0,87580,87580,0,0,0.4395272128,worst_bin,0.2,0.4395272128,True
kitti_mini,000061,KITTI,test,random_dropout,0.5,fraction_removed,42,0,62340,62340,0,0,0.6083012644,worst_bin,0.2,0.6083012644,True
kitti_mini,000061,KITTI,test,sector_dropout,10,degrees,42,0,121843,121843,0,0,0.4327660994,worst_bin,0.2,0.4327660994,True
kitti_mini,000061,KITTI,test,sector_dropout,20,degrees,42,0,118439,118439,0,2,1,worst_bin,0.2,1,True
kitti_mini,000061,KITTI,test,sector_dropout,30,degrees,42,0,114969,114969,0,2,1,worst_bin,0.2,1,True
nuscenes_mini_subset,scene-0103_000,scene-0103,calibration,original,0,none,42,90,34752,34752,0,0,0.7826802766,worst_bin,0.2,0.7826802766,True
nuscenes_mini_subset,scene-0103_000,scene-0103,calibration,random_dropout,0.1,fraction_removed,42,90,31318,31318,0,0,0.8037537043,worst_bin,0.2,0.8037537043,True
nuscenes_mini_subset,scene-0103_000,scene-0103,calibration,random_dropout,0.3,fraction_removed,42,90,24280,24280,0,0,0.8508396444,worst_bin,0.2,0.8508396444,True
nuscenes_mini_subset,scene-0103_000,scene-0103,calibration,random_dropout,0.5,fraction_removed,42,90,17300,17300,0,0,0.8946328614,worst_bin,0.2,0.8946328614,True
nuscenes_mini_subset,scene-0103_000,scene-0103,calibration,sector_dropout,10,degrees,42,90,34173,34173,0,0,0.7826802766,worst_bin,0.2,0.7826802766,True
nuscenes_mini_subset,scene-0103_000,scene-0103,calibration,sector_dropout,20,degrees,42,90,33489,33489,0,2,1,worst_bin,0.2,1,True
nuscenes_mini_subset,scene-0103_000,scene-0103,calibration,sector_dropout,30,degrees,42,90,32758,32758,0,2,1,worst_bin,0.2,1,True
nuscenes_mini_subset,scene-0103_001,scene-0103,test,original,0,none,42,90,34688,34688,0,0,0.6483993489,worst_bin,0.2,0.6483993489,True
nuscenes_mini_subset,scene-0103_001,scene-0103,test,random_dropout,0.1,fraction_removed,42,90,31260,31260,0,0,0.6858383071,worst_bin,0.2,0.6858383071,True
nuscenes_mini_subset,scene-0103_001,scene-0103,test,random_dropout,0.3,fraction_removed,42,90,24237,24237,0,0,0.757460662,worst_bin,0.2,0.757460662,True
nuscenes_mini_subset,scene-0103_001,scene-0103,test,random_dropout,0.5,fraction_removed,42,90,17270,17270,0,0,0.8279978296,worst_bin,0.2,0.8279978296,True
nuscenes_mini_subset,scene-0103_001,scene-0103,test,sector_dropout,10,degrees,42,90,34086,34086,0,0,0.6483993489,worst_bin,0.2,0.6483993489,True
nuscenes_mini_subset,scene-0103_001,scene-0103,test,sector_dropout,20,degrees,42,90,33401,33401,0,2,1,worst_bin,0.2,1,True
nuscenes_mini_subset,scene-0103_001,scene-0103,test,sector_dropout,30,degrees,42,90,32666,32666,0,2,1,worst_bin,0.2,1,True
nuscenes_mini_subset,scene-0103_002,scene-0103,calibration,original,0,none,42,90,34752,34752,0,0,0.6652197504,worst_bin,0.2,0.6652197504,True
nuscenes_mini_subset,scene-0103_002,scene-0103,calibration,random_dropout,0.1,fraction_removed,42,90,31318,31318,0,0,0.7015735214,worst_bin,0.2,0.7015735214,True
nuscenes_mini_subset,scene-0103_002,scene-0103,calibration,random_dropout,0.3,fraction_removed,42,90,24280,24280,0,0,0.7688551275,worst_bin,0.2,0.7688551275,True
nuscenes_mini_subset,scene-0103_002,scene-0103,calibration,random_dropout,0.5,fraction_removed,42,90,17300,17300,0,0,0.8350515464,worst_bin,0.2,0.8350515464,True
nuscenes_mini_subset,scene-0103_002,scene-0103,calibration,sector_dropout,10,degrees,42,90,34178,34178,0,0,0.6652197504,worst_bin,0.2,0.6652197504,True
nuscenes_mini_subset,scene-0103_002,scene-0103,calibration,sector_dropout,20,degrees,42,90,33497,33497,0,2,1,worst_bin,0.2,1,True
nuscenes_mini_subset,scene-0103_002,scene-0103,calibration,sector_dropout,30,degrees,42,90,32766,32766,0,2,1,worst_bin,0.2,1,True
nuscenes_mini_subset,scene-0103_003,scene-0103,test,original,0,none,42,90,34720,34720,0,0,0.6950623983,worst_bin,0.2,0.6950623983,True
nuscenes_mini_subset,scene-0103_003,scene-0103,test,random_dropout,0.1,fraction_removed,42,90,31288,31288,0,0,0.7254476397,worst_bin,0.2,0.7254476397,True
nuscenes_mini_subset,scene-0103_003,scene-0103,test,random_dropout,0.3,fraction_removed,42,90,24255,24255,0,0,0.788388497,worst_bin,0.2,0.788388497,True
nuscenes_mini_subset,scene-0103_003,scene-0103,test,random_dropout,0.5,fraction_removed,42,90,17283,17283,0,0,0.8475311991,worst_bin,0.2,0.8475311991,True
nuscenes_mini_subset,scene-0103_003,scene-0103,test,sector_dropout,10,degrees,42,90,34137,34137,0,0,0.6950623983,worst_bin,0.2,0.6950623983,True
nuscenes_mini_subset,scene-0103_003,scene-0103,test,sector_dropout,20,degrees,42,90,33465,33465,0,2,1,worst_bin,0.2,1,True
nuscenes_mini_subset,scene-0103_003,scene-0103,test,sector_dropout,30,degrees,42,90,32743,32743,0,2,1,worst_bin,0.2,1,True
nuscenes_mini_subset,scene-0103_004,scene-0103,calibration,original,0,none,42,90,34784,34784,0,0,0.7059142702,worst_bin,0.2,0.7059142702,True
nuscenes_mini_subset,scene-0103_004,scene-0103,calibration,random_dropout,0.1,fraction_removed,42,90,31345,31345,0,0,0.7357569181,worst_bin,0.2,0.7357569181,True
nuscenes_mini_subset,scene-0103_004,scene-0103,calibration,random_dropout,0.3,fraction_removed,42,90,24300,24300,0,0,0.796527401,worst_bin,0.2,0.796527401,True
nuscenes_mini_subset,scene-0103_004,scene-0103,calibration,random_dropout,0.5,fraction_removed,42,90,17313,17313,0,0,0.8551275095,worst_bin,0.2,0.8551275095,True
nuscenes_mini_subset,scene-0103_004,scene-0103,calibration,sector_dropout,10,degrees,42,90,34196,34196,0,0,0.7059142702,worst_bin,0.2,0.7059142702,True
nuscenes_mini_subset,scene-0103_004,scene-0103,calibration,sector_dropout,20,degrees,42,90,33528,33528,0,2,1,worst_bin,0.2,1,True
nuscenes_mini_subset,scene-0103_004,scene-0103,calibration,sector_dropout,30,degrees,42,90,32825,32825,0,2,1,worst_bin,0.2,1,True
nuscenes_mini_subset,scene-0103_005,scene-0103,test,original,0,none,42,90,34720,34720,0,0,0.3824200913,worst_bin,0.2,0.3824200913,True
nuscenes_mini_subset,scene-0103_005,scene-0103,test,random_dropout,0.1,fraction_removed,42,90,31288,31288,0,0,0.4566210046,worst_bin,0.2,0.4566210046,True
nuscenes_mini_subset,scene-0103_005,scene-0103,test,random_dropout,0.3,fraction_removed,42,90,24255,24255,0,0,0.5799086758,worst_bin,0.2,0.5799086758,True
nuscenes_mini_subset,scene-0103_005,scene-0103,test,random_dropout,0.5,fraction_removed,42,90,17283,17283,0,0,0.7160775371,worst_bin,0.2,0.7160775371,True
nuscenes_mini_subset,scene-0103_005,scene-0103,test,sector_dropout,10,degrees,42,90,34105,34105,0,0,0.4887218045,worst_bin,0.2,0.4887218045,True
nuscenes_mini_subset,scene-0103_005,scene-0103,test,sector_dropout,20,degrees,42,90,33424,33424,0,2,1,worst_bin,0.2,1,True
nuscenes_mini_subset,scene-0103_005,scene-0103,test,sector_dropout,30,degrees,42,90,32673,32673,0,2,1,worst_bin,0.2,1,True
nuscenes_mini_subset,scene-0103_006,scene-0103,calibration,original,0,none,42,90,34688,34688,0,0,0.6939772111,worst_bin,0.2,0.6939772111,True
nuscenes_mini_subset,scene-0103_006,scene-0103,calibration,random_dropout,0.1,fraction_removed,42,90,31260,31260,0,0,0.7259902333,worst_bin,0.2,0.7259902333,True
nuscenes_mini_subset,scene-0103_006,scene-0103,calibration,random_dropout,0.3,fraction_removed,42,90,24237,24237,0,0,0.7873033098,worst_bin,0.2,0.7873033098,True
nuscenes_mini_subset,scene-0103_006,scene-0103,calibration,random_dropout,0.5,fraction_removed,42,90,17270,17270,0,0,0.8491589799,worst_bin,0.2,0.8491589799,True
nuscenes_mini_subset,scene-0103_006,scene-0103,calibration,sector_dropout,10,degrees,42,90,34101,34101,0,0,0.6939772111,worst_bin,0.2,0.6939772111,True
nuscenes_mini_subset,scene-0103_006,scene-0103,calibration,sector_dropout,20,degrees,42,90,33454,33454,0,2,1,worst_bin,0.2,1,True
nuscenes_mini_subset,scene-0103_006,scene-0103,calibration,sector_dropout,30,degrees,42,90,32710,32710,0,2,1,worst_bin,0.2,1,True
nuscenes_mini_subset,scene-0103_007,scene-0103,test,original,0,none,42,90,34688,34688,0,0,0.6543678785,worst_bin,0.2,0.6543678785,True
nuscenes_mini_subset,scene-0103_007,scene-0103,test,random_dropout,0.1,fraction_removed,42,90,31260,31260,0,0,0.6907216495,worst_bin,0.2,0.6907216495,True
nuscenes_mini_subset,scene-0103_007,scene-0103,test,random_dropout,0.3,fraction_removed,42,90,24237,24237,0,0,0.7612588171,worst_bin,0.2,0.7612588171,True
nuscenes_mini_subset,scene-0103_007,scene-0103,test,random_dropout,0.5,fraction_removed,42,90,17270,17270,0,0,0.8334237656,worst_bin,0.2,0.8334237656,True
nuscenes_mini_subset,scene-0103_007,scene-0103,test,sector_dropout,10,degrees,42,90,34100,34100,0,0,0.6543678785,worst_bin,0.2,0.6543678785,True
nuscenes_mini_subset,scene-0103_007,scene-0103,test,sector_dropout,20,degrees,42,90,33463,33463,0,2,1,worst_bin,0.2,1,True
nuscenes_mini_subset,scene-0103_007,scene-0103,test,sector_dropout,30,degrees,42,90,32730,32730,0,2,1,worst_bin,0.2,1,True
nuscenes_mini_subset,scene-0103_008,scene-0103,calibration,original,0,none,42,90,34720,34720,0,0,0.7701679289,worst_bin,0.2,0.7701679289,True
nuscenes_mini_subset,scene-0103_008,scene-0103,calibration,random_dropout,0.1,fraction_removed,42,90,31288,31288,0,0,0.7925584458,worst_bin,0.2,0.7925584458,True
nuscenes_mini_subset,scene-0103_008,scene-0103,calibration,random_dropout,0.3,fraction_removed,42,90,24255,24255,0,0,0.8393151136,worst_bin,0.2,0.8393151136,True
nuscenes_mini_subset,scene-0103_008,scene-0103,calibration,random_dropout,0.5,fraction_removed,42,90,17283,17283,0,0,0.8821205137,worst_bin,0.2,0.8821205137,True
nuscenes_mini_subset,scene-0103_008,scene-0103,calibration,sector_dropout,10,degrees,42,90,34166,34166,0,0,0.7701679289,worst_bin,0.2,0.7701679289,True
nuscenes_mini_subset,scene-0103_008,scene-0103,calibration,sector_dropout,20,degrees,42,90,33549,33549,0,2,1,worst_bin,0.2,1,True
nuscenes_mini_subset,scene-0103_008,scene-0103,calibration,sector_dropout,30,degrees,42,90,32831,32831,0,2,1,worst_bin,0.2,1,True
nuscenes_mini_subset,scene-0103_009,scene-0103,test,original,0,none,42,90,34720,34720,0,0,0.7942048074,worst_bin,0.2,0.7942048074,True
nuscenes_mini_subset,scene-0103_009,scene-0103,test,random_dropout,0.1,fraction_removed,42,90,31288,31288,0,0,0.8139611459,worst_bin,0.2,0.8139611459,True
nuscenes_mini_subset,scene-0103_009,scene-0103,test,random_dropout,0.3,fraction_removed,42,90,24255,24255,0,0,0.8561080013,worst_bin,0.2,0.8561080013,True
nuscenes_mini_subset,scene-0103_009,scene-0103,test,random_dropout,0.5,fraction_removed,42,90,17283,17283,0,0,0.895291406,worst_bin,0.2,0.895291406,True
nuscenes_mini_subset,scene-0103_009,scene-0103,test,sector_dropout,10,degrees,42,90,34174,34174,0,0,0.7942048074,worst_bin,0.2,0.7942048074,True
nuscenes_mini_subset,scene-0103_009,scene-0103,test,sector_dropout,20,degrees,42,90,33561,33561,0,2,1,worst_bin,0.2,1,True
nuscenes_mini_subset,scene-0103_009,scene-0103,test,sector_dropout,30,degrees,42,90,32808,32808,0,2,1,worst_bin,0.2,1,True
nuscenes_mini_subset,scene-0103_010,scene-0103,calibration,original,0,none,42,90,34720,34720,0,0,0.6728160608,worst_bin,0.2,0.6728160608,True
nuscenes_mini_subset,scene-0103_010,scene-0103,calibration,random_dropout,0.1,fraction_removed,42,90,31288,31288,0,0,0.7080846446,worst_bin,0.2,0.7080846446,True
nuscenes_mini_subset,scene-0103_010,scene-0103,calibration,random_dropout,0.3,fraction_removed,42,90,24255,24255,0,0,0.7759088443,worst_bin,0.2,0.7759088443,True
nuscenes_mini_subset,scene-0103_010,scene-0103,calibration,random_dropout,0.5,fraction_removed,42,90,17283,17283,0,0,0.8426478568,worst_bin,0.2,0.8426478568,True
nuscenes_mini_subset,scene-0103_010,scene-0103,calibration,sector_dropout,10,degrees,42,90,34162,34162,0,0,0.6728160608,worst_bin,0.2,0.6728160608,True
nuscenes_mini_subset,scene-0103_010,scene-0103,calibration,sector_dropout,20,degrees,42,90,33505,33505,0,2,1,worst_bin,0.2,1,True
nuscenes_mini_subset,scene-0103_010,scene-0103,calibration,sector_dropout,30,degrees,42,90,32755,32755,0,2,1,worst_bin,0.2,1,True
nuscenes_mini_subset,scene-0103_011,scene-0103,test,original,0,none,42,90,34688,34688,0,0,0.6842105263,worst_bin,0.2,0.6842105263,True
nuscenes_mini_subset,scene-0103_011,scene-0103,test,random_dropout,0.1,fraction_removed,42,90,31260,31260,0,0,0.7178513294,worst_bin,0.2,0.7178513294,True
nuscenes_mini_subset,scene-0103_011,scene-0103,test,random_dropout,0.3,fraction_removed,42,90,24237,24237,0,0,0.7851329354,worst_bin,0.2,0.7851329354,True
nuscenes_mini_subset,scene-0103_011,scene-0103,test,random_dropout,0.5,fraction_removed,42,90,17270,17270,0,0,0.8491589799,worst_bin,0.2,0.8491589799,True
nuscenes_mini_subset,scene-0103_011,scene-0103,test,sector_dropout,10,degrees,42,90,34078,34078,0,0,0.6842105263,worst_bin,0.2,0.6842105263,True
nuscenes_mini_subset,scene-0103_011,scene-0103,test,sector_dropout,20,degrees,42,90,33408,33408,0,2,1,worst_bin,0.2,1,True
nuscenes_mini_subset,scene-0103_011,scene-0103,test,sector_dropout,30,degrees,42,90,32649,32649,0,2,1,worst_bin,0.2,1,True
nuscenes_mini_subset,scene-0103_012,scene-0103,calibration,original,0,none,42,90,34688,34688,0,0,0.6782419967,worst_bin,0.2,0.6782419967,True
nuscenes_mini_subset,scene-0103_012,scene-0103,calibration,random_dropout,0.1,fraction_removed,42,90,31260,31260,0,0,0.7107976126,worst_bin,0.2,0.7107976126,True
nuscenes_mini_subset,scene-0103_012,scene-0103,calibration,random_dropout,0.3,fraction_removed,42,90,24237,24237,0,0,0.7780792187,worst_bin,0.2,0.7780792187,True
nuscenes_mini_subset,scene-0103_012,scene-0103,calibration,random_dropout,0.5,fraction_removed,42,90,17270,17270,0,0,0.843733044,worst_bin,0.2,0.843733044,True
nuscenes_mini_subset,scene-0103_012,scene-0103,calibration,sector_dropout,10,degrees,42,90,34076,34076,0,0,0.6782419967,worst_bin,0.2,0.6782419967,True
nuscenes_mini_subset,scene-0103_012,scene-0103,calibration,sector_dropout,20,degrees,42,90,33380,33380,0,2,1,worst_bin,0.2,1,True
nuscenes_mini_subset,scene-0103_012,scene-0103,calibration,sector_dropout,30,degrees,42,90,32605,32605,0,2,1,worst_bin,0.2,1,True
nuscenes_mini_subset,scene-0103_013,scene-0103,test,original,0,none,42,90,34688,34688,0,0,0.2136181575,worst_bin,0.2,0.2136181575,True
nuscenes_mini_subset,scene-0103_013,scene-0103,test,random_dropout,0.1,fraction_removed,42,90,31260,31260,0,0,0.2950600801,worst_bin,0.2,0.2950600801,True
nuscenes_mini_subset,scene-0103_013,scene-0103,test,random_dropout,0.3,fraction_removed,42,90,24237,24237,0,0,0.4632843792,worst_bin,0.2,0.4632843792,True
nuscenes_mini_subset,scene-0103_013,scene-0103,test,random_dropout,0.5,fraction_removed,42,90,17270,17270,0,0,0.6141522029,worst_bin,0.2,0.6141522029,True
nuscenes_mini_subset,scene-0103_013,scene-0103,test,sector_dropout,10,degrees,42,90,34061,34061,0,0,0.4736842105,worst_bin,0.2,0.4736842105,True
nuscenes_mini_subset,scene-0103_013,scene-0103,test,sector_dropout,20,degrees,42,90,33357,33357,0,2,1,worst_bin,0.2,1,True
nuscenes_mini_subset,scene-0103_013,scene-0103,test,sector_dropout,30,degrees,42,90,32548,32548,0,2,1,worst_bin,0.2,1,True
nuscenes_mini_subset,scene-0103_014,scene-0103,calibration,original,0,none,42,90,34720,34720,0,0,0.6196418882,worst_bin,0.2,0.6196418882,True
nuscenes_mini_subset,scene-0103_014,scene-0103,calibration,random_dropout,0.1,fraction_removed,42,90,31288,31288,0,0,0.660336408,worst_bin,0.2,0.660336408,True
nuscenes_mini_subset,scene-0103_014,scene-0103,calibration,random_dropout,0.3,fraction_removed,42,90,24255,24255,0,0,0.7379272925,worst_bin,0.2,0.7379272925,True
nuscenes_mini_subset,scene-0103_014,scene-0103,calibration,random_dropout,0.5,fraction_removed,42,90,17283,17283,0,0,0.8166033641,worst_bin,0.2,0.8166033641,True
nuscenes_mini_subset,scene-0103_014,scene-0103,calibration,sector_dropout,10,degrees,42,90,34073,34073,0,0,0.6196418882,worst_bin,0.2,0.6196418882,True
nuscenes_mini_subset,scene-0103_014,scene-0103,calibration,sector_dropout,20,degrees,42,90,33351,33351,0,2,1,worst_bin,0.2,1,True
nuscenes_mini_subset,scene-0103_014,scene-0103,calibration,sector_dropout,30,degrees,42,90,32523,32523,0,2,1,worst_bin,0.2,1,True
nuscenes_mini_subset,scene-0103_015,scene-0103,test,original,0,none,42,90,34688,34688,0,0,0.4119196576,worst_bin,0.2,0.4119196576,True
nuscenes_mini_subset,scene-0103_015,scene-0103,test,random_dropout,0.1,fraction_removed,42,90,31260,31260,0,0,0.471188673,worst_bin,0.2,0.471188673,True
nuscenes_mini_subset,scene-0103_015,scene-0103,test,random_dropout,0.3,fraction_removed,42,90,24237,24237,0,0,0.5946657886,worst_bin,0.2,0.5946657886,True
nuscenes_mini_subset,scene-0103_015,scene-0103,test,random_dropout,0.5,fraction_removed,42,90,17270,17270,0,0,0.7089232796,worst_bin,0.2,0.7089232796,True
nuscenes_mini_subset,scene-0103_015,scene-0103,test,sector_dropout,10,degrees,42,90,34032,34032,0,0,0.4736842105,worst_bin,0.2,0.4736842105,True
nuscenes_mini_subset,scene-0103_015,scene-0103,test,sector_dropout,20,degrees,42,90,33326,33326,0,2,1,worst_bin,0.2,1,True
nuscenes_mini_subset,scene-0103_015,scene-0103,test,sector_dropout,30,degrees,42,90,32508,32508,0,2,1,worst_bin,0.2,1,True
nuscenes_mini_subset,scene-0103_016,scene-0103,calibration,original,0,none,42,90,34720,34720,0,0,0.6652197504,worst_bin,0.2,0.6652197504,True
nuscenes_mini_subset,scene-0103_016,scene-0103,calibration,random_dropout,0.1,fraction_removed,42,90,31288,31288,0,0,0.699403147,worst_bin,0.2,0.699403147,True
nuscenes_mini_subset,scene-0103_016,scene-0103,calibration,random_dropout,0.3,fraction_removed,42,90,24255,24255,0,0,0.7677699403,worst_bin,0.2,0.7677699403,True
nuscenes_mini_subset,scene-0103_016,scene-0103,calibration,random_dropout,0.5,fraction_removed,42,90,17283,17283,0,0,0.8372219208,worst_bin,0.2,0.8372219208,True
nuscenes_mini_subset,scene-0103_016,scene-0103,calibration,sector_dropout,10,degrees,42,90,34055,34055,0,0,0.6652197504,worst_bin,0.2,0.6652197504,True
nuscenes_mini_subset,scene-0103_016,scene-0103,calibration,sector_dropout,20,degrees,42,90,33363,33363,0,2,1,worst_bin,0.2,1,True
nuscenes_mini_subset,scene-0103_016,scene-0103,calibration,sector_dropout,30,degrees,42,90,32545,32545,0,2,1,worst_bin,0.2,1,True
nuscenes_mini_subset,scene-0103_017,scene-0103,test,original,0,none,42,90,34720,34720,0,0,0.6391752577,worst_bin,0.2,0.6391752577,True
nuscenes_mini_subset,scene-0103_017,scene-0103,test,random_dropout,0.1,fraction_removed,42,90,31288,31288,0,0,0.6771568095,worst_bin,0.2,0.6771568095,True
nuscenes_mini_subset,scene-0103_017,scene-0103,test,random_dropout,0.3,fraction_removed,42,90,24255,24255,0,0,0.7514921324,worst_bin,0.2,0.7514921324,True
nuscenes_mini_subset,scene-0103_017,scene-0103,test,random_dropout,0.5,fraction_removed,42,90,17283,17283,0,0,0.8214867065,worst_bin,0.2,0.8214867065,True
nuscenes_mini_subset,scene-0103_017,scene-0103,test,sector_dropout,10,degrees,42,90,34063,34063,0,0,0.6391752577,worst_bin,0.2,0.6391752577,True
nuscenes_mini_subset,scene-0103_017,scene-0103,test,sector_dropout,20,degrees,42,90,33366,33366,0,2,1,worst_bin,0.2,1,True
nuscenes_mini_subset,scene-0103_017,scene-0103,test,sector_dropout,30,degrees,42,90,32561,32561,0,2,1,worst_bin,0.2,1,True
nuscenes_mini_subset,scene-0103_018,scene-0103,calibration,original,0,none,42,90,34784,34784,0,0,0.5492262101,worst_bin,0.2,0.5492262101,True
nuscenes_mini_subset,scene-0103_018,scene-0103,calibration,random_dropout,0.1,fraction_removed,42,90,31345,31345,0,0,0.5956536055,worst_bin,0.2,0.5956536055,True
nuscenes_mini_subset,scene-0103_018,scene-0103,calibration,random_dropout,0.3,fraction_removed,42,90,24300,24300,0,0,0.6957523872,worst_bin,0.2,0.6957523872,True
nuscenes_mini_subset,scene-0103_018,scene-0103,calibration,random_dropout,0.5,fraction_removed,42,90,17313,17313,0,0,0.7816924597,worst_bin,0.2,0.7816924597,True
nuscenes_mini_subset,scene-0103_018,scene-0103,calibration,sector_dropout,10,degrees,42,90,34149,34149,0,0,0.5492262101,worst_bin,0.2,0.5492262101,True
nuscenes_mini_subset,scene-0103_018,scene-0103,calibration,sector_dropout,20,degrees,42,90,33454,33454,0,2,1,worst_bin,0.2,1,True
nuscenes_mini_subset,scene-0103_018,scene-0103,calibration,sector_dropout,30,degrees,42,90,32635,32635,0,2,1,worst_bin,0.2,1,True
nuscenes_mini_subset,scene-0103_019,scene-0103,test,original,0,none,42,90,34784,34784,0,0,0.6077048291,worst_bin,0.2,0.6077048291,True
nuscenes_mini_subset,scene-0103_019,scene-0103,test,random_dropout,0.1,fraction_removed,42,90,31345,31345,0,0,0.6483993489,worst_bin,0.2,0.6483993489,True
nuscenes_mini_subset,scene-0103_019,scene-0103,test,random_dropout,0.3,fraction_removed,42,90,24300,24300,0,0,0.7303309821,worst_bin,0.2,0.7303309821,True
nuscenes_mini_subset,scene-0103_019,scene-0103,test,random_dropout,0.5,fraction_removed,42,90,17313,17313,0,0,0.8122626153,worst_bin,0.2,0.8122626153,True
nuscenes_mini_subset,scene-0103_019,scene-0103,test,sector_dropout,10,degrees,42,90,34123,34123,0,0,0.6077048291,worst_bin,0.2,0.6077048291,True
nuscenes_mini_subset,scene-0103_019,scene-0103,test,sector_dropout,20,degrees,42,90,33427,33427,0,2,1,worst_bin,0.2,1,True
nuscenes_mini_subset,scene-0103_019,scene-0103,test,sector_dropout,30,degrees,42,90,32594,32594,0,2,1,worst_bin,0.2,1,True
nuscenes_mini_subset,scene-0103_020,scene-0103,calibration,original,0,none,42,90,34752,34752,0,0,0.4498100922,worst_bin,0.2,0.4498100922,True
nuscenes_mini_subset,scene-0103_020,scene-0103,calibration,random_dropout,0.1,fraction_removed,42,90,31318,31318,0,0,0.5024416712,worst_bin,0.2,0.5024416712,True
nuscenes_mini_subset,scene-0103_020,scene-0103,calibration,random_dropout,0.3,fraction_removed,42,90,24280,24280,0,0,0.6169289202,worst_bin,0.2,0.6169289202,True
nuscenes_mini_subset,scene-0103_020,scene-0103,calibration,random_dropout,0.5,fraction_removed,42,90,17300,17300,0,0,0.7308735757,worst_bin,0.2,0.7308735757,True
nuscenes_mini_subset,scene-0103_020,scene-0103,calibration,sector_dropout,10,degrees,42,90,34095,34095,0,0,0.4751879699,worst_bin,0.2,0.4751879699,True
nuscenes_mini_subset,scene-0103_020,scene-0103,calibration,sector_dropout,20,degrees,42,90,33395,33395,0,2,1,worst_bin,0.2,1,True
nuscenes_mini_subset,scene-0103_020,scene-0103,calibration,sector_dropout,30,degrees,42,90,32563,32563,0,2,1,worst_bin,0.2,1,True
nuscenes_mini_subset,scene-0103_021,scene-0103,test,original,0,none,42,90,34752,34752,0,0,0.6733586544,worst_bin,0.2,0.6733586544,True
nuscenes_mini_subset,scene-0103_021,scene-0103,test,random_dropout,0.1,fraction_removed,42,90,31318,31318,0,0,0.7091698318,worst_bin,0.2,0.7091698318,True
nuscenes_mini_subset,scene-0103_021,scene-0103,test,random_dropout,0.3,fraction_removed,42,90,24280,24280,0,0,0.7764514379,worst_bin,0.2,0.7764514379,True
nuscenes_mini_subset,scene-0103_021,scene-0103,test,random_dropout,0.5,fraction_removed,42,90,17300,17300,0,0,0.8415626696,worst_bin,0.2,0.8415626696,True
nuscenes_mini_subset,scene-0103_021,scene-0103,test,sector_dropout,10,degrees,42,90,34105,34105,0,0,0.6733586544,worst_bin,0.2,0.6733586544,True
nuscenes_mini_subset,scene-0103_021,scene-0103,test,sector_dropout,20,degrees,42,90,33414,33414,0,2,1,worst_bin,0.2,1,True
nuscenes_mini_subset,scene-0103_021,scene-0103,test,sector_dropout,30,degrees,42,90,32584,32584,0,2,1,worst_bin,0.2,1,True
nuscenes_mini_subset,scene-0103_022,scene-0103,calibration,original,0,none,42,90,34752,34752,0,0,0.6435160065,worst_bin,0.2,0.6435160065,True
nuscenes_mini_subset,scene-0103_022,scene-0103,calibration,random_dropout,0.1,fraction_removed,42,90,31318,31318,0,0,0.6809549647,worst_bin,0.2,0.6809549647,True
nuscenes_mini_subset,scene-0103_022,scene-0103,calibration,random_dropout,0.3,fraction_removed,42,90,24280,24280,0,0,0.7525773196,worst_bin,0.2,0.7525773196,True
nuscenes_mini_subset,scene-0103_022,scene-0103,calibration,random_dropout,0.5,fraction_removed,42,90,17300,17300,0,0,0.8220293001,worst_bin,0.2,0.8220293001,True
nuscenes_mini_subset,scene-0103_022,scene-0103,calibration,sector_dropout,10,degrees,42,90,34111,34111,0,0,0.6435160065,worst_bin,0.2,0.6435160065,True
nuscenes_mini_subset,scene-0103_022,scene-0103,calibration,sector_dropout,20,degrees,42,90,33441,33441,0,2,1,worst_bin,0.2,1,True
nuscenes_mini_subset,scene-0103_022,scene-0103,calibration,sector_dropout,30,degrees,42,90,32621,32621,0,2,1,worst_bin,0.2,1,True
nuscenes_mini_subset,scene-0103_023,scene-0103,test,original,0,none,42,90,34720,34720,0,0,0.6272637471,worst_bin,0.2,0.6272637471,True
nuscenes_mini_subset,scene-0103_023,scene-0103,test,random_dropout,0.1,fraction_removed,42,90,31288,31288,0,0,0.6631544287,worst_bin,0.2,0.6631544287,True
nuscenes_mini_subset,scene-0103_023,scene-0103,test,random_dropout,0.3,fraction_removed,42,90,24255,24255,0,0,0.7349357919,worst_bin,0.2,0.7349357919,True
nuscenes_mini_subset,scene-0103_023,scene-0103,test,random_dropout,0.5,fraction_removed,42,90,17283,17283,0,0,0.8123147843,worst_bin,0.2,0.8123147843,True
nuscenes_mini_subset,scene-0103_023,scene-0103,test,sector_dropout,10,degrees,42,90,34089,34089,0,0,0.6272637471,worst_bin,0.2,0.6272637471,True
nuscenes_mini_subset,scene-0103_023,scene-0103,test,sector_dropout,20,degrees,42,90,33403,33403,0,2,1,worst_bin,0.2,1,True
nuscenes_mini_subset,scene-0103_023,scene-0103,test,sector_dropout,30,degrees,42,90,32595,32595,0,2,1,worst_bin,0.2,1,True
nuscenes_mini_subset,scene-0103_024,scene-0103,calibration,original,0,none,42,90,34688,34688,0,0,0.576776994,worst_bin,0.2,0.576776994,True
nuscenes_mini_subset,scene-0103_024,scene-0103,calibration,random_dropout,0.1,fraction_removed,42,90,31260,31260,0,0,0.6180141074,worst_bin,0.2,0.6180141074,True
nuscenes_mini_subset,scene-0103_024,scene-0103,calibration,random_dropout,0.3,fraction_removed,42,90,24237,24237,0,0,0.7069994574,worst_bin,0.2,0.7069994574,True
nuscenes_mini_subset,scene-0103_024,scene-0103,calibration,random_dropout,0.5,fraction_removed,42,90,17270,17270,0,0,0.796527401,worst_bin,0.2,0.796527401,True
nuscenes_mini_subset,scene-0103_024,scene-0103,calibration,sector_dropout,10,degrees,42,90,34055,34055,0,0,0.576776994,worst_bin,0.2,0.576776994,True
nuscenes_mini_subset,scene-0103_024,scene-0103,calibration,sector_dropout,20,degrees,42,90,33385,33385,0,2,1,worst_bin,0.2,1,True
nuscenes_mini_subset,scene-0103_024,scene-0103,calibration,sector_dropout,30,degrees,42,90,32584,32584,0,2,1,worst_bin,0.2,1,True
nuscenes_mini_subset,scene-0103_025,scene-0103,test,original,0,none,42,90,34688,34688,0,0,0.7902535397,worst_bin,0.2,0.7902535397,True
nuscenes_mini_subset,scene-0103_025,scene-0103,test,random_dropout,0.1,fraction_removed,42,90,31260,31260,0,0,0.8106684228,worst_bin,0.2,0.8106684228,True
nuscenes_mini_subset,scene-0103_025,scene-0103,test,random_dropout,0.3,fraction_removed,42,90,24237,24237,0,0,0.8505103721,worst_bin,0.2,0.8505103721,True
nuscenes_mini_subset,scene-0103_025,scene-0103,test,random_dropout,0.5,fraction_removed,42,90,17270,17270,0,0,0.8913401383,worst_bin,0.2,0.8913401383,True
nuscenes_mini_subset,scene-0103_025,scene-0103,test,sector_dropout,10,degrees,42,90,34068,34068,0,0,0.7902535397,worst_bin,0.2,0.7902535397,True
nuscenes_mini_subset,scene-0103_025,scene-0103,test,sector_dropout,20,degrees,42,90,33409,33409,0,2,1,worst_bin,0.2,1,True
nuscenes_mini_subset,scene-0103_025,scene-0103,test,sector_dropout,30,degrees,42,90,32630,32630,0,2,1,worst_bin,0.2,1,True
nuscenes_mini_subset,scene-0103_026,scene-0103,calibration,original,0,none,42,90,34688,34688,0,0,0.773460652,worst_bin,0.2,0.773460652,True
nuscenes_mini_subset,scene-0103_026,scene-0103,calibration,random_dropout,0.1,fraction_removed,42,90,31260,31260,0,0,0.7945340797,worst_bin,0.2,0.7945340797,True
nuscenes_mini_subset,scene-0103_026,scene-0103,calibration,random_dropout,0.3,fraction_removed,42,90,24237,24237,0,0,0.8406322028,worst_bin,0.2,0.8406322028,True
nuscenes_mini_subset,scene-0103_026,scene-0103,calibration,random_dropout,0.5,fraction_removed,42,90,17270,17270,0,0,0.8877181429,worst_bin,0.2,0.8877181429,True
nuscenes_mini_subset,scene-0103_026,scene-0103,calibration,sector_dropout,10,degrees,42,90,34086,34086,0,0,0.773460652,worst_bin,0.2,0.773460652,True
nuscenes_mini_subset,scene-0103_026,scene-0103,calibration,sector_dropout,20,degrees,42,90,33423,33423,0,2,1,worst_bin,0.2,1,True
nuscenes_mini_subset,scene-0103_026,scene-0103,calibration,sector_dropout,30,degrees,42,90,32672,32672,0,2,1,worst_bin,0.2,1,True
nuscenes_mini_subset,scene-0103_027,scene-0103,test,original,0,none,42,90,34752,34752,0,0,0.6521975041,worst_bin,0.2,0.6521975041,True
nuscenes_mini_subset,scene-0103_027,scene-0103,test,random_dropout,0.1,fraction_removed,42,90,31318,31318,0,0,0.6874660879,worst_bin,0.2,0.6874660879,True
nuscenes_mini_subset,scene-0103_027,scene-0103,test,random_dropout,0.3,fraction_removed,42,90,24280,24280,0,0,0.7569180684,worst_bin,0.2,0.7569180684,True
nuscenes_mini_subset,scene-0103_027,scene-0103,test,random_dropout,0.5,fraction_removed,42,90,17300,17300,0,0,0.8263700488,worst_bin,0.2,0.8263700488,True
nuscenes_mini_subset,scene-0103_027,scene-0103,test,sector_dropout,10,degrees,42,90,34167,34167,0,0,0.6521975041,worst_bin,0.2,0.6521975041,True
nuscenes_mini_subset,scene-0103_027,scene-0103,test,sector_dropout,20,degrees,42,90,33521,33521,0,2,1,worst_bin,0.2,1,True
nuscenes_mini_subset,scene-0103_027,scene-0103,test,sector_dropout,30,degrees,42,90,32768,32768,0,2,1,worst_bin,0.2,1,True
nuscenes_mini_subset,scene-0103_028,scene-0103,calibration,original,0,none,42,90,34720,34720,0,0,0.7843266381,worst_bin,0.2,0.7843266381,True
nuscenes_mini_subset,scene-0103_028,scene-0103,calibration,random_dropout,0.1,fraction_removed,42,90,31288,31288,0,0,0.8050707935,worst_bin,0.2,0.8050707935,True
nuscenes_mini_subset,scene-0103_028,scene-0103,calibration,random_dropout,0.3,fraction_removed,42,90,24255,24255,0,0,0.8482054659,worst_bin,0.2,0.8482054659,True
nuscenes_mini_subset,scene-0103_028,scene-0103,calibration,random_dropout,0.5,fraction_removed,42,90,17283,17283,0,0,0.8890352321,worst_bin,0.2,0.8890352321,True
nuscenes_mini_subset,scene-0103_028,scene-0103,calibration,sector_dropout,10,degrees,42,90,34151,34151,0,0,0.7843266381,worst_bin,0.2,0.7843266381,True
nuscenes_mini_subset,scene-0103_028,scene-0103,calibration,sector_dropout,20,degrees,42,90,33510,33510,0,2,1,worst_bin,0.2,1,True
nuscenes_mini_subset,scene-0103_028,scene-0103,calibration,sector_dropout,30,degrees,42,90,32755,32755,0,2,1,worst_bin,0.2,1,True
nuscenes_mini_subset,scene-0103_029,scene-0103,test,original,0,none,42,90,34720,34720,0,0,0.4134563212,worst_bin,0.2,0.4134563212,True
nuscenes_mini_subset,scene-0103_029,scene-0103,test,random_dropout,0.1,fraction_removed,42,90,31288,31288,0,0,0.4742268041,worst_bin,0.2,0.4742268041,True
nuscenes_mini_subset,scene-0103_029,scene-0103,test,random_dropout,0.3,fraction_removed,42,90,24255,24255,0,0,0.5957677699,worst_bin,0.2,0.5957677699,True
nuscenes_mini_subset,scene-0103_029,scene-0103,test,random_dropout,0.5,fraction_removed,42,90,17283,17283,0,0,0.7145957678,worst_bin,0.2,0.7145957678,True
nuscenes_mini_subset,scene-0103_029,scene-0103,test,sector_dropout,10,degrees,42,90,34160,34160,0,0,0.5428571429,worst_bin,0.2,0.5428571429,True
nuscenes_mini_subset,scene-0103_029,scene-0103,test,sector_dropout,20,degrees,42,90,33514,33514,0,2,1,worst_bin,0.2,1,True
nuscenes_mini_subset,scene-0103_029,scene-0103,test,sector_dropout,30,degrees,42,90,32798,32798,0,2,1,worst_bin,0.2,1,True
nuscenes_mini_subset,scene-0103_030,scene-0103,calibration,original,0,none,42,90,34688,34688,0,0,0.8106684228,worst_bin,0.2,0.8106684228,True
nuscenes_mini_subset,scene-0103_030,scene-0103,calibration,random_dropout,0.1,fraction_removed,42,90,31260,31260,0,0,0.8297662167,worst_bin,0.2,0.8297662167,True
nuscenes_mini_subset,scene-0103_030,scene-0103,calibration,random_dropout,0.3,fraction_removed,42,90,24237,24237,0,0,0.8663154429,worst_bin,0.2,0.8663154429,True
nuscenes_mini_subset,scene-0103_030,scene-0103,calibration,random_dropout,0.5,fraction_removed,42,90,17270,17270,0,0,0.9031939414,worst_bin,0.2,0.9031939414,True
nuscenes_mini_subset,scene-0103_030,scene-0103,calibration,sector_dropout,10,degrees,42,90,34127,34127,0,0,0.8106684228,worst_bin,0.2,0.8106684228,True
nuscenes_mini_subset,scene-0103_030,scene-0103,calibration,sector_dropout,20,degrees,42,90,33482,33482,0,2,1,worst_bin,0.2,1,True
nuscenes_mini_subset,scene-0103_030,scene-0103,calibration,sector_dropout,30,degrees,42,90,32731,32731,0,2,1,worst_bin,0.2,1,True
nuscenes_mini_subset,scene-0103_031,scene-0103,test,original,0,none,42,90,34688,34688,0,0,0.8103391505,worst_bin,0.2,0.8103391505,True
nuscenes_mini_subset,scene-0103_031,scene-0103,test,random_dropout,0.1,fraction_removed,42,90,31260,31260,0,0,0.8287783997,worst_bin,0.2,0.8287783997,True
nuscenes_mini_subset,scene-0103_031,scene-0103,test,random_dropout,0.3,fraction_removed,42,90,24237,24237,0,0,0.8653276259,worst_bin,0.2,0.8653276259,True
nuscenes_mini_subset,scene-0103_031,scene-0103,test,random_dropout,0.5,fraction_removed,42,90,17270,17270,0,0,0.9028646691,worst_bin,0.2,0.9028646691,True
nuscenes_mini_subset,scene-0103_031,scene-0103,test,sector_dropout,10,degrees,42,90,34138,34138,0,0,0.8103391505,worst_bin,0.2,0.8103391505,True
nuscenes_mini_subset,scene-0103_031,scene-0103,test,sector_dropout,20,degrees,42,90,33506,33506,0,2,1,worst_bin,0.2,1,True
nuscenes_mini_subset,scene-0103_031,scene-0103,test,sector_dropout,30,degrees,42,90,32761,32761,0,2,1,worst_bin,0.2,1,True
nuscenes_mini_subset,scene-0103_032,scene-0103,calibration,original,0,none,42,90,34752,34752,0,0,0.8109976951,worst_bin,0.2,0.8109976951,True
nuscenes_mini_subset,scene-0103_032,scene-0103,calibration,random_dropout,0.1,fraction_removed,42,90,31318,31318,0,0,0.8297662167,worst_bin,0.2,0.8297662167,True
nuscenes_mini_subset,scene-0103_032,scene-0103,calibration,random_dropout,0.3,fraction_removed,42,90,24280,24280,0,0,0.8676325321,worst_bin,0.2,0.8676325321,True
nuscenes_mini_subset,scene-0103_032,scene-0103,calibration,random_dropout,0.5,fraction_removed,42,90,17300,17300,0,0,0.9048403029,worst_bin,0.2,0.9048403029,True
nuscenes_mini_subset,scene-0103_032,scene-0103,calibration,sector_dropout,10,degrees,42,90,34206,34206,0,0,0.8109976951,worst_bin,0.2,0.8109976951,True
nuscenes_mini_subset,scene-0103_032,scene-0103,calibration,sector_dropout,20,degrees,42,90,33570,33570,0,2,1,worst_bin,0.2,1,True
nuscenes_mini_subset,scene-0103_032,scene-0103,calibration,sector_dropout,30,degrees,42,90,32828,32828,0,2,1,worst_bin,0.2,1,True
nuscenes_mini_subset,scene-0103_033,scene-0103,test,original,0,none,42,90,34784,34784,0,0,0.8152782351,worst_bin,0.2,0.8152782351,True
nuscenes_mini_subset,scene-0103_033,scene-0103,test,random_dropout,0.1,fraction_removed,42,90,31345,31345,0,0,0.8353638459,worst_bin,0.2,0.8353638459,True
nuscenes_mini_subset,scene-0103_033,scene-0103,test,random_dropout,0.3,fraction_removed,42,90,24300,24300,0,0,0.8742179783,worst_bin,0.2,0.8742179783,True
nuscenes_mini_subset,scene-0103_033,scene-0103,test,random_dropout,0.5,fraction_removed,42,90,17313,17313,0,0,0.9107672045,worst_bin,0.2,0.9107672045,True
nuscenes_mini_subset,scene-0103_033,scene-0103,test,sector_dropout,10,degrees,42,90,34224,34224,0,0,0.8152782351,worst_bin,0.2,0.8152782351,True
nuscenes_mini_subset,scene-0103_033,scene-0103,test,sector_dropout,20,degrees,42,90,33602,33602,0,2,1,worst_bin,0.2,1,True
nuscenes_mini_subset,scene-0103_033,scene-0103,test,sector_dropout,30,degrees,42,90,32854,32854,0,2,1,worst_bin,0.2,1,True
nuscenes_mini_subset,scene-0103_034,scene-0103,calibration,original,0,none,42,90,34688,34688,0,0,0.2034902865,worst_bin,0.2,0.2034902865,True
nuscenes_mini_subset,scene-0103_034,scene-0103,calibration,random_dropout,0.1,fraction_removed,42,90,31260,31260,0,0,0.2835034574,worst_bin,0.2,0.2835034574,True
nuscenes_mini_subset,scene-0103_034,scene-0103,calibration,random_dropout,0.3,fraction_removed,42,90,24237,24237,0,0,0.4445176161,worst_bin,0.2,0.4445176161,True
nuscenes_mini_subset,scene-0103_034,scene-0103,calibration,random_dropout,0.5,fraction_removed,42,90,17270,17270,0,0,0.6195488722,worst_bin,0.2,0.6195488722,True
nuscenes_mini_subset,scene-0103_034,scene-0103,calibration,sector_dropout,10,degrees,42,90,34149,34149,0,0,0.5714285714,worst_bin,0.2,0.5714285714,True
nuscenes_mini_subset,scene-0103_034,scene-0103,calibration,sector_dropout,20,degrees,42,90,33512,33512,0,2,1,worst_bin,0.2,1,True
nuscenes_mini_subset,scene-0103_034,scene-0103,calibration,sector_dropout,30,degrees,42,90,32762,32762,0,2,1,worst_bin,0.2,1,True
nuscenes_mini_subset,scene-0103_035,scene-0103,test,original,0,none,42,90,34720,34720,0,0,0.8189002305,worst_bin,0.2,0.8189002305,True
nuscenes_mini_subset,scene-0103_035,scene-0103,test,random_dropout,0.1,fraction_removed,42,90,31288,31288,0,0,0.8363516628,worst_bin,0.2,0.8363516628,True
nuscenes_mini_subset,scene-0103_035,scene-0103,test,random_dropout,0.3,fraction_removed,42,90,24255,24255,0,0,0.8709252552,worst_bin,0.2,0.8709252552,True
nuscenes_mini_subset,scene-0103_035,scene-0103,test,random_dropout,0.5,fraction_removed,42,90,17283,17283,0,0,0.9061573922,worst_bin,0.2,0.9061573922,True
nuscenes_mini_subset,scene-0103_035,scene-0103,test,sector_dropout,10,degrees,42,90,34161,34161,0,0,0.8189002305,worst_bin,0.2,0.8189002305,True
nuscenes_mini_subset,scene-0103_035,scene-0103,test,sector_dropout,20,degrees,42,90,33562,33562,0,2,1,worst_bin,0.2,1,True
nuscenes_mini_subset,scene-0103_035,scene-0103,test,sector_dropout,30,degrees,42,90,32824,32824,0,2,1,worst_bin,0.2,1,True
nuscenes_mini_subset,scene-0103_036,scene-0103,calibration,original,0,none,42,90,34752,34752,0,0,0.8096806059,worst_bin,0.2,0.8096806059,True
nuscenes_mini_subset,scene-0103_036,scene-0103,calibration,random_dropout,0.1,fraction_removed,42,90,31318,31318,0,0,0.8297662167,worst_bin,0.2,0.8297662167,True
nuscenes_mini_subset,scene-0103_036,scene-0103,calibration,random_dropout,0.3,fraction_removed,42,90,24280,24280,0,0,0.869608166,worst_bin,0.2,0.869608166,True
nuscenes_mini_subset,scene-0103_036,scene-0103,calibration,random_dropout,0.5,fraction_removed,42,90,17300,17300,0,0,0.9061573922,worst_bin,0.2,0.9061573922,True
nuscenes_mini_subset,scene-0103_036,scene-0103,calibration,sector_dropout,10,degrees,42,90,34202,34202,0,0,0.8096806059,worst_bin,0.2,0.8096806059,True
nuscenes_mini_subset,scene-0103_036,scene-0103,calibration,sector_dropout,20,degrees,42,90,33570,33570,0,2,1,worst_bin,0.2,1,True
nuscenes_mini_subset,scene-0103_036,scene-0103,calibration,sector_dropout,30,degrees,42,90,32829,32829,0,2,1,worst_bin,0.2,1,True
nuscenes_mini_subset,scene-0103_037,scene-0103,test,original,0,none,42,90,34720,34720,0,0,0.811985512,worst_bin,0.2,0.811985512,True
nuscenes_mini_subset,scene-0103_037,scene-0103,test,random_dropout,0.1,fraction_removed,42,90,31288,31288,0,0,0.8310833059,worst_bin,0.2,0.8310833059,True
nuscenes_mini_subset,scene-0103_037,scene-0103,test,random_dropout,0.3,fraction_removed,42,90,24255,24255,0,0,0.8679618044,worst_bin,0.2,0.8679618044,True
nuscenes_mini_subset,scene-0103_037,scene-0103,test,random_dropout,0.5,fraction_removed,42,90,17283,17283,0,0,0.9045110306,worst_bin,0.2,0.9045110306,True
nuscenes_mini_subset,scene-0103_037,scene-0103,test,sector_dropout,10,degrees,42,90,34170,34170,0,0,0.811985512,worst_bin,0.2,0.811985512,True
nuscenes_mini_subset,scene-0103_037,scene-0103,test,sector_dropout,20,degrees,42,90,33573,33573,0,2,1,worst_bin,0.2,1,True
nuscenes_mini_subset,scene-0103_037,scene-0103,test,sector_dropout,30,degrees,42,90,32829,32829,0,2,1,worst_bin,0.2,1,True
nuscenes_mini_subset,scene-0103_038,scene-0103,calibration,original,0,none,42,90,34752,34752,0,0,0.6424308193,worst_bin,0.2,0.6424308193,True
nuscenes_mini_subset,scene-0103_038,scene-0103,calibration,random_dropout,0.1,fraction_removed,42,90,31318,31318,0,0,0.6825827455,worst_bin,0.2,0.6825827455,True
nuscenes_mini_subset,scene-0103_038,scene-0103,calibration,random_dropout,0.3,fraction_removed,42,90,24280,24280,0,0,0.7542051004,worst_bin,0.2,0.7542051004,True
nuscenes_mini_subset,scene-0103_038,scene-0103,calibration,random_dropout,0.5,fraction_removed,42,90,17300,17300,0,0,0.8285404232,worst_bin,0.2,0.8285404232,True
nuscenes_mini_subset,scene-0103_038,scene-0103,calibration,sector_dropout,10,degrees,42,90,34195,34195,0,0,0.6424308193,worst_bin,0.2,0.6424308193,True
nuscenes_mini_subset,scene-0103_038,scene-0103,calibration,sector_dropout,20,degrees,42,90,33560,33560,0,2,1,worst_bin,0.2,1,True
nuscenes_mini_subset,scene-0103_038,scene-0103,calibration,sector_dropout,30,degrees,42,90,32820,32820,0,2,1,worst_bin,0.2,1,True
nuscenes_mini_subset,scene-0103_039,scene-0103,test,original,0,none,42,90,34720,34720,0,0,0.8179124136,worst_bin,0.2,0.8179124136,True
nuscenes_mini_subset,scene-0103_039,scene-0103,test,random_dropout,0.1,fraction_removed,42,90,31288,31288,0,0,0.8366809351,worst_bin,0.2,0.8366809351,True
nuscenes_mini_subset,scene-0103_039,scene-0103,test,random_dropout,0.3,fraction_removed,42,90,24255,24255,0,0,0.8722423444,worst_bin,0.2,0.8722423444,True
nuscenes_mini_subset,scene-0103_039,scene-0103,test,random_dropout,0.5,fraction_removed,42,90,17283,17283,0,0,0.908133026,worst_bin,0.2,0.908133026,True
nuscenes_mini_subset,scene-0103_039,scene-0103,test,sector_dropout,10,degrees,42,90,34189,34189,0,0,0.8179124136,worst_bin,0.2,0.8179124136,True
nuscenes_mini_subset,scene-0103_039,scene-0103,test,sector_dropout,20,degrees,42,90,33586,33586,0,2,1,worst_bin,0.2,1,True
nuscenes_mini_subset,scene-0103_039,scene-0103,test,sector_dropout,30,degrees,42,90,32845,32845,0,2,1,worst_bin,0.2,1,True
nuscenes_mini_subset,scene-1094_000,scene-1094,calibration,original,0,none,42,90,34400,34400,0,0,0.5802997859,worst_bin,0.2,0.5802997859,True
nuscenes_mini_subset,scene-1094_000,scene-1094,calibration,random_dropout,0.1,fraction_removed,42,90,31003,31003,0,0,0.6209850107,worst_bin,0.2,0.6209850107,True
nuscenes_mini_subset,scene-1094_000,scene-1094,calibration,random_dropout,0.3,fraction_removed,42,90,24033,24033,0,0,0.7194860814,worst_bin,0.2,0.7194860814,True
nuscenes_mini_subset,scene-1094_000,scene-1094,calibration,random_dropout,0.5,fraction_removed,42,90,17119,17119,0,0,0.8094218415,worst_bin,0.2,0.8094218415,True
nuscenes_mini_subset,scene-1094_000,scene-1094,calibration,sector_dropout,10,degrees,42,90,33517,33517,0,0,0.5802997859,worst_bin,0.2,0.5802997859,True
nuscenes_mini_subset,scene-1094_000,scene-1094,calibration,sector_dropout,20,degrees,42,90,32616,32616,0,2,1,worst_bin,0.2,1,True
nuscenes_mini_subset,scene-1094_000,scene-1094,calibration,sector_dropout,30,degrees,42,90,31737,31737,0,2,1,worst_bin,0.2,1,True
nuscenes_mini_subset,scene-1094_001,scene-1094,test,original,0,none,42,90,34688,34688,0,0,0.5728051392,worst_bin,0.2,0.5728051392,True
nuscenes_mini_subset,scene-1094_001,scene-1094,test,random_dropout,0.1,fraction_removed,42,90,31260,31260,0,0,0.6102783726,worst_bin,0.2,0.6102783726,True
nuscenes_mini_subset,scene-1094_001,scene-1094,test,random_dropout,0.3,fraction_removed,42,90,24237,24237,0,0,0.7012847966,worst_bin,0.2,0.7012847966,True
nuscenes_mini_subset,scene-1094_001,scene-1094,test,random_dropout,0.5,fraction_removed,42,90,17270,17270,0,0,0.7890792291,worst_bin,0.2,0.7890792291,True
nuscenes_mini_subset,scene-1094_001,scene-1094,test,sector_dropout,10,degrees,42,90,33800,33800,0,0,0.5728051392,worst_bin,0.2,0.5728051392,True
nuscenes_mini_subset,scene-1094_001,scene-1094,test,sector_dropout,20,degrees,42,90,32888,32888,0,2,1,worst_bin,0.2,1,True
nuscenes_mini_subset,scene-1094_001,scene-1094,test,sector_dropout,30,degrees,42,90,32011,32011,0,2,1,worst_bin,0.2,1,True
nuscenes_mini_subset,scene-1094_002,scene-1094,calibration,original,0,none,42,90,34720,34720,0,0,0.579489962,worst_bin,0.2,0.579489962,True
nuscenes_mini_subset,scene-1094_002,scene-1094,calibration,random_dropout,0.1,fraction_removed,42,90,31288,31288,0,0,0.6223548562,worst_bin,0.2,0.6223548562,True
nuscenes_mini_subset,scene-1094_002,scene-1094,calibration,random_dropout,0.3,fraction_removed,42,90,24255,24255,0,0,0.710255019,worst_bin,0.2,0.710255019,True
nuscenes_mini_subset,scene-1094_002,scene-1094,calibration,random_dropout,0.5,fraction_removed,42,90,17283,17283,0,0,0.7894736842,worst_bin,0.2,0.7894736842,True
nuscenes_mini_subset,scene-1094_002,scene-1094,calibration,sector_dropout,10,degrees,42,90,33827,33827,0,0,0.579489962,worst_bin,0.2,0.579489962,True
nuscenes_mini_subset,scene-1094_002,scene-1094,calibration,sector_dropout,20,degrees,42,90,32927,32927,0,2,1,worst_bin,0.2,1,True
nuscenes_mini_subset,scene-1094_002,scene-1094,calibration,sector_dropout,30,degrees,42,90,32040,32040,0,2,1,worst_bin,0.2,1,True
nuscenes_mini_subset,scene-1094_003,scene-1094,test,original,0,none,42,90,34688,34688,0,0,0.5979381443,worst_bin,0.2,0.5979381443,True
nuscenes_mini_subset,scene-1094_003,scene-1094,test,random_dropout,0.1,fraction_removed,42,90,31260,31260,0,0,0.6424308193,worst_bin,0.2,0.6424308193,True
nuscenes_mini_subset,scene-1094_003,scene-1094,test,random_dropout,0.3,fraction_removed,42,90,24237,24237,0,0,0.7249050461,worst_bin,0.2,0.7249050461,True
nuscenes_mini_subset,scene-1094_003,scene-1094,test,random_dropout,0.5,fraction_removed,42,90,17270,17270,0,0,0.8041237113,worst_bin,0.2,0.8041237113,True
nuscenes_mini_subset,scene-1094_003,scene-1094,test,sector_dropout,10,degrees,42,90,33781,33781,0,0,0.5979381443,worst_bin,0.2,0.5979381443,True
nuscenes_mini_subset,scene-1094_003,scene-1094,test,sector_dropout,20,degrees,42,90,32881,32881,0,2,1,worst_bin,0.2,1,True
nuscenes_mini_subset,scene-1094_003,scene-1094,test,sector_dropout,30,degrees,42,90,31999,31999,0,2,1,worst_bin,0.2,1,True
nuscenes_mini_subset,scene-1094_004,scene-1094,calibration,original,0,none,42,90,34720,34720,0,0,0.6087900163,worst_bin,0.2,0.6087900163,True
nuscenes_mini_subset,scene-1094_004,scene-1094,calibration,random_dropout,0.1,fraction_removed,42,90,31288,31288,0,0,0.6478567553,worst_bin,0.2,0.6478567553,True
nuscenes_mini_subset,scene-1094_004,scene-1094,calibration,random_dropout,0.3,fraction_removed,42,90,24255,24255,0,0,0.7308735757,worst_bin,0.2,0.7308735757,True
nuscenes_mini_subset,scene-1094_004,scene-1094,calibration,random_dropout,0.5,fraction_removed,42,90,17283,17283,0,0,0.8090070537,worst_bin,0.2,0.8090070537,True
nuscenes_mini_subset,scene-1094_004,scene-1094,calibration,sector_dropout,10,degrees,42,90,33834,33834,0,0,0.6087900163,worst_bin,0.2,0.6087900163,True
nuscenes_mini_subset,scene-1094_004,scene-1094,calibration,sector_dropout,20,degrees,42,90,32932,32932,0,2,1,worst_bin,0.2,1,True
nuscenes_mini_subset,scene-1094_004,scene-1094,calibration,sector_dropout,30,degrees,42,90,32053,32053,0,2,1,worst_bin,0.2,1,True
nuscenes_mini_subset,scene-1094_005,scene-1094,test,original,0,none,42,90,34752,34752,0,0,0.6277807922,worst_bin,0.2,0.6277807922,True
nuscenes_mini_subset,scene-1094_005,scene-1094,test,random_dropout,0.1,fraction_removed,42,90,31318,31318,0,0,0.6668475312,worst_bin,0.2,0.6668475312,True
nuscenes_mini_subset,scene-1094_005,scene-1094,test,random_dropout,0.3,fraction_removed,42,90,24280,24280,0,0,0.7406402604,worst_bin,0.2,0.7406402604,True
nuscenes_mini_subset,scene-1094_005,scene-1094,test,random_dropout,0.5,fraction_removed,42,90,17300,17300,0,0,0.8133478025,worst_bin,0.2,0.8133478025,True
nuscenes_mini_subset,scene-1094_005,scene-1094,test,sector_dropout,10,degrees,42,90,33885,33885,0,0,0.6277807922,worst_bin,0.2,0.6277807922,True
nuscenes_mini_subset,scene-1094_005,scene-1094,test,sector_dropout,20,degrees,42,90,32989,32989,0,2,1,worst_bin,0.2,1,True
nuscenes_mini_subset,scene-1094_005,scene-1094,test,sector_dropout,30,degrees,42,90,32119,32119,0,2,1,worst_bin,0.2,1,True
nuscenes_mini_subset,scene-1094_006,scene-1094,calibration,original,0,none,42,90,34688,34688,0,0,0.6065195917,worst_bin,0.2,0.6065195917,True
nuscenes_mini_subset,scene-1094_006,scene-1094,calibration,random_dropout,0.1,fraction_removed,42,90,31260,31260,0,0,0.6473493579,worst_bin,0.2,0.6473493579,True
nuscenes_mini_subset,scene-1094_006,scene-1094,calibration,random_dropout,0.3,fraction_removed,42,90,24237,24237,0,0,0.7299967073,worst_bin,0.2,0.7299967073,True
nuscenes_mini_subset,scene-1094_006,scene-1094,calibration,random_dropout,0.5,fraction_removed,42,90,17270,17270,0,0,0.8027658874,worst_bin,0.2,0.8027658874,True
nuscenes_mini_subset,scene-1094_006,scene-1094,calibration,sector_dropout,10,degrees,42,90,33800,33800,0,0,0.6065195917,worst_bin,0.2,0.6065195917,True
nuscenes_mini_subset,scene-1094_006,scene-1094,calibration,sector_dropout,20,degrees,42,90,32901,32901,0,2,1,worst_bin,0.2,1,True
nuscenes_mini_subset,scene-1094_006,scene-1094,calibration,sector_dropout,30,degrees,42,90,32055,32055,0,2,1,worst_bin,0.2,1,True
nuscenes_mini_subset,scene-1094_007,scene-1094,test,original,0,none,42,90,34720,34720,0,0,0.6549104721,worst_bin,0.2,0.6549104721,True
nuscenes_mini_subset,scene-1094_007,scene-1094,test,random_dropout,0.1,fraction_removed,42,90,31288,31288,0,0,0.6912642431,worst_bin,0.2,0.6912642431,True
nuscenes_mini_subset,scene-1094_007,scene-1094,test,random_dropout,0.3,fraction_removed,42,90,24255,24255,0,0,0.7655995659,worst_bin,0.2,0.7655995659,True
nuscenes_mini_subset,scene-1094_007,scene-1094,test,random_dropout,0.5,fraction_removed,42,90,17283,17283,0,0,0.8339663592,worst_bin,0.2,0.8339663592,True
nuscenes_mini_subset,scene-1094_007,scene-1094,test,sector_dropout,10,degrees,42,90,33837,33837,0,0,0.6549104721,worst_bin,0.2,0.6549104721,True
nuscenes_mini_subset,scene-1094_007,scene-1094,test,sector_dropout,20,degrees,42,90,32944,32944,0,2,1,worst_bin,0.2,1,True
nuscenes_mini_subset,scene-1094_007,scene-1094,test,sector_dropout,30,degrees,42,90,32071,32071,0,2,1,worst_bin,0.2,1,True
nuscenes_mini_subset,scene-1094_008,scene-1094,calibration,original,0,none,42,90,34752,34752,0,0,0.634834509,worst_bin,0.2,0.634834509,True
nuscenes_mini_subset,scene-1094_008,scene-1094,calibration,random_dropout,0.1,fraction_removed,42,90,31318,31318,0,0,0.6755290288,worst_bin,0.2,0.6755290288,True
nuscenes_mini_subset,scene-1094_008,scene-1094,calibration,random_dropout,0.3,fraction_removed,42,90,24280,24280,0,0,0.7471513836,worst_bin,0.2,0.7471513836,True
nuscenes_mini_subset,scene-1094_008,scene-1094,calibration,random_dropout,0.5,fraction_removed,42,90,17300,17300,0,0,0.8209441129,worst_bin,0.2,0.8209441129,True
nuscenes_mini_subset,scene-1094_008,scene-1094,calibration,sector_dropout,10,degrees,42,90,33863,33863,0,0,0.634834509,worst_bin,0.2,0.634834509,True
nuscenes_mini_subset,scene-1094_008,scene-1094,calibration,sector_dropout,20,degrees,42,90,32975,32975,0,2,1,worst_bin,0.2,1,True
nuscenes_mini_subset,scene-1094_008,scene-1094,calibration,sector_dropout,30,degrees,42,90,32115,32115,0,2,1,worst_bin,0.2,1,True
nuscenes_mini_subset,scene-1094_009,scene-1094,test,original,0,none,42,90,34720,34720,0,0,0.7593019427,worst_bin,0.2,0.7593019427,True
nuscenes_mini_subset,scene-1094_009,scene-1094,test,random_dropout,0.1,fraction_removed,42,90,31288,31288,0,0,0.7826802766,worst_bin,0.2,0.7826802766,True
nuscenes_mini_subset,scene-1094_009,scene-1094,test,random_dropout,0.3,fraction_removed,42,90,24255,24255,0,0,0.8307540336,worst_bin,0.2,0.8307540336,True
nuscenes_mini_subset,scene-1094_009,scene-1094,test,random_dropout,0.5,fraction_removed,42,90,17283,17283,0,0,0.873888706,worst_bin,0.2,0.873888706,True
nuscenes_mini_subset,scene-1094_009,scene-1094,test,sector_dropout,10,degrees,42,90,33837,33837,0,0,0.7593019427,worst_bin,0.2,0.7593019427,True
nuscenes_mini_subset,scene-1094_009,scene-1094,test,sector_dropout,20,degrees,42,90,32958,32958,0,2,1,worst_bin,0.2,1,True
nuscenes_mini_subset,scene-1094_009,scene-1094,test,sector_dropout,30,degrees,42,90,32071,32071,0,2,1,worst_bin,0.2,1,True
nuscenes_mini_subset,scene-1094_010,scene-1094,calibration,original,0,none,42,90,34688,34688,0,0,0.7780704643,worst_bin,0.2,0.7780704643,True
nuscenes_mini_subset,scene-1094_010,scene-1094,calibration,random_dropout,0.1,fraction_removed,42,90,31260,31260,0,0,0.7981560751,worst_bin,0.2,0.7981560751,True
nuscenes_mini_subset,scene-1094_010,scene-1094,calibration,random_dropout,0.3,fraction_removed,42,90,24237,24237,0,0,0.8419492921,worst_bin,0.2,0.8419492921,True
nuscenes_mini_subset,scene-1094_010,scene-1094,calibration,random_dropout,0.5,fraction_removed,42,90,17270,17270,0,0,0.8847546921,worst_bin,0.2,0.8847546921,True
nuscenes_mini_subset,scene-1094_010,scene-1094,calibration,sector_dropout,10,degrees,42,90,33837,33837,0,0,0.7780704643,worst_bin,0.2,0.7780704643,True
nuscenes_mini_subset,scene-1094_010,scene-1094,calibration,sector_dropout,20,degrees,42,90,32942,32942,0,2,1,worst_bin,0.2,1,True
nuscenes_mini_subset,scene-1094_010,scene-1094,calibration,sector_dropout,30,degrees,42,90,32064,32064,0,2,1,worst_bin,0.2,1,True
nuscenes_mini_subset,scene-1094_011,scene-1094,test,original,0,none,42,90,34688,34688,0,0,0.8024366151,worst_bin,0.2,0.8024366151,True
nuscenes_mini_subset,scene-1094_011,scene-1094,test,random_dropout,0.1,fraction_removed,42,90,31260,31260,0,0,0.8212051366,worst_bin,0.2,0.8212051366,True
nuscenes_mini_subset,scene-1094_011,scene-1094,test,random_dropout,0.3,fraction_removed,42,90,24237,24237,0,0,0.860059269,worst_bin,0.2,0.860059269,True
nuscenes_mini_subset,scene-1094_011,scene-1094,test,random_dropout,0.5,fraction_removed,42,90,17270,17270,0,0,0.8992426737,worst_bin,0.2,0.8992426737,True
nuscenes_mini_subset,scene-1094_011,scene-1094,test,sector_dropout,10,degrees,42,90,33810,33810,0,0,0.8024366151,worst_bin,0.2,0.8024366151,True
nuscenes_mini_subset,scene-1094_011,scene-1094,test,sector_dropout,20,degrees,42,90,32933,32933,0,2,1,worst_bin,0.2,1,True
nuscenes_mini_subset,scene-1094_011,scene-1094,test,sector_dropout,30,degrees,42,90,32075,32075,0,2,1,worst_bin,0.2,1,True
nuscenes_mini_subset,scene-1094_012,scene-1094,calibration,original,0,none,42,90,34752,34752,0,0,0.7830095489,worst_bin,0.2,0.7830095489,True
nuscenes_mini_subset,scene-1094_012,scene-1094,calibration,random_dropout,0.1,fraction_removed,42,90,31318,31318,0,0,0.8040829766,worst_bin,0.2,0.8040829766,True
nuscenes_mini_subset,scene-1094_012,scene-1094,calibration,random_dropout,0.3,fraction_removed,42,90,24280,24280,0,0,0.8495225552,worst_bin,0.2,0.8495225552,True
nuscenes_mini_subset,scene-1094_012,scene-1094,calibration,random_dropout,0.5,fraction_removed,42,90,17300,17300,0,0,0.8890352321,worst_bin,0.2,0.8890352321,True
nuscenes_mini_subset,scene-1094_012,scene-1094,calibration,sector_dropout,10,degrees,42,90,33898,33898,0,0,0.7830095489,worst_bin,0.2,0.7830095489,True
nuscenes_mini_subset,scene-1094_012,scene-1094,calibration,sector_dropout,20,degrees,42,90,33019,33019,0,2,1,worst_bin,0.2,1,True
nuscenes_mini_subset,scene-1094_012,scene-1094,calibration,sector_dropout,30,degrees,42,90,32147,32147,0,2,1,worst_bin,0.2,1,True
nuscenes_mini_subset,scene-1094_013,scene-1094,test,original,0,none,42,90,34752,34752,0,0,0.7451432335,worst_bin,0.2,0.7451432335,True
nuscenes_mini_subset,scene-1094_013,scene-1094,test,random_dropout,0.1,fraction_removed,42,90,31318,31318,0,0,0.7685215673,worst_bin,0.2,0.7685215673,True
nuscenes_mini_subset,scene-1094_013,scene-1094,test,random_dropout,0.3,fraction_removed,42,90,24280,24280,0,0,0.8208758643,worst_bin,0.2,0.8208758643,True
nuscenes_mini_subset,scene-1094_013,scene-1094,test,random_dropout,0.5,fraction_removed,42,90,17300,17300,0,0,0.8699374383,worst_bin,0.2,0.8699374383,True
nuscenes_mini_subset,scene-1094_013,scene-1094,test,sector_dropout,10,degrees,42,90,33875,33875,0,0,0.7451432335,worst_bin,0.2,0.7451432335,True
nuscenes_mini_subset,scene-1094_013,scene-1094,test,sector_dropout,20,degrees,42,90,33042,33042,0,2,1,worst_bin,0.2,1,True
nuscenes_mini_subset,scene-1094_013,scene-1094,test,sector_dropout,30,degrees,42,90,32252,32252,0,2,1,worst_bin,0.2,1,True
nuscenes_mini_subset,scene-1094_014,scene-1094,calibration,original,0,none,42,90,34720,34720,0,0,0.7843266381,worst_bin,0.2,0.7843266381,True
nuscenes_mini_subset,scene-1094_014,scene-1094,calibration,random_dropout,0.1,fraction_removed,42,90,31288,31288,0,0,0.8044122489,worst_bin,0.2,0.8044122489,True
nuscenes_mini_subset,scene-1094_014,scene-1094,calibration,random_dropout,0.3,fraction_removed,42,90,24255,24255,0,0,0.8505103721,worst_bin,0.2,0.8505103721,True
nuscenes_mini_subset,scene-1094_014,scene-1094,calibration,random_dropout,0.5,fraction_removed,42,90,17283,17283,0,0,0.8923279552,worst_bin,0.2,0.8923279552,True
nuscenes_mini_subset,scene-1094_014,scene-1094,calibration,sector_dropout,10,degrees,42,90,34007,34007,0,0,0.7843266381,worst_bin,0.2,0.7843266381,True
nuscenes_mini_subset,scene-1094_014,scene-1094,calibration,sector_dropout,20,degrees,42,90,33264,33264,0,2,1,worst_bin,0.2,1,True
nuscenes_mini_subset,scene-1094_014,scene-1094,calibration,sector_dropout,30,degrees,42,90,32493,32493,0,2,1,worst_bin,0.2,1,True
nuscenes_mini_subset,scene-1094_015,scene-1094,test,original,0,none,42,90,34752,34752,0,0,0.7823510043,worst_bin,0.2,0.7823510043,True
nuscenes_mini_subset,scene-1094_015,scene-1094,test,random_dropout,0.1,fraction_removed,42,90,31318,31318,0,0,0.8027658874,worst_bin,0.2,0.8027658874,True
nuscenes_mini_subset,scene-1094_015,scene-1094,test,random_dropout,0.3,fraction_removed,42,90,24280,24280,0,0,0.8478761936,worst_bin,0.2,0.8478761936,True
nuscenes_mini_subset,scene-1094_015,scene-1094,test,random_dropout,0.5,fraction_removed,42,90,17300,17300,0,0,0.8906815937,worst_bin,0.2,0.8906815937,True
nuscenes_mini_subset,scene-1094_015,scene-1094,test,sector_dropout,10,degrees,42,90,34072,34072,0,0,0.7823510043,worst_bin,0.2,0.7823510043,True
nuscenes_mini_subset,scene-1094_015,scene-1094,test,sector_dropout,20,degrees,42,90,33368,33368,0,2,1,worst_bin,0.2,1,True
nuscenes_mini_subset,scene-1094_015,scene-1094,test,sector_dropout,30,degrees,42,90,32709,32709,0,2,1,worst_bin,0.2,1,True
nuscenes_mini_subset,scene-1094_016,scene-1094,calibration,original,0,none,42,90,34816,34816,0,0,0.7461310504,worst_bin,0.2,0.7461310504,True
nuscenes_mini_subset,scene-1094_016,scene-1094,calibration,random_dropout,0.1,fraction_removed,42,90,31375,31375,0,0,0.7698386566,worst_bin,0.2,0.7698386566,True
nuscenes_mini_subset,scene-1094_016,scene-1094,calibration,random_dropout,0.3,fraction_removed,42,90,24320,24320,0,0,0.8261442213,worst_bin,0.2,0.8261442213,True
nuscenes_mini_subset,scene-1094_016,scene-1094,calibration,random_dropout,0.5,fraction_removed,42,90,17326,17326,0,0,0.8768521567,worst_bin,0.2,0.8768521567,True
nuscenes_mini_subset,scene-1094_016,scene-1094,calibration,sector_dropout,10,degrees,42,90,34137,34137,0,0,0.7461310504,worst_bin,0.2,0.7461310504,True
nuscenes_mini_subset,scene-1094_016,scene-1094,calibration,sector_dropout,20,degrees,42,90,33471,33471,0,2,1,worst_bin,0.2,1,True
nuscenes_mini_subset,scene-1094_016,scene-1094,calibration,sector_dropout,30,degrees,42,90,32746,32746,0,2,1,worst_bin,0.2,1,True
nuscenes_mini_subset,scene-1094_017,scene-1094,test,original,0,none,42,90,34752,34752,0,0,0.7411919658,worst_bin,0.2,0.7411919658,True
nuscenes_mini_subset,scene-1094_017,scene-1094,test,random_dropout,0.1,fraction_removed,42,90,31318,31318,0,0,0.7652288443,worst_bin,0.2,0.7652288443,True
nuscenes_mini_subset,scene-1094_017,scene-1094,test,random_dropout,0.3,fraction_removed,42,90,24280,24280,0,0,0.8198880474,worst_bin,0.2,0.8198880474,True
nuscenes_mini_subset,scene-1094_017,scene-1094,test,random_dropout,0.5,fraction_removed,42,90,17300,17300,0,0,0.8709252552,worst_bin,0.2,0.8709252552,True
nuscenes_mini_subset,scene-1094_017,scene-1094,test,sector_dropout,10,degrees,42,90,34096,34096,0,0,0.7411919658,worst_bin,0.2,0.7411919658,True
nuscenes_mini_subset,scene-1094_017,scene-1094,test,sector_dropout,20,degrees,42,90,33353,33353,0,2,1,worst_bin,0.2,1,True
nuscenes_mini_subset,scene-1094_017,scene-1094,test,sector_dropout,30,degrees,42,90,32645,32645,0,2,1,worst_bin,0.2,1,True
nuscenes_mini_subset,scene-1094_018,scene-1094,calibration,original,0,none,42,90,34688,34688,0,0,0.7290088904,worst_bin,0.2,0.7290088904,True
nuscenes_mini_subset,scene-1094_018,scene-1094,calibration,random_dropout,0.1,fraction_removed,42,90,31260,31260,0,0,0.7540335858,worst_bin,0.2,0.7540335858,True
nuscenes_mini_subset,scene-1094_018,scene-1094,calibration,random_dropout,0.3,fraction_removed,42,90,24237,24237,0,0,0.8106684228,worst_bin,0.2,0.8106684228,True
nuscenes_mini_subset,scene-1094_018,scene-1094,calibration,random_dropout,0.5,fraction_removed,42,90,17270,17270,0,0,0.8610470859,worst_bin,0.2,0.8610470859,True
nuscenes_mini_subset,scene-1094_018,scene-1094,calibration,sector_dropout,10,degrees,42,90,34081,34081,0,0,0.7290088904,worst_bin,0.2,0.7290088904,True
nuscenes_mini_subset,scene-1094_018,scene-1094,calibration,sector_dropout,20,degrees,42,90,33332,33332,0,2,1,worst_bin,0.2,1,True
nuscenes_mini_subset,scene-1094_018,scene-1094,calibration,sector_dropout,30,degrees,42,90,32612,32612,0,2,1,worst_bin,0.2,1,True
nuscenes_mini_subset,scene-1094_019,scene-1094,test,original,0,none,42,90,34688,34688,0,0,0.7313137965,worst_bin,0.2,0.7313137965,True
nuscenes_mini_subset,scene-1094_019,scene-1094,test,random_dropout,0.1,fraction_removed,42,90,31260,31260,0,0,0.7560092196,worst_bin,0.2,0.7560092196,True
nuscenes_mini_subset,scene-1094_019,scene-1094,test,random_dropout,0.3,fraction_removed,42,90,24237,24237,0,0,0.8116562397,worst_bin,0.2,0.8116562397,True
nuscenes_mini_subset,scene-1094_019,scene-1094,test,random_dropout,0.5,fraction_removed,42,90,17270,17270,0,0,0.8640105367,worst_bin,0.2,0.8640105367,True
nuscenes_mini_subset,scene-1094_019,scene-1094,test,sector_dropout,10,degrees,42,90,34078,34078,0,0,0.7313137965,worst_bin,0.2,0.7313137965,True
nuscenes_mini_subset,scene-1094_019,scene-1094,test,sector_dropout,20,degrees,42,90,33325,33325,0,2,1,worst_bin,0.2,1,True
nuscenes_mini_subset,scene-1094_019,scene-1094,test,sector_dropout,30,degrees,42,90,32571,32571,0,2,1,worst_bin,0.2,1,True
nuscenes_mini_subset,scene-1094_020,scene-1094,calibration,original,0,none,42,90,34720,34720,0,0,0.7385577873,worst_bin,0.2,0.7385577873,True
nuscenes_mini_subset,scene-1094_020,scene-1094,calibration,random_dropout,0.1,fraction_removed,42,90,31288,31288,0,0,0.7609483042,worst_bin,0.2,0.7609483042,True
nuscenes_mini_subset,scene-1094_020,scene-1094,calibration,random_dropout,0.3,fraction_removed,42,90,24255,24255,0,0,0.8159367797,worst_bin,0.2,0.8159367797,True
nuscenes_mini_subset,scene-1094_020,scene-1094,calibration,random_dropout,0.5,fraction_removed,42,90,17283,17283,0,0,0.8682910767,worst_bin,0.2,0.8682910767,True
nuscenes_mini_subset,scene-1094_020,scene-1094,calibration,sector_dropout,10,degrees,42,90,34089,34089,0,0,0.7385577873,worst_bin,0.2,0.7385577873,True
nuscenes_mini_subset,scene-1094_020,scene-1094,calibration,sector_dropout,20,degrees,42,90,33382,33382,0,2,1,worst_bin,0.2,1,True
nuscenes_mini_subset,scene-1094_020,scene-1094,calibration,sector_dropout,30,degrees,42,90,32620,32620,0,2,1,worst_bin,0.2,1,True
nuscenes_mini_subset,scene-1094_021,scene-1094,test,original,0,none,42,90,34688,34688,0,0,0.6386326641,worst_bin,0.2,0.6386326641,True
nuscenes_mini_subset,scene-1094_021,scene-1094,test,random_dropout,0.1,fraction_removed,42,90,31260,31260,0,0,0.6798697775,worst_bin,0.2,0.6798697775,True
nuscenes_mini_subset,scene-1094_021,scene-1094,test,random_dropout,0.3,fraction_removed,42,90,24237,24237,0,0,0.7542051004,worst_bin,0.2,0.7542051004,True
nuscenes_mini_subset,scene-1094_021,scene-1094,test,random_dropout,0.5,fraction_removed,42,90,17270,17270,0,0,0.8241996744,worst_bin,0.2,0.8241996744,True
nuscenes_mini_subset,scene-1094_021,scene-1094,test,sector_dropout,10,degrees,42,90,34068,34068,0,0,0.6386326641,worst_bin,0.2,0.6386326641,True
nuscenes_mini_subset,scene-1094_021,scene-1094,test,sector_dropout,20,degrees,42,90,33364,33364,0,2,1,worst_bin,0.2,1,True
nuscenes_mini_subset,scene-1094_021,scene-1094,test,sector_dropout,30,degrees,42,90,32597,32597,0,2,1,worst_bin,0.2,1,True
nuscenes_mini_subset,scene-1094_022,scene-1094,calibration,original,0,none,42,90,34656,34656,0,0,0.3233454067,worst_bin,0.2,0.3233454067,True
nuscenes_mini_subset,scene-1094_022,scene-1094,calibration,random_dropout,0.1,fraction_removed,42,90,31230,31230,0,0,0.3852486006,worst_bin,0.2,0.3852486006,True
nuscenes_mini_subset,scene-1094_022,scene-1094,calibration,random_dropout,0.3,fraction_removed,42,90,24211,24211,0,0,0.5172867962,worst_bin,0.2,0.5172867962,True
nuscenes_mini_subset,scene-1094_022,scene-1094,calibration,random_dropout,0.5,fraction_removed,42,90,17250,17250,0,0,0.6516298979,worst_bin,0.2,0.6516298979,True
nuscenes_mini_subset,scene-1094_022,scene-1094,calibration,sector_dropout,10,degrees,42,90,34058,34058,0,0,0.5187250996,worst_bin,0.2,0.5187250996,True
nuscenes_mini_subset,scene-1094_022,scene-1094,calibration,sector_dropout,20,degrees,42,90,33348,33348,0,2,1,worst_bin,0.2,1,True
nuscenes_mini_subset,scene-1094_022,scene-1094,calibration,sector_dropout,30,degrees,42,90,32573,32573,0,2,1,worst_bin,0.2,1,True
nuscenes_mini_subset,scene-1094_023,scene-1094,test,original,0,none,42,90,34688,34688,0,0,0.6858383071,worst_bin,0.2,0.6858383071,True
nuscenes_mini_subset,scene-1094_023,scene-1094,test,random_dropout,0.1,fraction_removed,42,90,31260,31260,0,0,0.7211068909,worst_bin,0.2,0.7211068909,True
nuscenes_mini_subset,scene-1094_023,scene-1094,test,random_dropout,0.3,fraction_removed,42,90,24237,24237,0,0,0.7873033098,worst_bin,0.2,0.7873033098,True
nuscenes_mini_subset,scene-1094_023,scene-1094,test,random_dropout,0.5,fraction_removed,42,90,17270,17270,0,0,0.8513293543,worst_bin,0.2,0.8513293543,True
nuscenes_mini_subset,scene-1094_023,scene-1094,test,sector_dropout,10,degrees,42,90,34084,34084,0,0,0.6858383071,worst_bin,0.2,0.6858383071,True
nuscenes_mini_subset,scene-1094_023,scene-1094,test,sector_dropout,20,degrees,42,90,33415,33415,0,2,1,worst_bin,0.2,1,True
nuscenes_mini_subset,scene-1094_023,scene-1094,test,sector_dropout,30,degrees,42,90,32647,32647,0,2,1,worst_bin,0.2,1,True
nuscenes_mini_subset,scene-1094_024,scene-1094,calibration,original,0,none,42,90,34688,34688,0,0,0.7451432335,worst_bin,0.2,0.7451432335,True
nuscenes_mini_subset,scene-1094_024,scene-1094,calibration,random_dropout,0.1,fraction_removed,42,90,31260,31260,0,0,0.7675337504,worst_bin,0.2,0.7675337504,True
nuscenes_mini_subset,scene-1094_024,scene-1094,calibration,random_dropout,0.3,fraction_removed,42,90,24237,24237,0,0,0.8202173197,worst_bin,0.2,0.8202173197,True
nuscenes_mini_subset,scene-1094_024,scene-1094,calibration,random_dropout,0.5,fraction_removed,42,90,17270,17270,0,0,0.8702667106,worst_bin,0.2,0.8702667106,True
nuscenes_mini_subset,scene-1094_024,scene-1094,calibration,sector_dropout,10,degrees,42,90,34056,34056,0,0,0.7451432335,worst_bin,0.2,0.7451432335,True
nuscenes_mini_subset,scene-1094_024,scene-1094,calibration,sector_dropout,20,degrees,42,90,33399,33399,0,2,1,worst_bin,0.2,1,True
nuscenes_mini_subset,scene-1094_024,scene-1094,calibration,sector_dropout,30,degrees,42,90,32635,32635,0,2,1,worst_bin,0.2,1,True
nuscenes_mini_subset,scene-1094_025,scene-1094,test,original,0,none,42,90,34720,34720,0,0,0.4915897992,worst_bin,0.2,0.4915897992,True
nuscenes_mini_subset,scene-1094_025,scene-1094,test,random_dropout,0.1,fraction_removed,42,90,31288,31288,0,0,0.5463917526,worst_bin,0.2,0.5463917526,True
nuscenes_mini_subset,scene-1094_025,scene-1094,test,random_dropout,0.3,fraction_removed,42,90,24255,24255,0,0,0.6473141617,worst_bin,0.2,0.6473141617,True
nuscenes_mini_subset,scene-1094_025,scene-1094,test,random_dropout,0.5,fraction_removed,42,90,17283,17283,0,0,0.7498643516,worst_bin,0.2,0.7498643516,True
nuscenes_mini_subset,scene-1094_025,scene-1094,test,sector_dropout,10,degrees,42,90,34099,34099,0,0,0.5235059761,worst_bin,0.2,0.5235059761,True
nuscenes_mini_subset,scene-1094_025,scene-1094,test,sector_dropout,20,degrees,42,90,33446,33446,0,2,1,worst_bin,0.2,1,True
nuscenes_mini_subset,scene-1094_025,scene-1094,test,sector_dropout,30,degrees,42,90,32699,32699,0,2,1,worst_bin,0.2,1,True
nuscenes_mini_subset,scene-1094_026,scene-1094,calibration,original,0,none,42,90,34752,34752,0,0,0.7533750412,worst_bin,0.2,0.7533750412,True
nuscenes_mini_subset,scene-1094_026,scene-1094,calibration,random_dropout,0.1,fraction_removed,42,90,31318,31318,0,0,0.7747777412,worst_bin,0.2,0.7747777412,True
nuscenes_mini_subset,scene-1094_026,scene-1094,calibration,random_dropout,0.3,fraction_removed,42,90,24280,24280,0,0,0.829107672,worst_bin,0.2,0.829107672,True
nuscenes_mini_subset,scene-1094_026,scene-1094,calibration,random_dropout,0.5,fraction_removed,42,90,17300,17300,0,0,0.8765228844,worst_bin,0.2,0.8765228844,True
nuscenes_mini_subset,scene-1094_026,scene-1094,calibration,sector_dropout,10,degrees,42,90,34119,34119,0,0,0.7533750412,worst_bin,0.2,0.7533750412,True
nuscenes_mini_subset,scene-1094_026,scene-1094,calibration,sector_dropout,20,degrees,42,90,33461,33461,0,2,1,worst_bin,0.2,1,True
nuscenes_mini_subset,scene-1094_026,scene-1094,calibration,sector_dropout,30,degrees,42,90,32705,32705,0,2,1,worst_bin,0.2,1,True
nuscenes_mini_subset,scene-1094_027,scene-1094,test,original,0,none,42,90,34752,34752,0,0,0.1971830986,worst_bin,0.2,0.1971830986,False
nuscenes_mini_subset,scene-1094_027,scene-1094,test,random_dropout,0.1,fraction_removed,42,90,31318,31318,0,0,0.2688860435,worst_bin,0.2,0.2688860435,True
nuscenes_mini_subset,scene-1094_027,scene-1094,test,random_dropout,0.3,fraction_removed,42,90,24280,24280,0,0,0.4302176697,worst_bin,0.2,0.4302176697,True
nuscenes_mini_subset,scene-1094_027,scene-1094,test,random_dropout,0.5,fraction_removed,42,90,17300,17300,0,0,0.609475032,worst_bin,0.2,0.609475032,True
nuscenes_mini_subset,scene-1094_027,scene-1094,test,sector_dropout,10,degrees,42,90,34103,34103,0,0,0.5235059761,worst_bin,0.2,0.5235059761,True
nuscenes_mini_subset,scene-1094_027,scene-1094,test,sector_dropout,20,degrees,42,90,33451,33451,0,2,1,worst_bin,0.2,1,True
nuscenes_mini_subset,scene-1094_027,scene-1094,test,sector_dropout,30,degrees,42,90,32683,32683,0,2,1,worst_bin,0.2,1,True
nuscenes_mini_subset,scene-1094_028,scene-1094,calibration,original,0,none,42,90,34752,34752,0,0,0.6635919696,worst_bin,0.2,0.6635919696,True
nuscenes_mini_subset,scene-1094_028,scene-1094,calibration,random_dropout,0.1,fraction_removed,42,90,31318,31318,0,0,0.6977753663,worst_bin,0.2,0.6977753663,True
nuscenes_mini_subset,scene-1094_028,scene-1094,calibration,random_dropout,0.3,fraction_removed,42,90,24280,24280,0,0,0.7672273467,worst_bin,0.2,0.7672273467,True
nuscenes_mini_subset,scene-1094_028,scene-1094,calibration,random_dropout,0.5,fraction_removed,42,90,17300,17300,0,0,0.8372219208,worst_bin,0.2,0.8372219208,True
nuscenes_mini_subset,scene-1094_028,scene-1094,calibration,sector_dropout,10,degrees,42,90,34143,34143,0,0,0.6635919696,worst_bin,0.2,0.6635919696,True
nuscenes_mini_subset,scene-1094_028,scene-1094,calibration,sector_dropout,20,degrees,42,90,33518,33518,0,2,1,worst_bin,0.2,1,True
nuscenes_mini_subset,scene-1094_028,scene-1094,calibration,sector_dropout,30,degrees,42,90,32762,32762,0,2,1,worst_bin,0.2,1,True
nuscenes_mini_subset,scene-1094_029,scene-1094,test,original,0,none,42,90,34720,34720,0,0,0.7062891011,worst_bin,0.2,0.7062891011,True
nuscenes_mini_subset,scene-1094_029,scene-1094,test,random_dropout,0.1,fraction_removed,42,90,31288,31288,0,0,0.7329601581,worst_bin,0.2,0.7329601581,True
nuscenes_mini_subset,scene-1094_029,scene-1094,test,random_dropout,0.3,fraction_removed,42,90,24255,24255,0,0,0.7925584458,worst_bin,0.2,0.7925584458,True
nuscenes_mini_subset,scene-1094_029,scene-1094,test,random_dropout,0.5,fraction_removed,42,90,17283,17283,0,0,0.8501810998,worst_bin,0.2,0.8501810998,True
nuscenes_mini_subset,scene-1094_029,scene-1094,test,sector_dropout,10,degrees,42,90,34110,34110,0,0,0.7062891011,worst_bin,0.2,0.7062891011,True
nuscenes_mini_subset,scene-1094_029,scene-1094,test,sector_dropout,20,degrees,42,90,33483,33483,0,2,1,worst_bin,0.2,1,True
nuscenes_mini_subset,scene-1094_029,scene-1094,test,sector_dropout,30,degrees,42,90,32715,32715,0,2,1,worst_bin,0.2,1,True
nuscenes_mini_subset,scene-1094_030,scene-1094,calibration,original,0,none,42,90,34720,34720,0,0,0.6760716224,worst_bin,0.2,0.6760716224,True
nuscenes_mini_subset,scene-1094_030,scene-1094,calibration,random_dropout,0.1,fraction_removed,42,90,31288,31288,0,0,0.7118827998,worst_bin,0.2,0.7118827998,True
nuscenes_mini_subset,scene-1094_030,scene-1094,calibration,random_dropout,0.3,fraction_removed,42,90,24255,24255,0,0,0.7764514379,worst_bin,0.2,0.7764514379,True
nuscenes_mini_subset,scene-1094_030,scene-1094,calibration,random_dropout,0.5,fraction_removed,42,90,17283,17283,0,0,0.843733044,worst_bin,0.2,0.843733044,True
nuscenes_mini_subset,scene-1094_030,scene-1094,calibration,sector_dropout,10,degrees,42,90,34133,34133,0,0,0.6760716224,worst_bin,0.2,0.6760716224,True
nuscenes_mini_subset,scene-1094_030,scene-1094,calibration,sector_dropout,20,degrees,42,90,33506,33506,0,2,1,worst_bin,0.2,1,True
nuscenes_mini_subset,scene-1094_030,scene-1094,calibration,sector_dropout,30,degrees,42,90,32744,32744,0,2,1,worst_bin,0.2,1,True
nuscenes_mini_subset,scene-1094_031,scene-1094,test,original,0,none,42,90,34752,34752,0,0,0.6695604992,worst_bin,0.2,0.6695604992,True
nuscenes_mini_subset,scene-1094_031,scene-1094,test,random_dropout,0.1,fraction_removed,42,90,31318,31318,0,0,0.704829083,worst_bin,0.2,0.704829083,True
nuscenes_mini_subset,scene-1094_031,scene-1094,test,random_dropout,0.3,fraction_removed,42,90,24280,24280,0,0,0.7688551275,worst_bin,0.2,0.7688551275,True
nuscenes_mini_subset,scene-1094_031,scene-1094,test,random_dropout,0.5,fraction_removed,42,90,17300,17300,0,0,0.838307108,worst_bin,0.2,0.838307108,True
nuscenes_mini_subset,scene-1094_031,scene-1094,test,sector_dropout,10,degrees,42,90,34179,34179,0,0,0.6695604992,worst_bin,0.2,0.6695604992,True
nuscenes_mini_subset,scene-1094_031,scene-1094,test,sector_dropout,20,degrees,42,90,33543,33543,0,2,1,worst_bin,0.2,1,True
nuscenes_mini_subset,scene-1094_031,scene-1094,test,sector_dropout,30,degrees,42,90,32797,32797,0,2,1,worst_bin,0.2,1,True
nuscenes_mini_subset,scene-1094_032,scene-1094,calibration,original,0,none,42,90,34784,34784,0,0,0.7385577873,worst_bin,0.2,0.7385577873,True
nuscenes_mini_subset,scene-1094_032,scene-1094,calibration,random_dropout,0.1,fraction_removed,42,90,31345,31345,0,0,0.7648995719,worst_bin,0.2,0.7648995719,True
nuscenes_mini_subset,scene-1094_032,scene-1094,calibration,random_dropout,0.3,fraction_removed,42,90,24300,24300,0,0,0.8225222259,worst_bin,0.2,0.8225222259,True
nuscenes_mini_subset,scene-1094_032,scene-1094,calibration,random_dropout,0.5,fraction_removed,42,90,17313,17313,0,0,0.8712545275,worst_bin,0.2,0.8712545275,True
nuscenes_mini_subset,scene-1094_032,scene-1094,calibration,sector_dropout,10,degrees,42,90,34224,34224,0,0,0.7385577873,worst_bin,0.2,0.7385577873,True
nuscenes_mini_subset,scene-1094_032,scene-1094,calibration,sector_dropout,20,degrees,42,90,33613,33613,0,2,1,worst_bin,0.2,1,True
nuscenes_mini_subset,scene-1094_032,scene-1094,calibration,sector_dropout,30,degrees,42,90,32901,32901,0,2,1,worst_bin,0.2,1,True
nuscenes_mini_subset,scene-1094_033,scene-1094,test,original,0,none,42,90,34720,34720,0,0,0.7365821534,worst_bin,0.2,0.7365821534,True
nuscenes_mini_subset,scene-1094_033,scene-1094,test,random_dropout,0.1,fraction_removed,42,90,31288,31288,0,0,0.7602897596,worst_bin,0.2,0.7602897596,True
nuscenes_mini_subset,scene-1094_033,scene-1094,test,random_dropout,0.3,fraction_removed,42,90,24255,24255,0,0,0.8169245966,worst_bin,0.2,0.8169245966,True
nuscenes_mini_subset,scene-1094_033,scene-1094,test,random_dropout,0.5,fraction_removed,42,90,17283,17283,0,0,0.8679618044,worst_bin,0.2,0.8679618044,True
nuscenes_mini_subset,scene-1094_033,scene-1094,test,sector_dropout,10,degrees,42,90,34154,34154,0,0,0.7365821534,worst_bin,0.2,0.7365821534,True
nuscenes_mini_subset,scene-1094_033,scene-1094,test,sector_dropout,20,degrees,42,90,33557,33557,0,2,1,worst_bin,0.2,1,True
nuscenes_mini_subset,scene-1094_033,scene-1094,test,sector_dropout,30,degrees,42,90,32893,32893,0,2,1,worst_bin,0.2,1,True
nuscenes_mini_subset,scene-1094_034,scene-1094,calibration,original,0,none,42,90,34720,34720,0,0,0.676614216,worst_bin,0.2,0.676614216,True
nuscenes_mini_subset,scene-1094_034,scene-1094,calibration,random_dropout,0.1,fraction_removed,42,90,31288,31288,0,0,0.7118827998,worst_bin,0.2,0.7118827998,True
nuscenes_mini_subset,scene-1094_034,scene-1094,calibration,random_dropout,0.3,fraction_removed,42,90,24255,24255,0,0,0.7786218123,worst_bin,0.2,0.7786218123,True
nuscenes_mini_subset,scene-1094_034,scene-1094,calibration,random_dropout,0.5,fraction_removed,42,90,17283,17283,0,0,0.843733044,worst_bin,0.2,0.843733044,True
nuscenes_mini_subset,scene-1094_034,scene-1094,calibration,sector_dropout,10,degrees,42,90,34169,34169,0,0,0.676614216,worst_bin,0.2,0.676614216,True
nuscenes_mini_subset,scene-1094_034,scene-1094,calibration,sector_dropout,20,degrees,42,90,33609,33609,0,2,1,worst_bin,0.2,1,True
nuscenes_mini_subset,scene-1094_034,scene-1094,calibration,sector_dropout,30,degrees,42,90,32954,32954,0,2,1,worst_bin,0.2,1,True
nuscenes_mini_subset,scene-1094_035,scene-1094,test,original,0,none,42,90,34720,34720,0,0,0.6473141617,worst_bin,0.2,0.6473141617,True
nuscenes_mini_subset,scene-1094_035,scene-1094,test,random_dropout,0.1,fraction_removed,42,90,31288,31288,0,0,0.6842105263,worst_bin,0.2,0.6842105263,True
nuscenes_mini_subset,scene-1094_035,scene-1094,test,random_dropout,0.3,fraction_removed,42,90,24255,24255,0,0,0.76017363,worst_bin,0.2,0.76017363,True
nuscenes_mini_subset,scene-1094_035,scene-1094,test,random_dropout,0.5,fraction_removed,42,90,17283,17283,0,0,0.827455236,worst_bin,0.2,0.827455236,True
nuscenes_mini_subset,scene-1094_035,scene-1094,test,sector_dropout,10,degrees,42,90,34168,34168,0,0,0.6473141617,worst_bin,0.2,0.6473141617,True
nuscenes_mini_subset,scene-1094_035,scene-1094,test,sector_dropout,20,degrees,42,90,33607,33607,0,2,1,worst_bin,0.2,1,True
nuscenes_mini_subset,scene-1094_035,scene-1094,test,sector_dropout,30,degrees,42,90,32983,32983,0,2,1,worst_bin,0.2,1,True
nuscenes_mini_subset,scene-1094_036,scene-1094,calibration,original,0,none,42,90,34720,34720,0,0,0.6890938687,worst_bin,0.2,0.6890938687,True
nuscenes_mini_subset,scene-1094_036,scene-1094,calibration,random_dropout,0.1,fraction_removed,42,90,31288,31288,0,0,0.7216494845,worst_bin,0.2,0.7216494845,True
nuscenes_mini_subset,scene-1094_036,scene-1094,calibration,random_dropout,0.3,fraction_removed,42,90,24255,24255,0,0,0.7878459034,worst_bin,0.2,0.7878459034,True
nuscenes_mini_subset,scene-1094_036,scene-1094,calibration,random_dropout,0.5,fraction_removed,42,90,17283,17283,0,0,0.8491589799,worst_bin,0.2,0.8491589799,True
nuscenes_mini_subset,scene-1094_036,scene-1094,calibration,sector_dropout,10,degrees,42,90,34178,34178,0,0,0.6890938687,worst_bin,0.2,0.6890938687,True
nuscenes_mini_subset,scene-1094_036,scene-1094,calibration,sector_dropout,20,degrees,42,90,33611,33611,0,2,1,worst_bin,0.2,1,True
nuscenes_mini_subset,scene-1094_036,scene-1094,calibration,sector_dropout,30,degrees,42,90,32996,32996,0,2,1,worst_bin,0.2,1,True
nuscenes_mini_subset,scene-1094_037,scene-1094,test,original,0,none,42,90,34752,34752,0,0,0.6771568095,worst_bin,0.2,0.6771568095,True
nuscenes_mini_subset,scene-1094_037,scene-1094,test,random_dropout,0.1,fraction_removed,42,90,31318,31318,0,0,0.7107976126,worst_bin,0.2,0.7107976126,True
nuscenes_mini_subset,scene-1094_037,scene-1094,test,random_dropout,0.3,fraction_removed,42,90,24280,24280,0,0,0.7775366251,worst_bin,0.2,0.7775366251,True
nuscenes_mini_subset,scene-1094_037,scene-1094,test,random_dropout,0.5,fraction_removed,42,90,17300,17300,0,0,0.8421052632,worst_bin,0.2,0.8421052632,True
nuscenes_mini_subset,scene-1094_037,scene-1094,test,sector_dropout,10,degrees,42,90,34214,34214,0,0,0.6771568095,worst_bin,0.2,0.6771568095,True
nuscenes_mini_subset,scene-1094_037,scene-1094,test,sector_dropout,20,degrees,42,90,33650,33650,0,2,1,worst_bin,0.2,1,True
nuscenes_mini_subset,scene-1094_037,scene-1094,test,sector_dropout,30,degrees,42,90,33019,33019,0,2,1,worst_bin,0.2,1,True
nuscenes_mini_subset,scene-1094_038,scene-1094,calibration,original,0,none,42,90,34688,34688,0,0,0.6880086815,worst_bin,0.2,0.6880086815,True
nuscenes_mini_subset,scene-1094_038,scene-1094,calibration,random_dropout,0.1,fraction_removed,42,90,31260,31260,0,0,0.7221920781,worst_bin,0.2,0.7221920781,True
nuscenes_mini_subset,scene-1094_038,scene-1094,calibration,random_dropout,0.3,fraction_removed,42,90,24237,24237,0,0,0.7878459034,worst_bin,0.2,0.7878459034,True
nuscenes_mini_subset,scene-1094_038,scene-1094,calibration,random_dropout,0.5,fraction_removed,42,90,17270,17270,0,0,0.8507867607,worst_bin,0.2,0.8507867607,True
nuscenes_mini_subset,scene-1094_038,scene-1094,calibration,sector_dropout,10,degrees,42,90,34144,34144,0,0,0.6880086815,worst_bin,0.2,0.6880086815,True
nuscenes_mini_subset,scene-1094_038,scene-1094,calibration,sector_dropout,20,degrees,42,90,33558,33558,0,2,1,worst_bin,0.2,1,True
nuscenes_mini_subset,scene-1094_038,scene-1094,calibration,sector_dropout,30,degrees,42,90,32951,32951,0,2,1,worst_bin,0.2,1,True
nuscenes_mini_subset,scene-1094_039,scene-1094,test,original,0,none,42,90,34720,34720,0,0,0.6782419967,worst_bin,0.2,0.6782419967,True
nuscenes_mini_subset,scene-1094_039,scene-1094,test,random_dropout,0.1,fraction_removed,42,90,31288,31288,0,0,0.7118827998,worst_bin,0.2,0.7118827998,True
nuscenes_mini_subset,scene-1094_039,scene-1094,test,random_dropout,0.3,fraction_removed,42,90,24255,24255,0,0,0.7813347802,worst_bin,0.2,0.7813347802,True
nuscenes_mini_subset,scene-1094_039,scene-1094,test,random_dropout,0.5,fraction_removed,42,90,17283,17283,0,0,0.8464460119,worst_bin,0.2,0.8464460119,True
nuscenes_mini_subset,scene-1094_039,scene-1094,test,sector_dropout,10,degrees,42,90,34182,34182,0,0,0.6782419967,worst_bin,0.2,0.6782419967,True
nuscenes_mini_subset,scene-1094_039,scene-1094,test,sector_dropout,20,degrees,42,90,33622,33622,0,2,1,worst_bin,0.2,1,True
nuscenes_mini_subset,scene-1094_039,scene-1094,test,sector_dropout,30,degrees,42,90,33014,33014,0,2,1,worst_bin,0.2,1,True
kitti_mini,000001,KITTI,calibration,original,0,none,42,0,120268,120268,0,0,0.2211283605,worst_bin,0.4,0.2211283605,False
kitti_mini,000001,KITTI,calibration,random_dropout,0.1,fraction_removed,42,0,108167,108167,0,0,0.2953426732,worst_bin,0.4,0.2953426732,False
kitti_mini,000001,KITTI,calibration,random_dropout,0.3,fraction_removed,42,0,84111,84111,0,0,0.4471790988,worst_bin,0.4,0.4471790988,True
kitti_mini,000001,KITTI,calibration,random_dropout,0.5,fraction_removed,42,0,59871,59871,0,0,0.6092389246,worst_bin,0.4,0.6092389246,True
kitti_mini,000001,KITTI,calibration,sector_dropout,10,degrees,42,0,117403,117403,0,0,0.5392058725,worst_bin,0.4,0.5392058725,True
kitti_mini,000001,KITTI,calibration,sector_dropout,20,degrees,42,0,114524,114524,0,2,1,worst_bin,0.4,1,True
kitti_mini,000001,KITTI,calibration,sector_dropout,30,degrees,42,0,111656,111656,0,2,1,worst_bin,0.4,1,True
kitti_mini,000004,KITTI,test,original,0,none,42,0,115976,115976,0,0,0.2491413474,worst_bin,0.4,0.2491413474,False
kitti_mini,000004,KITTI,test,random_dropout,0.1,fraction_removed,42,0,104322,104322,0,0,0.3207397622,worst_bin,0.4,0.3207397622,False
kitti_mini,000004,KITTI,test,random_dropout,0.3,fraction_removed,42,0,81127,81127,0,0,0.4676354029,worst_bin,0.4,0.4676354029,True
kitti_mini,000004,KITTI,test,random_dropout,0.5,fraction_removed,42,0,57713,57713,0,0,0.621664465,worst_bin,0.4,0.621664465,True
kitti_mini,000004,KITTI,test,sector_dropout,10,degrees,42,0,113221,113221,0,0,0.5478812145,worst_bin,0.4,0.5478812145,True
kitti_mini,000004,KITTI,test,sector_dropout,20,degrees,42,0,110374,110374,0,2,1,worst_bin,0.4,1,True
kitti_mini,000004,KITTI,test,sector_dropout,30,degrees,42,0,107252,107252,0,2,1,worst_bin,0.4,1,True
kitti_mini,000007,KITTI,calibration,original,0,none,42,0,122798,122798,0,0,0.2309782609,worst_bin,0.4,0.2309782609,False
kitti_mini,000007,KITTI,calibration,random_dropout,0.1,fraction_removed,42,0,110452,110452,0,0,0.3202639752,worst_bin,0.4,0.3202639752,False
kitti_mini,000007,KITTI,calibration,random_dropout,0.3,fraction_removed,42,0,85891,85891,0,0,0.4549689441,worst_bin,0.4,0.4549689441,True
kitti_mini,000007,KITTI,calibration,random_dropout,0.5,fraction_removed,42,0,61146,61146,0,0,0.612189441,worst_bin,0.4,0.612189441,True
kitti_mini,000007,KITTI,calibration,sector_dropout,10,degrees,42,0,119882,119882,0,0,0.5201868535,worst_bin,0.4,0.5201868535,True
kitti_mini,000007,KITTI,calibration,sector_dropout,20,degrees,42,0,116905,116905,0,2,1,worst_bin,0.4,1,True
kitti_mini,000007,KITTI,calibration,sector_dropout,30,degrees,42,0,113797,113797,0,2,1,worst_bin,0.4,1,True
kitti_mini,000008,KITTI,test,original,0,none,42,0,122555,122555,0,0,0.1737218252,worst_bin,0.4,0.1737218252,False
kitti_mini,000008,KITTI,test,random_dropout,0.1,fraction_removed,42,0,110227,110227,0,0,0.2603078615,worst_bin,0.4,0.2603078615,False
kitti_mini,000008,KITTI,test,random_dropout,0.3,fraction_removed,42,0,85707,85707,0,0,0.4255085212,worst_bin,0.4,0.4255085212,True
kitti_mini,000008,KITTI,test,random_dropout,0.5,fraction_removed,42,0,61008,61008,0,0,0.5951072018,worst_bin,0.4,0.5951072018,True
kitti_mini,000008,KITTI,test,sector_dropout,10,degrees,42,0,119436,119436,0,0,0.5288621955,worst_bin,0.4,0.5288621955,True
kitti_mini,000008,KITTI,test,sector_dropout,20,degrees,42,0,116373,116373,0,2,1,worst_bin,0.4,1,True
kitti_mini,000008,KITTI,test,sector_dropout,30,degrees,42,0,113375,113375,0,2,1,worst_bin,0.4,1,True
kitti_mini,000009,KITTI,calibration,original,0,none,42,0,123928,123928,0,0,0.2182759236,worst_bin,0.4,0.2182759236,False
kitti_mini,000009,KITTI,calibration,random_dropout,0.1,fraction_removed,42,0,111471,111471,0,0,0.3007317508,worst_bin,0.4,0.3007317508,False
kitti_mini,000009,KITTI,calibration,random_dropout,0.3,fraction_removed,42,0,86666,86666,0,0,0.4510083884,worst_bin,0.4,0.4510083884,True
kitti_mini,000009,KITTI,calibration,random_dropout,0.5,fraction_removed,42,0,61684,61684,0,0,0.6094949134,worst_bin,0.4,0.6094949134,True
kitti_mini,000009,KITTI,calibration,sector_dropout,10,degrees,42,0,121184,121184,0,0,0.5392303848,worst_bin,0.4,0.5392303848,True
kitti_mini,000009,KITTI,calibration,sector_dropout,20,degrees,42,0,118144,118144,0,2,1,worst_bin,0.4,1,True
kitti_mini,000009,KITTI,calibration,sector_dropout,30,degrees,42,0,114998,114998,0,2,1,worst_bin,0.4,1,True
kitti_mini,000010,KITTI,test,original,0,none,42,0,115875,115875,0,0,0.2575017446,worst_bin,0.4,0.2575017446,False
kitti_mini,000010,KITTI,test,random_dropout,0.1,fraction_removed,42,0,104232,104232,0,0,0.3309141661,worst_bin,0.4,0.3309141661,False
kitti_mini,000010,KITTI,test,random_dropout,0.3,fraction_removed,42,0,81051,81051,0,0,0.4810886253,worst_bin,0.4,0.4810886253,True
kitti_mini,000010,KITTI,test,random_dropout,0.5,fraction_removed,42,0,57666,57666,0,0,0.6314606742,worst_bin,0.4,0.6314606742,True
kitti_mini,000010,KITTI,test,sector_dropout,10,degrees,42,0,112986,112986,0,0,0.5311978645,worst_bin,0.4,0.5311978645,True
kitti_mini,000010,KITTI,test,sector_dropout,20,degrees,42,0,110136,110136,0,2,1,worst_bin,0.4,1,True
kitti_mini,000010,KITTI,test,sector_dropout,30,degrees,42,0,107326,107326,0,2,1,worst_bin,0.4,1,True
kitti_mini,000011,KITTI,calibration,original,0,none,42,0,108004,108004,0,0,0.437449338,worst_bin,0.4,0.437449338,True
kitti_mini,000011,KITTI,calibration,random_dropout,0.1,fraction_removed,42,0,97137,97137,0,0,0.5033774655,worst_bin,0.4,0.5033774655,True
kitti_mini,000011,KITTI,calibration,random_dropout,0.3,fraction_removed,42,0,75504,75504,0,0,0.6092947852,worst_bin,0.4,0.6092947852,True
kitti_mini,000011,KITTI,calibration,random_dropout,0.5,fraction_removed,42,0,53691,53691,0,0,0.718724669,worst_bin,0.4,0.718724669,True
kitti_mini,000011,KITTI,calibration,sector_dropout,10,degrees,42,0,104852,104852,0,0,0.4809262036,worst_bin,0.4,0.4809262036,True
kitti_mini,000011,KITTI,calibration,sector_dropout,20,degrees,42,0,101720,101720,0,2,1,worst_bin,0.4,1,True
kitti_mini,000011,KITTI,calibration,sector_dropout,30,degrees,42,0,98457,98457,0,2,1,worst_bin,0.4,1,True
kitti_mini,000012,KITTI,test,original,0,none,42,0,120007,120007,0,0,0.125468499,worst_bin,0.4,0.125468499,False
kitti_mini,000012,KITTI,test,random_dropout,0.1,fraction_removed,42,0,107936,107936,0,0,0.2100660361,worst_bin,0.4,0.2100660361,False
kitti_mini,000012,KITTI,test,random_dropout,0.3,fraction_removed,42,0,83936,83936,0,0,0.3918105958,worst_bin,0.4,0.3918105958,False
kitti_mini,000012,KITTI,test,random_dropout,0.5,fraction_removed,42,0,59746,59746,0,0,0.5761692218,worst_bin,0.4,0.5761692218,True
kitti_mini,000012,KITTI,test,sector_dropout,10,degrees,42,0,117275,117275,0,0,0.5572238906,worst_bin,0.4,0.5572238906,True
kitti_mini,000012,KITTI,test,sector_dropout,20,degrees,42,0,114415,114415,0,2,1,worst_bin,0.4,1,True
kitti_mini,000012,KITTI,test,sector_dropout,30,degrees,42,0,111302,111302,0,2,1,worst_bin,0.4,1,True
kitti_mini,000015,KITTI,calibration,original,0,none,42,0,122583,122583,0,0,0.2275975811,worst_bin,0.4,0.2275975811,False
kitti_mini,000015,KITTI,calibration,random_dropout,0.1,fraction_removed,42,0,110255,110255,0,0,0.3023639362,worst_bin,0.4,0.3023639362,False
kitti_mini,000015,KITTI,calibration,random_dropout,0.3,fraction_removed,42,0,85728,85728,0,0,0.4617921935,worst_bin,0.4,0.4617921935,True
kitti_mini,000015,KITTI,calibration,random_dropout,0.5,fraction_removed,42,0,61027,61027,0,0,0.6179219351,worst_bin,0.4,0.6179219351,True
kitti_mini,000015,KITTI,calibration,sector_dropout,10,degrees,42,0,119491,119491,0,0,0.5019157088,worst_bin,0.4,0.5019157088,True
kitti_mini,000015,KITTI,calibration,sector_dropout,20,degrees,42,0,116309,116309,0,2,1,worst_bin,0.4,1,True
kitti_mini,000015,KITTI,calibration,sector_dropout,30,degrees,42,0,112922,112922,0,2,1,worst_bin,0.4,1,True
kitti_mini,000016,KITTI,test,original,0,none,42,0,113070,113070,0,0,0.2336819807,worst_bin,0.4,0.2336819807,False
kitti_mini,000016,KITTI,test,random_dropout,0.1,fraction_removed,42,0,101696,101696,0,0,0.3033231828,worst_bin,0.4,0.3033231828,False
kitti_mini,000016,KITTI,test,random_dropout,0.3,fraction_removed,42,0,79085,79085,0,0,0.4566397458,worst_bin,0.4,0.4566397458,True
kitti_mini,000016,KITTI,test,random_dropout,0.5,fraction_removed,42,0,56269,56269,0,0,0.6126042632,worst_bin,0.4,0.6126042632,True
kitti_mini,000016,KITTI,test,sector_dropout,10,degrees,42,0,110084,110084,0,0,0.5395395395,worst_bin,0.4,0.5395395395,True
kitti_mini,000016,KITTI,test,sector_dropout,20,degrees,42,0,107282,107282,0,2,1,worst_bin,0.4,1,True
kitti_mini,000016,KITTI,test,sector_dropout,30,degrees,42,0,104177,104177,0,2,1,worst_bin,0.4,1,True
kitti_mini,000019,KITTI,calibration,original,0,none,42,0,115697,115697,0,0,0.3797752809,worst_bin,0.4,0.3797752809,False
kitti_mini,000019,KITTI,calibration,random_dropout,0.1,fraction_removed,42,0,104075,104075,0,0,0.4443820225,worst_bin,0.4,0.4443820225,True
kitti_mini,000019,KITTI,calibration,random_dropout,0.3,fraction_removed,42,0,80920,80920,0,0,0.5710674157,worst_bin,0.4,0.5710674157,True
kitti_mini,000019,KITTI,calibration,random_dropout,0.5,fraction_removed,42,0,57574,57574,0,0,0.6907303371,worst_bin,0.4,0.6907303371,True
kitti_mini,000019,KITTI,calibration,sector_dropout,10,degrees,42,0,112937,112937,0,0,0.4654654655,worst_bin,0.4,0.4654654655,True
kitti_mini,000019,KITTI,calibration,sector_dropout,20,degrees,42,0,109699,109699,0,2,1,worst_bin,0.4,1,True
kitti_mini,000019,KITTI,calibration,sector_dropout,30,degrees,42,0,106352,106352,0,2,1,worst_bin,0.4,1,True
kitti_mini,000021,KITTI,test,original,0,none,42,0,125260,125260,0,0,0.1097626272,worst_bin,0.4,0.1097626272,False
kitti_mini,000021,KITTI,test,random_dropout,0.1,fraction_removed,42,0,112663,112663,0,0,0.1904336962,worst_bin,0.4,0.1904336962,False
kitti_mini,000021,KITTI,test,random_dropout,0.3,fraction_removed,42,0,87589,87589,0,0,0.3771194003,worst_bin,0.4,0.3771194003,False
kitti_mini,000021,KITTI,test,random_dropout,0.5,fraction_removed,42,0,62348,62348,0,0,0.5545243619,worst_bin,0.4,0.5545243619,True
kitti_mini,000021,KITTI,test,sector_dropout,10,degrees,42,0,122350,122350,0,0,0.4925870398,worst_bin,0.4,0.4925870398,True
kitti_mini,000021,KITTI,test,sector_dropout,20,degrees,42,0,119279,119279,0,2,1,worst_bin,0.4,1,True
kitti_mini,000021,KITTI,test,sector_dropout,30,degrees,42,0,115901,115901,0,2,1,worst_bin,0.4,1,True
kitti_mini,000023,KITTI,calibration,original,0,none,42,0,120412,120412,0,0,0.2112836047,worst_bin,0.4,0.2112836047,False
kitti_mini,000023,KITTI,calibration,random_dropout,0.1,fraction_removed,42,0,108295,108295,0,0,0.2828474063,worst_bin,0.4,0.2828474063,False
kitti_mini,000023,KITTI,calibration,random_dropout,0.3,fraction_removed,42,0,84216,84216,0,0,0.4335478985,worst_bin,0.4,0.4335478985,True
kitti_mini,000023,KITTI,calibration,random_dropout,0.5,fraction_removed,42,0,59941,59941,0,0,0.5940931465,worst_bin,0.4,0.5940931465,True
kitti_mini,000023,KITTI,calibration,sector_dropout,10,degrees,42,0,117532,117532,0,0,0.5375375375,worst_bin,0.4,0.5375375375,True
kitti_mini,000023,KITTI,calibration,sector_dropout,20,degrees,42,0,114647,114647,0,2,1,worst_bin,0.4,1,True
kitti_mini,000023,KITTI,calibration,sector_dropout,30,degrees,42,0,111761,111761,0,2,1,worst_bin,0.4,1,True
kitti_mini,000025,KITTI,test,original,0,none,42,0,115780,115780,0,0,0.4989532449,worst_bin,0.4,0.4989532449,True
kitti_mini,000025,KITTI,test,random_dropout,0.1,fraction_removed,42,0,104147,104147,0,0,0.5528262387,worst_bin,0.4,0.5528262387,True
kitti_mini,000025,KITTI,test,random_dropout,0.3,fraction_removed,42,0,80980,80980,0,0,0.6519190509,worst_bin,0.4,0.6519190509,True
kitti_mini,000025,KITTI,test,random_dropout,0.5,fraction_removed,42,0,57618,57618,0,0,0.747662247,worst_bin,0.4,0.747662247,True
kitti_mini,000025,KITTI,test,sector_dropout,10,degrees,42,0,112768,112768,0,0,0.5059137098,worst_bin,0.4,0.5059137098,True
kitti_mini,000025,KITTI,test,sector_dropout,20,degrees,42,0,109681,109681,0,2,1,worst_bin,0.4,1,True
kitti_mini,000025,KITTI,test,sector_dropout,30,degrees,42,0,106354,106354,0,2,1,worst_bin,0.4,1,True
kitti_mini,000031,KITTI,calibration,original,0,none,42,0,121291,121291,0,0,0.2161747142,worst_bin,0.4,0.2161747142,False
kitti_mini,000031,KITTI,calibration,random_dropout,0.1,fraction_removed,42,0,109094,109094,0,0,0.2987544788,worst_bin,0.4,0.2987544788,False
kitti_mini,000031,KITTI,calibration,random_dropout,0.3,fraction_removed,42,0,84836,84836,0,0,0.4741511687,worst_bin,0.4,0.4741511687,True
kitti_mini,000031,KITTI,calibration,random_dropout,0.5,fraction_removed,42,0,60380,60380,0,0,0.6215662856,worst_bin,0.4,0.6215662856,True
kitti_mini,000031,KITTI,calibration,sector_dropout,10,degrees,42,0,118436,118436,0,0,0.4644644645,worst_bin,0.4,0.4644644645,True
kitti_mini,000031,KITTI,calibration,sector_dropout,20,degrees,42,0,115189,115189,0,2,1,worst_bin,0.4,1,True
kitti_mini,000031,KITTI,calibration,sector_dropout,30,degrees,42,0,111968,111968,0,2,1,worst_bin,0.4,1,True
kitti_mini,000032,KITTI,test,original,0,none,42,0,118661,118661,0,0,0.3036516854,worst_bin,0.4,0.3036516854,False
kitti_mini,000032,KITTI,test,random_dropout,0.1,fraction_removed,42,0,106737,106737,0,0,0.3735955056,worst_bin,0.4,0.3735955056,False
kitti_mini,000032,KITTI,test,random_dropout,0.3,fraction_removed,42,0,82996,82996,0,0,0.5095505618,worst_bin,0.4,0.5095505618,True
kitti_mini,000032,KITTI,test,random_dropout,0.5,fraction_removed,42,0,59084,59084,0,0,0.6460674157,worst_bin,0.4,0.6460674157,True
kitti_mini,000032,KITTI,test,sector_dropout,10,degrees,42,0,115376,115376,0,0,0.4869232051,worst_bin,0.4,0.4869232051,True
kitti_mini,000032,KITTI,test,sector_dropout,20,degrees,42,0,112167,112167,0,2,1,worst_bin,0.4,1,True
kitti_mini,000032,KITTI,test,sector_dropout,30,degrees,42,0,108942,108942,0,2,1,worst_bin,0.4,1,True
kitti_mini,000043,KITTI,calibration,original,0,none,42,0,122591,122591,0,0,0.1185770751,worst_bin,0.4,0.1185770751,False
kitti_mini,000043,KITTI,calibration,random_dropout,0.1,fraction_removed,42,0,110261,110261,0,0,0.2026350461,worst_bin,0.4,0.2026350461,False
kitti_mini,000043,KITTI,calibration,random_dropout,0.3,fraction_removed,42,0,85733,85733,0,0,0.377602108,worst_bin,0.4,0.377602108,False
kitti_mini,000043,KITTI,calibration,random_dropout,0.5,fraction_removed,42,0,61030,61030,0,0,0.5571405414,worst_bin,0.4,0.5571405414,True
kitti_mini,000043,KITTI,calibration,sector_dropout,10,degrees,42,0,119700,119700,0,0,0.4659336998,worst_bin,0.4,0.4659336998,True
kitti_mini,000043,KITTI,calibration,sector_dropout,20,degrees,42,0,116484,116484,0,2,1,worst_bin,0.4,1,True
kitti_mini,000043,KITTI,calibration,sector_dropout,30,degrees,42,0,113109,113109,0,2,1,worst_bin,0.4,1,True
kitti_mini,000048,KITTI,test,original,0,none,42,0,122675,122675,0,0,0.1252311757,worst_bin,0.4,0.1252311757,False
kitti_mini,000048,KITTI,test,random_dropout,0.1,fraction_removed,42,0,110341,110341,0,0,0.2113606341,worst_bin,0.4,0.2113606341,False
kitti_mini,000048,KITTI,test,random_dropout,0.3,fraction_removed,42,0,85799,85799,0,0,0.3965653897,worst_bin,0.4,0.3965653897,False
kitti_mini,000048,KITTI,test,random_dropout,0.5,fraction_removed,42,0,61084,61084,0,0,0.5717305152,worst_bin,0.4,0.5717305152,True
kitti_mini,000048,KITTI,test,sector_dropout,10,degrees,42,0,119639,119639,0,0,0.4619356988,worst_bin,0.4,0.4619356988,True
kitti_mini,000048,KITTI,test,sector_dropout,20,degrees,42,0,116394,116394,0,2,1,worst_bin,0.4,1,True
kitti_mini,000048,KITTI,test,sector_dropout,30,degrees,42,0,113015,113015,0,2,1,worst_bin,0.4,1,True
kitti_mini,000049,KITTI,calibration,original,0,none,42,0,113691,113691,0,0,0.2917112299,worst_bin,0.4,0.2917112299,False
kitti_mini,000049,KITTI,calibration,random_dropout,0.1,fraction_removed,42,0,102244,102244,0,0,0.3612299465,worst_bin,0.4,0.3612299465,False
kitti_mini,000049,KITTI,calibration,random_dropout,0.3,fraction_removed,42,0,79510,79510,0,0,0.5016042781,worst_bin,0.4,0.5016042781,True
kitti_mini,000049,KITTI,calibration,random_dropout,0.5,fraction_removed,42,0,56570,56570,0,0,0.649197861,worst_bin,0.4,0.649197861,True
kitti_mini,000049,KITTI,calibration,sector_dropout,10,degrees,42,0,110704,110704,0,0,0.4984984985,worst_bin,0.4,0.4984984985,True
kitti_mini,000049,KITTI,calibration,sector_dropout,20,degrees,42,0,107599,107599,0,2,1,worst_bin,0.4,1,True
kitti_mini,000049,KITTI,calibration,sector_dropout,30,degrees,42,0,104368,104368,0,2,1,worst_bin,0.4,1,True
kitti_mini,000061,KITTI,test,original,0,none,42,0,125247,125247,0,0,0.1957119296,worst_bin,0.4,0.1957119296,False
kitti_mini,000061,KITTI,test,random_dropout,0.1,fraction_removed,42,0,112650,112650,0,0,0.2699285322,worst_bin,0.4,0.2699285322,False
kitti_mini,000061,KITTI,test,random_dropout,0.3,fraction_removed,42,0,87580,87580,0,0,0.4395272128,worst_bin,0.4,0.4395272128,True
kitti_mini,000061,KITTI,test,random_dropout,0.5,fraction_removed,42,0,62340,62340,0,0,0.6083012644,worst_bin,0.4,0.6083012644,True
kitti_mini,000061,KITTI,test,sector_dropout,10,degrees,42,0,121843,121843,0,0,0.4327660994,worst_bin,0.4,0.4327660994,True
kitti_mini,000061,KITTI,test,sector_dropout,20,degrees,42,0,118439,118439,0,2,1,worst_bin,0.4,1,True
kitti_mini,000061,KITTI,test,sector_dropout,30,degrees,42,0,114969,114969,0,2,1,worst_bin,0.4,1,True
nuscenes_mini_subset,scene-0103_000,scene-0103,calibration,original,0,none,42,90,34752,34752,0,0,0.7826802766,worst_bin,0.4,0.7826802766,True
nuscenes_mini_subset,scene-0103_000,scene-0103,calibration,random_dropout,0.1,fraction_removed,42,90,31318,31318,0,0,0.8037537043,worst_bin,0.4,0.8037537043,True
nuscenes_mini_subset,scene-0103_000,scene-0103,calibration,random_dropout,0.3,fraction_removed,42,90,24280,24280,0,0,0.8508396444,worst_bin,0.4,0.8508396444,True
nuscenes_mini_subset,scene-0103_000,scene-0103,calibration,random_dropout,0.5,fraction_removed,42,90,17300,17300,0,0,0.8946328614,worst_bin,0.4,0.8946328614,True
nuscenes_mini_subset,scene-0103_000,scene-0103,calibration,sector_dropout,10,degrees,42,90,34173,34173,0,0,0.7826802766,worst_bin,0.4,0.7826802766,True
nuscenes_mini_subset,scene-0103_000,scene-0103,calibration,sector_dropout,20,degrees,42,90,33489,33489,0,2,1,worst_bin,0.4,1,True
nuscenes_mini_subset,scene-0103_000,scene-0103,calibration,sector_dropout,30,degrees,42,90,32758,32758,0,2,1,worst_bin,0.4,1,True
nuscenes_mini_subset,scene-0103_001,scene-0103,test,original,0,none,42,90,34688,34688,0,0,0.6483993489,worst_bin,0.4,0.6483993489,True
nuscenes_mini_subset,scene-0103_001,scene-0103,test,random_dropout,0.1,fraction_removed,42,90,31260,31260,0,0,0.6858383071,worst_bin,0.4,0.6858383071,True
nuscenes_mini_subset,scene-0103_001,scene-0103,test,random_dropout,0.3,fraction_removed,42,90,24237,24237,0,0,0.757460662,worst_bin,0.4,0.757460662,True
nuscenes_mini_subset,scene-0103_001,scene-0103,test,random_dropout,0.5,fraction_removed,42,90,17270,17270,0,0,0.8279978296,worst_bin,0.4,0.8279978296,True
nuscenes_mini_subset,scene-0103_001,scene-0103,test,sector_dropout,10,degrees,42,90,34086,34086,0,0,0.6483993489,worst_bin,0.4,0.6483993489,True
nuscenes_mini_subset,scene-0103_001,scene-0103,test,sector_dropout,20,degrees,42,90,33401,33401,0,2,1,worst_bin,0.4,1,True
nuscenes_mini_subset,scene-0103_001,scene-0103,test,sector_dropout,30,degrees,42,90,32666,32666,0,2,1,worst_bin,0.4,1,True
nuscenes_mini_subset,scene-0103_002,scene-0103,calibration,original,0,none,42,90,34752,34752,0,0,0.6652197504,worst_bin,0.4,0.6652197504,True
nuscenes_mini_subset,scene-0103_002,scene-0103,calibration,random_dropout,0.1,fraction_removed,42,90,31318,31318,0,0,0.7015735214,worst_bin,0.4,0.7015735214,True
nuscenes_mini_subset,scene-0103_002,scene-0103,calibration,random_dropout,0.3,fraction_removed,42,90,24280,24280,0,0,0.7688551275,worst_bin,0.4,0.7688551275,True
nuscenes_mini_subset,scene-0103_002,scene-0103,calibration,random_dropout,0.5,fraction_removed,42,90,17300,17300,0,0,0.8350515464,worst_bin,0.4,0.8350515464,True
nuscenes_mini_subset,scene-0103_002,scene-0103,calibration,sector_dropout,10,degrees,42,90,34178,34178,0,0,0.6652197504,worst_bin,0.4,0.6652197504,True
nuscenes_mini_subset,scene-0103_002,scene-0103,calibration,sector_dropout,20,degrees,42,90,33497,33497,0,2,1,worst_bin,0.4,1,True
nuscenes_mini_subset,scene-0103_002,scene-0103,calibration,sector_dropout,30,degrees,42,90,32766,32766,0,2,1,worst_bin,0.4,1,True
nuscenes_mini_subset,scene-0103_003,scene-0103,test,original,0,none,42,90,34720,34720,0,0,0.6950623983,worst_bin,0.4,0.6950623983,True
nuscenes_mini_subset,scene-0103_003,scene-0103,test,random_dropout,0.1,fraction_removed,42,90,31288,31288,0,0,0.7254476397,worst_bin,0.4,0.7254476397,True
nuscenes_mini_subset,scene-0103_003,scene-0103,test,random_dropout,0.3,fraction_removed,42,90,24255,24255,0,0,0.788388497,worst_bin,0.4,0.788388497,True
nuscenes_mini_subset,scene-0103_003,scene-0103,test,random_dropout,0.5,fraction_removed,42,90,17283,17283,0,0,0.8475311991,worst_bin,0.4,0.8475311991,True
nuscenes_mini_subset,scene-0103_003,scene-0103,test,sector_dropout,10,degrees,42,90,34137,34137,0,0,0.6950623983,worst_bin,0.4,0.6950623983,True
nuscenes_mini_subset,scene-0103_003,scene-0103,test,sector_dropout,20,degrees,42,90,33465,33465,0,2,1,worst_bin,0.4,1,True
nuscenes_mini_subset,scene-0103_003,scene-0103,test,sector_dropout,30,degrees,42,90,32743,32743,0,2,1,worst_bin,0.4,1,True
nuscenes_mini_subset,scene-0103_004,scene-0103,calibration,original,0,none,42,90,34784,34784,0,0,0.7059142702,worst_bin,0.4,0.7059142702,True
nuscenes_mini_subset,scene-0103_004,scene-0103,calibration,random_dropout,0.1,fraction_removed,42,90,31345,31345,0,0,0.7357569181,worst_bin,0.4,0.7357569181,True
nuscenes_mini_subset,scene-0103_004,scene-0103,calibration,random_dropout,0.3,fraction_removed,42,90,24300,24300,0,0,0.796527401,worst_bin,0.4,0.796527401,True
nuscenes_mini_subset,scene-0103_004,scene-0103,calibration,random_dropout,0.5,fraction_removed,42,90,17313,17313,0,0,0.8551275095,worst_bin,0.4,0.8551275095,True
nuscenes_mini_subset,scene-0103_004,scene-0103,calibration,sector_dropout,10,degrees,42,90,34196,34196,0,0,0.7059142702,worst_bin,0.4,0.7059142702,True
nuscenes_mini_subset,scene-0103_004,scene-0103,calibration,sector_dropout,20,degrees,42,90,33528,33528,0,2,1,worst_bin,0.4,1,True
nuscenes_mini_subset,scene-0103_004,scene-0103,calibration,sector_dropout,30,degrees,42,90,32825,32825,0,2,1,worst_bin,0.4,1,True
nuscenes_mini_subset,scene-0103_005,scene-0103,test,original,0,none,42,90,34720,34720,0,0,0.3824200913,worst_bin,0.4,0.3824200913,False
nuscenes_mini_subset,scene-0103_005,scene-0103,test,random_dropout,0.1,fraction_removed,42,90,31288,31288,0,0,0.4566210046,worst_bin,0.4,0.4566210046,True
nuscenes_mini_subset,scene-0103_005,scene-0103,test,random_dropout,0.3,fraction_removed,42,90,24255,24255,0,0,0.5799086758,worst_bin,0.4,0.5799086758,True
nuscenes_mini_subset,scene-0103_005,scene-0103,test,random_dropout,0.5,fraction_removed,42,90,17283,17283,0,0,0.7160775371,worst_bin,0.4,0.7160775371,True
nuscenes_mini_subset,scene-0103_005,scene-0103,test,sector_dropout,10,degrees,42,90,34105,34105,0,0,0.4887218045,worst_bin,0.4,0.4887218045,True
nuscenes_mini_subset,scene-0103_005,scene-0103,test,sector_dropout,20,degrees,42,90,33424,33424,0,2,1,worst_bin,0.4,1,True
nuscenes_mini_subset,scene-0103_005,scene-0103,test,sector_dropout,30,degrees,42,90,32673,32673,0,2,1,worst_bin,0.4,1,True
nuscenes_mini_subset,scene-0103_006,scene-0103,calibration,original,0,none,42,90,34688,34688,0,0,0.6939772111,worst_bin,0.4,0.6939772111,True
nuscenes_mini_subset,scene-0103_006,scene-0103,calibration,random_dropout,0.1,fraction_removed,42,90,31260,31260,0,0,0.7259902333,worst_bin,0.4,0.7259902333,True
nuscenes_mini_subset,scene-0103_006,scene-0103,calibration,random_dropout,0.3,fraction_removed,42,90,24237,24237,0,0,0.7873033098,worst_bin,0.4,0.7873033098,True
nuscenes_mini_subset,scene-0103_006,scene-0103,calibration,random_dropout,0.5,fraction_removed,42,90,17270,17270,0,0,0.8491589799,worst_bin,0.4,0.8491589799,True
nuscenes_mini_subset,scene-0103_006,scene-0103,calibration,sector_dropout,10,degrees,42,90,34101,34101,0,0,0.6939772111,worst_bin,0.4,0.6939772111,True
nuscenes_mini_subset,scene-0103_006,scene-0103,calibration,sector_dropout,20,degrees,42,90,33454,33454,0,2,1,worst_bin,0.4,1,True
nuscenes_mini_subset,scene-0103_006,scene-0103,calibration,sector_dropout,30,degrees,42,90,32710,32710,0,2,1,worst_bin,0.4,1,True
nuscenes_mini_subset,scene-0103_007,scene-0103,test,original,0,none,42,90,34688,34688,0,0,0.6543678785,worst_bin,0.4,0.6543678785,True
nuscenes_mini_subset,scene-0103_007,scene-0103,test,random_dropout,0.1,fraction_removed,42,90,31260,31260,0,0,0.6907216495,worst_bin,0.4,0.6907216495,True
nuscenes_mini_subset,scene-0103_007,scene-0103,test,random_dropout,0.3,fraction_removed,42,90,24237,24237,0,0,0.7612588171,worst_bin,0.4,0.7612588171,True
nuscenes_mini_subset,scene-0103_007,scene-0103,test,random_dropout,0.5,fraction_removed,42,90,17270,17270,0,0,0.8334237656,worst_bin,0.4,0.8334237656,True
nuscenes_mini_subset,scene-0103_007,scene-0103,test,sector_dropout,10,degrees,42,90,34100,34100,0,0,0.6543678785,worst_bin,0.4,0.6543678785,True
nuscenes_mini_subset,scene-0103_007,scene-0103,test,sector_dropout,20,degrees,42,90,33463,33463,0,2,1,worst_bin,0.4,1,True
nuscenes_mini_subset,scene-0103_007,scene-0103,test,sector_dropout,30,degrees,42,90,32730,32730,0,2,1,worst_bin,0.4,1,True
nuscenes_mini_subset,scene-0103_008,scene-0103,calibration,original,0,none,42,90,34720,34720,0,0,0.7701679289,worst_bin,0.4,0.7701679289,True
nuscenes_mini_subset,scene-0103_008,scene-0103,calibration,random_dropout,0.1,fraction_removed,42,90,31288,31288,0,0,0.7925584458,worst_bin,0.4,0.7925584458,True
nuscenes_mini_subset,scene-0103_008,scene-0103,calibration,random_dropout,0.3,fraction_removed,42,90,24255,24255,0,0,0.8393151136,worst_bin,0.4,0.8393151136,True
nuscenes_mini_subset,scene-0103_008,scene-0103,calibration,random_dropout,0.5,fraction_removed,42,90,17283,17283,0,0,0.8821205137,worst_bin,0.4,0.8821205137,True
nuscenes_mini_subset,scene-0103_008,scene-0103,calibration,sector_dropout,10,degrees,42,90,34166,34166,0,0,0.7701679289,worst_bin,0.4,0.7701679289,True
nuscenes_mini_subset,scene-0103_008,scene-0103,calibration,sector_dropout,20,degrees,42,90,33549,33549,0,2,1,worst_bin,0.4,1,True
nuscenes_mini_subset,scene-0103_008,scene-0103,calibration,sector_dropout,30,degrees,42,90,32831,32831,0,2,1,worst_bin,0.4,1,True
nuscenes_mini_subset,scene-0103_009,scene-0103,test,original,0,none,42,90,34720,34720,0,0,0.7942048074,worst_bin,0.4,0.7942048074,True
nuscenes_mini_subset,scene-0103_009,scene-0103,test,random_dropout,0.1,fraction_removed,42,90,31288,31288,0,0,0.8139611459,worst_bin,0.4,0.8139611459,True
nuscenes_mini_subset,scene-0103_009,scene-0103,test,random_dropout,0.3,fraction_removed,42,90,24255,24255,0,0,0.8561080013,worst_bin,0.4,0.8561080013,True
nuscenes_mini_subset,scene-0103_009,scene-0103,test,random_dropout,0.5,fraction_removed,42,90,17283,17283,0,0,0.895291406,worst_bin,0.4,0.895291406,True
nuscenes_mini_subset,scene-0103_009,scene-0103,test,sector_dropout,10,degrees,42,90,34174,34174,0,0,0.7942048074,worst_bin,0.4,0.7942048074,True
nuscenes_mini_subset,scene-0103_009,scene-0103,test,sector_dropout,20,degrees,42,90,33561,33561,0,2,1,worst_bin,0.4,1,True
nuscenes_mini_subset,scene-0103_009,scene-0103,test,sector_dropout,30,degrees,42,90,32808,32808,0,2,1,worst_bin,0.4,1,True
nuscenes_mini_subset,scene-0103_010,scene-0103,calibration,original,0,none,42,90,34720,34720,0,0,0.6728160608,worst_bin,0.4,0.6728160608,True
nuscenes_mini_subset,scene-0103_010,scene-0103,calibration,random_dropout,0.1,fraction_removed,42,90,31288,31288,0,0,0.7080846446,worst_bin,0.4,0.7080846446,True
nuscenes_mini_subset,scene-0103_010,scene-0103,calibration,random_dropout,0.3,fraction_removed,42,90,24255,24255,0,0,0.7759088443,worst_bin,0.4,0.7759088443,True
nuscenes_mini_subset,scene-0103_010,scene-0103,calibration,random_dropout,0.5,fraction_removed,42,90,17283,17283,0,0,0.8426478568,worst_bin,0.4,0.8426478568,True
nuscenes_mini_subset,scene-0103_010,scene-0103,calibration,sector_dropout,10,degrees,42,90,34162,34162,0,0,0.6728160608,worst_bin,0.4,0.6728160608,True
nuscenes_mini_subset,scene-0103_010,scene-0103,calibration,sector_dropout,20,degrees,42,90,33505,33505,0,2,1,worst_bin,0.4,1,True
nuscenes_mini_subset,scene-0103_010,scene-0103,calibration,sector_dropout,30,degrees,42,90,32755,32755,0,2,1,worst_bin,0.4,1,True
nuscenes_mini_subset,scene-0103_011,scene-0103,test,original,0,none,42,90,34688,34688,0,0,0.6842105263,worst_bin,0.4,0.6842105263,True
nuscenes_mini_subset,scene-0103_011,scene-0103,test,random_dropout,0.1,fraction_removed,42,90,31260,31260,0,0,0.7178513294,worst_bin,0.4,0.7178513294,True
nuscenes_mini_subset,scene-0103_011,scene-0103,test,random_dropout,0.3,fraction_removed,42,90,24237,24237,0,0,0.7851329354,worst_bin,0.4,0.7851329354,True
nuscenes_mini_subset,scene-0103_011,scene-0103,test,random_dropout,0.5,fraction_removed,42,90,17270,17270,0,0,0.8491589799,worst_bin,0.4,0.8491589799,True
nuscenes_mini_subset,scene-0103_011,scene-0103,test,sector_dropout,10,degrees,42,90,34078,34078,0,0,0.6842105263,worst_bin,0.4,0.6842105263,True
nuscenes_mini_subset,scene-0103_011,scene-0103,test,sector_dropout,20,degrees,42,90,33408,33408,0,2,1,worst_bin,0.4,1,True
nuscenes_mini_subset,scene-0103_011,scene-0103,test,sector_dropout,30,degrees,42,90,32649,32649,0,2,1,worst_bin,0.4,1,True
nuscenes_mini_subset,scene-0103_012,scene-0103,calibration,original,0,none,42,90,34688,34688,0,0,0.6782419967,worst_bin,0.4,0.6782419967,True
nuscenes_mini_subset,scene-0103_012,scene-0103,calibration,random_dropout,0.1,fraction_removed,42,90,31260,31260,0,0,0.7107976126,worst_bin,0.4,0.7107976126,True
nuscenes_mini_subset,scene-0103_012,scene-0103,calibration,random_dropout,0.3,fraction_removed,42,90,24237,24237,0,0,0.7780792187,worst_bin,0.4,0.7780792187,True
nuscenes_mini_subset,scene-0103_012,scene-0103,calibration,random_dropout,0.5,fraction_removed,42,90,17270,17270,0,0,0.843733044,worst_bin,0.4,0.843733044,True
nuscenes_mini_subset,scene-0103_012,scene-0103,calibration,sector_dropout,10,degrees,42,90,34076,34076,0,0,0.6782419967,worst_bin,0.4,0.6782419967,True
nuscenes_mini_subset,scene-0103_012,scene-0103,calibration,sector_dropout,20,degrees,42,90,33380,33380,0,2,1,worst_bin,0.4,1,True
nuscenes_mini_subset,scene-0103_012,scene-0103,calibration,sector_dropout,30,degrees,42,90,32605,32605,0,2,1,worst_bin,0.4,1,True
nuscenes_mini_subset,scene-0103_013,scene-0103,test,original,0,none,42,90,34688,34688,0,0,0.2136181575,worst_bin,0.4,0.2136181575,False
nuscenes_mini_subset,scene-0103_013,scene-0103,test,random_dropout,0.1,fraction_removed,42,90,31260,31260,0,0,0.2950600801,worst_bin,0.4,0.2950600801,False
nuscenes_mini_subset,scene-0103_013,scene-0103,test,random_dropout,0.3,fraction_removed,42,90,24237,24237,0,0,0.4632843792,worst_bin,0.4,0.4632843792,True
nuscenes_mini_subset,scene-0103_013,scene-0103,test,random_dropout,0.5,fraction_removed,42,90,17270,17270,0,0,0.6141522029,worst_bin,0.4,0.6141522029,True
nuscenes_mini_subset,scene-0103_013,scene-0103,test,sector_dropout,10,degrees,42,90,34061,34061,0,0,0.4736842105,worst_bin,0.4,0.4736842105,True
nuscenes_mini_subset,scene-0103_013,scene-0103,test,sector_dropout,20,degrees,42,90,33357,33357,0,2,1,worst_bin,0.4,1,True
nuscenes_mini_subset,scene-0103_013,scene-0103,test,sector_dropout,30,degrees,42,90,32548,32548,0,2,1,worst_bin,0.4,1,True
nuscenes_mini_subset,scene-0103_014,scene-0103,calibration,original,0,none,42,90,34720,34720,0,0,0.6196418882,worst_bin,0.4,0.6196418882,True
nuscenes_mini_subset,scene-0103_014,scene-0103,calibration,random_dropout,0.1,fraction_removed,42,90,31288,31288,0,0,0.660336408,worst_bin,0.4,0.660336408,True
nuscenes_mini_subset,scene-0103_014,scene-0103,calibration,random_dropout,0.3,fraction_removed,42,90,24255,24255,0,0,0.7379272925,worst_bin,0.4,0.7379272925,True
nuscenes_mini_subset,scene-0103_014,scene-0103,calibration,random_dropout,0.5,fraction_removed,42,90,17283,17283,0,0,0.8166033641,worst_bin,0.4,0.8166033641,True
nuscenes_mini_subset,scene-0103_014,scene-0103,calibration,sector_dropout,10,degrees,42,90,34073,34073,0,0,0.6196418882,worst_bin,0.4,0.6196418882,True
nuscenes_mini_subset,scene-0103_014,scene-0103,calibration,sector_dropout,20,degrees,42,90,33351,33351,0,2,1,worst_bin,0.4,1,True
nuscenes_mini_subset,scene-0103_014,scene-0103,calibration,sector_dropout,30,degrees,42,90,32523,32523,0,2,1,worst_bin,0.4,1,True
nuscenes_mini_subset,scene-0103_015,scene-0103,test,original,0,none,42,90,34688,34688,0,0,0.4119196576,worst_bin,0.4,0.4119196576,True
nuscenes_mini_subset,scene-0103_015,scene-0103,test,random_dropout,0.1,fraction_removed,42,90,31260,31260,0,0,0.471188673,worst_bin,0.4,0.471188673,True
nuscenes_mini_subset,scene-0103_015,scene-0103,test,random_dropout,0.3,fraction_removed,42,90,24237,24237,0,0,0.5946657886,worst_bin,0.4,0.5946657886,True
nuscenes_mini_subset,scene-0103_015,scene-0103,test,random_dropout,0.5,fraction_removed,42,90,17270,17270,0,0,0.7089232796,worst_bin,0.4,0.7089232796,True
nuscenes_mini_subset,scene-0103_015,scene-0103,test,sector_dropout,10,degrees,42,90,34032,34032,0,0,0.4736842105,worst_bin,0.4,0.4736842105,True
nuscenes_mini_subset,scene-0103_015,scene-0103,test,sector_dropout,20,degrees,42,90,33326,33326,0,2,1,worst_bin,0.4,1,True
nuscenes_mini_subset,scene-0103_015,scene-0103,test,sector_dropout,30,degrees,42,90,32508,32508,0,2,1,worst_bin,0.4,1,True
nuscenes_mini_subset,scene-0103_016,scene-0103,calibration,original,0,none,42,90,34720,34720,0,0,0.6652197504,worst_bin,0.4,0.6652197504,True
nuscenes_mini_subset,scene-0103_016,scene-0103,calibration,random_dropout,0.1,fraction_removed,42,90,31288,31288,0,0,0.699403147,worst_bin,0.4,0.699403147,True
nuscenes_mini_subset,scene-0103_016,scene-0103,calibration,random_dropout,0.3,fraction_removed,42,90,24255,24255,0,0,0.7677699403,worst_bin,0.4,0.7677699403,True
nuscenes_mini_subset,scene-0103_016,scene-0103,calibration,random_dropout,0.5,fraction_removed,42,90,17283,17283,0,0,0.8372219208,worst_bin,0.4,0.8372219208,True
nuscenes_mini_subset,scene-0103_016,scene-0103,calibration,sector_dropout,10,degrees,42,90,34055,34055,0,0,0.6652197504,worst_bin,0.4,0.6652197504,True
nuscenes_mini_subset,scene-0103_016,scene-0103,calibration,sector_dropout,20,degrees,42,90,33363,33363,0,2,1,worst_bin,0.4,1,True
nuscenes_mini_subset,scene-0103_016,scene-0103,calibration,sector_dropout,30,degrees,42,90,32545,32545,0,2,1,worst_bin,0.4,1,True
nuscenes_mini_subset,scene-0103_017,scene-0103,test,original,0,none,42,90,34720,34720,0,0,0.6391752577,worst_bin,0.4,0.6391752577,True
nuscenes_mini_subset,scene-0103_017,scene-0103,test,random_dropout,0.1,fraction_removed,42,90,31288,31288,0,0,0.6771568095,worst_bin,0.4,0.6771568095,True
nuscenes_mini_subset,scene-0103_017,scene-0103,test,random_dropout,0.3,fraction_removed,42,90,24255,24255,0,0,0.7514921324,worst_bin,0.4,0.7514921324,True
nuscenes_mini_subset,scene-0103_017,scene-0103,test,random_dropout,0.5,fraction_removed,42,90,17283,17283,0,0,0.8214867065,worst_bin,0.4,0.8214867065,True
nuscenes_mini_subset,scene-0103_017,scene-0103,test,sector_dropout,10,degrees,42,90,34063,34063,0,0,0.6391752577,worst_bin,0.4,0.6391752577,True
nuscenes_mini_subset,scene-0103_017,scene-0103,test,sector_dropout,20,degrees,42,90,33366,33366,0,2,1,worst_bin,0.4,1,True
nuscenes_mini_subset,scene-0103_017,scene-0103,test,sector_dropout,30,degrees,42,90,32561,32561,0,2,1,worst_bin,0.4,1,True
nuscenes_mini_subset,scene-0103_018,scene-0103,calibration,original,0,none,42,90,34784,34784,0,0,0.5492262101,worst_bin,0.4,0.5492262101,True
nuscenes_mini_subset,scene-0103_018,scene-0103,calibration,random_dropout,0.1,fraction_removed,42,90,31345,31345,0,0,0.5956536055,worst_bin,0.4,0.5956536055,True
nuscenes_mini_subset,scene-0103_018,scene-0103,calibration,random_dropout,0.3,fraction_removed,42,90,24300,24300,0,0,0.6957523872,worst_bin,0.4,0.6957523872,True
nuscenes_mini_subset,scene-0103_018,scene-0103,calibration,random_dropout,0.5,fraction_removed,42,90,17313,17313,0,0,0.7816924597,worst_bin,0.4,0.7816924597,True
nuscenes_mini_subset,scene-0103_018,scene-0103,calibration,sector_dropout,10,degrees,42,90,34149,34149,0,0,0.5492262101,worst_bin,0.4,0.5492262101,True
nuscenes_mini_subset,scene-0103_018,scene-0103,calibration,sector_dropout,20,degrees,42,90,33454,33454,0,2,1,worst_bin,0.4,1,True
nuscenes_mini_subset,scene-0103_018,scene-0103,calibration,sector_dropout,30,degrees,42,90,32635,32635,0,2,1,worst_bin,0.4,1,True
nuscenes_mini_subset,scene-0103_019,scene-0103,test,original,0,none,42,90,34784,34784,0,0,0.6077048291,worst_bin,0.4,0.6077048291,True
nuscenes_mini_subset,scene-0103_019,scene-0103,test,random_dropout,0.1,fraction_removed,42,90,31345,31345,0,0,0.6483993489,worst_bin,0.4,0.6483993489,True
nuscenes_mini_subset,scene-0103_019,scene-0103,test,random_dropout,0.3,fraction_removed,42,90,24300,24300,0,0,0.7303309821,worst_bin,0.4,0.7303309821,True
nuscenes_mini_subset,scene-0103_019,scene-0103,test,random_dropout,0.5,fraction_removed,42,90,17313,17313,0,0,0.8122626153,worst_bin,0.4,0.8122626153,True
nuscenes_mini_subset,scene-0103_019,scene-0103,test,sector_dropout,10,degrees,42,90,34123,34123,0,0,0.6077048291,worst_bin,0.4,0.6077048291,True
nuscenes_mini_subset,scene-0103_019,scene-0103,test,sector_dropout,20,degrees,42,90,33427,33427,0,2,1,worst_bin,0.4,1,True
nuscenes_mini_subset,scene-0103_019,scene-0103,test,sector_dropout,30,degrees,42,90,32594,32594,0,2,1,worst_bin,0.4,1,True
nuscenes_mini_subset,scene-0103_020,scene-0103,calibration,original,0,none,42,90,34752,34752,0,0,0.4498100922,worst_bin,0.4,0.4498100922,True
nuscenes_mini_subset,scene-0103_020,scene-0103,calibration,random_dropout,0.1,fraction_removed,42,90,31318,31318,0,0,0.5024416712,worst_bin,0.4,0.5024416712,True
nuscenes_mini_subset,scene-0103_020,scene-0103,calibration,random_dropout,0.3,fraction_removed,42,90,24280,24280,0,0,0.6169289202,worst_bin,0.4,0.6169289202,True
nuscenes_mini_subset,scene-0103_020,scene-0103,calibration,random_dropout,0.5,fraction_removed,42,90,17300,17300,0,0,0.7308735757,worst_bin,0.4,0.7308735757,True
nuscenes_mini_subset,scene-0103_020,scene-0103,calibration,sector_dropout,10,degrees,42,90,34095,34095,0,0,0.4751879699,worst_bin,0.4,0.4751879699,True
nuscenes_mini_subset,scene-0103_020,scene-0103,calibration,sector_dropout,20,degrees,42,90,33395,33395,0,2,1,worst_bin,0.4,1,True
nuscenes_mini_subset,scene-0103_020,scene-0103,calibration,sector_dropout,30,degrees,42,90,32563,32563,0,2,1,worst_bin,0.4,1,True
nuscenes_mini_subset,scene-0103_021,scene-0103,test,original,0,none,42,90,34752,34752,0,0,0.6733586544,worst_bin,0.4,0.6733586544,True
nuscenes_mini_subset,scene-0103_021,scene-0103,test,random_dropout,0.1,fraction_removed,42,90,31318,31318,0,0,0.7091698318,worst_bin,0.4,0.7091698318,True
nuscenes_mini_subset,scene-0103_021,scene-0103,test,random_dropout,0.3,fraction_removed,42,90,24280,24280,0,0,0.7764514379,worst_bin,0.4,0.7764514379,True
nuscenes_mini_subset,scene-0103_021,scene-0103,test,random_dropout,0.5,fraction_removed,42,90,17300,17300,0,0,0.8415626696,worst_bin,0.4,0.8415626696,True
nuscenes_mini_subset,scene-0103_021,scene-0103,test,sector_dropout,10,degrees,42,90,34105,34105,0,0,0.6733586544,worst_bin,0.4,0.6733586544,True
nuscenes_mini_subset,scene-0103_021,scene-0103,test,sector_dropout,20,degrees,42,90,33414,33414,0,2,1,worst_bin,0.4,1,True
nuscenes_mini_subset,scene-0103_021,scene-0103,test,sector_dropout,30,degrees,42,90,32584,32584,0,2,1,worst_bin,0.4,1,True
nuscenes_mini_subset,scene-0103_022,scene-0103,calibration,original,0,none,42,90,34752,34752,0,0,0.6435160065,worst_bin,0.4,0.6435160065,True
nuscenes_mini_subset,scene-0103_022,scene-0103,calibration,random_dropout,0.1,fraction_removed,42,90,31318,31318,0,0,0.6809549647,worst_bin,0.4,0.6809549647,True
nuscenes_mini_subset,scene-0103_022,scene-0103,calibration,random_dropout,0.3,fraction_removed,42,90,24280,24280,0,0,0.7525773196,worst_bin,0.4,0.7525773196,True
nuscenes_mini_subset,scene-0103_022,scene-0103,calibration,random_dropout,0.5,fraction_removed,42,90,17300,17300,0,0,0.8220293001,worst_bin,0.4,0.8220293001,True
nuscenes_mini_subset,scene-0103_022,scene-0103,calibration,sector_dropout,10,degrees,42,90,34111,34111,0,0,0.6435160065,worst_bin,0.4,0.6435160065,True
nuscenes_mini_subset,scene-0103_022,scene-0103,calibration,sector_dropout,20,degrees,42,90,33441,33441,0,2,1,worst_bin,0.4,1,True
nuscenes_mini_subset,scene-0103_022,scene-0103,calibration,sector_dropout,30,degrees,42,90,32621,32621,0,2,1,worst_bin,0.4,1,True
nuscenes_mini_subset,scene-0103_023,scene-0103,test,original,0,none,42,90,34720,34720,0,0,0.6272637471,worst_bin,0.4,0.6272637471,True
nuscenes_mini_subset,scene-0103_023,scene-0103,test,random_dropout,0.1,fraction_removed,42,90,31288,31288,0,0,0.6631544287,worst_bin,0.4,0.6631544287,True
nuscenes_mini_subset,scene-0103_023,scene-0103,test,random_dropout,0.3,fraction_removed,42,90,24255,24255,0,0,0.7349357919,worst_bin,0.4,0.7349357919,True
nuscenes_mini_subset,scene-0103_023,scene-0103,test,random_dropout,0.5,fraction_removed,42,90,17283,17283,0,0,0.8123147843,worst_bin,0.4,0.8123147843,True
nuscenes_mini_subset,scene-0103_023,scene-0103,test,sector_dropout,10,degrees,42,90,34089,34089,0,0,0.6272637471,worst_bin,0.4,0.6272637471,True
nuscenes_mini_subset,scene-0103_023,scene-0103,test,sector_dropout,20,degrees,42,90,33403,33403,0,2,1,worst_bin,0.4,1,True
nuscenes_mini_subset,scene-0103_023,scene-0103,test,sector_dropout,30,degrees,42,90,32595,32595,0,2,1,worst_bin,0.4,1,True
nuscenes_mini_subset,scene-0103_024,scene-0103,calibration,original,0,none,42,90,34688,34688,0,0,0.576776994,worst_bin,0.4,0.576776994,True
nuscenes_mini_subset,scene-0103_024,scene-0103,calibration,random_dropout,0.1,fraction_removed,42,90,31260,31260,0,0,0.6180141074,worst_bin,0.4,0.6180141074,True
nuscenes_mini_subset,scene-0103_024,scene-0103,calibration,random_dropout,0.3,fraction_removed,42,90,24237,24237,0,0,0.7069994574,worst_bin,0.4,0.7069994574,True
nuscenes_mini_subset,scene-0103_024,scene-0103,calibration,random_dropout,0.5,fraction_removed,42,90,17270,17270,0,0,0.796527401,worst_bin,0.4,0.796527401,True
nuscenes_mini_subset,scene-0103_024,scene-0103,calibration,sector_dropout,10,degrees,42,90,34055,34055,0,0,0.576776994,worst_bin,0.4,0.576776994,True
nuscenes_mini_subset,scene-0103_024,scene-0103,calibration,sector_dropout,20,degrees,42,90,33385,33385,0,2,1,worst_bin,0.4,1,True
nuscenes_mini_subset,scene-0103_024,scene-0103,calibration,sector_dropout,30,degrees,42,90,32584,32584,0,2,1,worst_bin,0.4,1,True
nuscenes_mini_subset,scene-0103_025,scene-0103,test,original,0,none,42,90,34688,34688,0,0,0.7902535397,worst_bin,0.4,0.7902535397,True
nuscenes_mini_subset,scene-0103_025,scene-0103,test,random_dropout,0.1,fraction_removed,42,90,31260,31260,0,0,0.8106684228,worst_bin,0.4,0.8106684228,True
nuscenes_mini_subset,scene-0103_025,scene-0103,test,random_dropout,0.3,fraction_removed,42,90,24237,24237,0,0,0.8505103721,worst_bin,0.4,0.8505103721,True
nuscenes_mini_subset,scene-0103_025,scene-0103,test,random_dropout,0.5,fraction_removed,42,90,17270,17270,0,0,0.8913401383,worst_bin,0.4,0.8913401383,True
nuscenes_mini_subset,scene-0103_025,scene-0103,test,sector_dropout,10,degrees,42,90,34068,34068,0,0,0.7902535397,worst_bin,0.4,0.7902535397,True
nuscenes_mini_subset,scene-0103_025,scene-0103,test,sector_dropout,20,degrees,42,90,33409,33409,0,2,1,worst_bin,0.4,1,True
nuscenes_mini_subset,scene-0103_025,scene-0103,test,sector_dropout,30,degrees,42,90,32630,32630,0,2,1,worst_bin,0.4,1,True
nuscenes_mini_subset,scene-0103_026,scene-0103,calibration,original,0,none,42,90,34688,34688,0,0,0.773460652,worst_bin,0.4,0.773460652,True
nuscenes_mini_subset,scene-0103_026,scene-0103,calibration,random_dropout,0.1,fraction_removed,42,90,31260,31260,0,0,0.7945340797,worst_bin,0.4,0.7945340797,True
nuscenes_mini_subset,scene-0103_026,scene-0103,calibration,random_dropout,0.3,fraction_removed,42,90,24237,24237,0,0,0.8406322028,worst_bin,0.4,0.8406322028,True
nuscenes_mini_subset,scene-0103_026,scene-0103,calibration,random_dropout,0.5,fraction_removed,42,90,17270,17270,0,0,0.8877181429,worst_bin,0.4,0.8877181429,True
nuscenes_mini_subset,scene-0103_026,scene-0103,calibration,sector_dropout,10,degrees,42,90,34086,34086,0,0,0.773460652,worst_bin,0.4,0.773460652,True
nuscenes_mini_subset,scene-0103_026,scene-0103,calibration,sector_dropout,20,degrees,42,90,33423,33423,0,2,1,worst_bin,0.4,1,True
nuscenes_mini_subset,scene-0103_026,scene-0103,calibration,sector_dropout,30,degrees,42,90,32672,32672,0,2,1,worst_bin,0.4,1,True
nuscenes_mini_subset,scene-0103_027,scene-0103,test,original,0,none,42,90,34752,34752,0,0,0.6521975041,worst_bin,0.4,0.6521975041,True
nuscenes_mini_subset,scene-0103_027,scene-0103,test,random_dropout,0.1,fraction_removed,42,90,31318,31318,0,0,0.6874660879,worst_bin,0.4,0.6874660879,True
nuscenes_mini_subset,scene-0103_027,scene-0103,test,random_dropout,0.3,fraction_removed,42,90,24280,24280,0,0,0.7569180684,worst_bin,0.4,0.7569180684,True
nuscenes_mini_subset,scene-0103_027,scene-0103,test,random_dropout,0.5,fraction_removed,42,90,17300,17300,0,0,0.8263700488,worst_bin,0.4,0.8263700488,True
nuscenes_mini_subset,scene-0103_027,scene-0103,test,sector_dropout,10,degrees,42,90,34167,34167,0,0,0.6521975041,worst_bin,0.4,0.6521975041,True
nuscenes_mini_subset,scene-0103_027,scene-0103,test,sector_dropout,20,degrees,42,90,33521,33521,0,2,1,worst_bin,0.4,1,True
nuscenes_mini_subset,scene-0103_027,scene-0103,test,sector_dropout,30,degrees,42,90,32768,32768,0,2,1,worst_bin,0.4,1,True
nuscenes_mini_subset,scene-0103_028,scene-0103,calibration,original,0,none,42,90,34720,34720,0,0,0.7843266381,worst_bin,0.4,0.7843266381,True
nuscenes_mini_subset,scene-0103_028,scene-0103,calibration,random_dropout,0.1,fraction_removed,42,90,31288,31288,0,0,0.8050707935,worst_bin,0.4,0.8050707935,True
nuscenes_mini_subset,scene-0103_028,scene-0103,calibration,random_dropout,0.3,fraction_removed,42,90,24255,24255,0,0,0.8482054659,worst_bin,0.4,0.8482054659,True
nuscenes_mini_subset,scene-0103_028,scene-0103,calibration,random_dropout,0.5,fraction_removed,42,90,17283,17283,0,0,0.8890352321,worst_bin,0.4,0.8890352321,True
nuscenes_mini_subset,scene-0103_028,scene-0103,calibration,sector_dropout,10,degrees,42,90,34151,34151,0,0,0.7843266381,worst_bin,0.4,0.7843266381,True
nuscenes_mini_subset,scene-0103_028,scene-0103,calibration,sector_dropout,20,degrees,42,90,33510,33510,0,2,1,worst_bin,0.4,1,True
nuscenes_mini_subset,scene-0103_028,scene-0103,calibration,sector_dropout,30,degrees,42,90,32755,32755,0,2,1,worst_bin,0.4,1,True
nuscenes_mini_subset,scene-0103_029,scene-0103,test,original,0,none,42,90,34720,34720,0,0,0.4134563212,worst_bin,0.4,0.4134563212,True
nuscenes_mini_subset,scene-0103_029,scene-0103,test,random_dropout,0.1,fraction_removed,42,90,31288,31288,0,0,0.4742268041,worst_bin,0.4,0.4742268041,True
nuscenes_mini_subset,scene-0103_029,scene-0103,test,random_dropout,0.3,fraction_removed,42,90,24255,24255,0,0,0.5957677699,worst_bin,0.4,0.5957677699,True
nuscenes_mini_subset,scene-0103_029,scene-0103,test,random_dropout,0.5,fraction_removed,42,90,17283,17283,0,0,0.7145957678,worst_bin,0.4,0.7145957678,True
nuscenes_mini_subset,scene-0103_029,scene-0103,test,sector_dropout,10,degrees,42,90,34160,34160,0,0,0.5428571429,worst_bin,0.4,0.5428571429,True
nuscenes_mini_subset,scene-0103_029,scene-0103,test,sector_dropout,20,degrees,42,90,33514,33514,0,2,1,worst_bin,0.4,1,True
nuscenes_mini_subset,scene-0103_029,scene-0103,test,sector_dropout,30,degrees,42,90,32798,32798,0,2,1,worst_bin,0.4,1,True
nuscenes_mini_subset,scene-0103_030,scene-0103,calibration,original,0,none,42,90,34688,34688,0,0,0.8106684228,worst_bin,0.4,0.8106684228,True
nuscenes_mini_subset,scene-0103_030,scene-0103,calibration,random_dropout,0.1,fraction_removed,42,90,31260,31260,0,0,0.8297662167,worst_bin,0.4,0.8297662167,True
nuscenes_mini_subset,scene-0103_030,scene-0103,calibration,random_dropout,0.3,fraction_removed,42,90,24237,24237,0,0,0.8663154429,worst_bin,0.4,0.8663154429,True
nuscenes_mini_subset,scene-0103_030,scene-0103,calibration,random_dropout,0.5,fraction_removed,42,90,17270,17270,0,0,0.9031939414,worst_bin,0.4,0.9031939414,True
nuscenes_mini_subset,scene-0103_030,scene-0103,calibration,sector_dropout,10,degrees,42,90,34127,34127,0,0,0.8106684228,worst_bin,0.4,0.8106684228,True
nuscenes_mini_subset,scene-0103_030,scene-0103,calibration,sector_dropout,20,degrees,42,90,33482,33482,0,2,1,worst_bin,0.4,1,True
nuscenes_mini_subset,scene-0103_030,scene-0103,calibration,sector_dropout,30,degrees,42,90,32731,32731,0,2,1,worst_bin,0.4,1,True
nuscenes_mini_subset,scene-0103_031,scene-0103,test,original,0,none,42,90,34688,34688,0,0,0.8103391505,worst_bin,0.4,0.8103391505,True
nuscenes_mini_subset,scene-0103_031,scene-0103,test,random_dropout,0.1,fraction_removed,42,90,31260,31260,0,0,0.8287783997,worst_bin,0.4,0.8287783997,True
nuscenes_mini_subset,scene-0103_031,scene-0103,test,random_dropout,0.3,fraction_removed,42,90,24237,24237,0,0,0.8653276259,worst_bin,0.4,0.8653276259,True
nuscenes_mini_subset,scene-0103_031,scene-0103,test,random_dropout,0.5,fraction_removed,42,90,17270,17270,0,0,0.9028646691,worst_bin,0.4,0.9028646691,True
nuscenes_mini_subset,scene-0103_031,scene-0103,test,sector_dropout,10,degrees,42,90,34138,34138,0,0,0.8103391505,worst_bin,0.4,0.8103391505,True
nuscenes_mini_subset,scene-0103_031,scene-0103,test,sector_dropout,20,degrees,42,90,33506,33506,0,2,1,worst_bin,0.4,1,True
nuscenes_mini_subset,scene-0103_031,scene-0103,test,sector_dropout,30,degrees,42,90,32761,32761,0,2,1,worst_bin,0.4,1,True
nuscenes_mini_subset,scene-0103_032,scene-0103,calibration,original,0,none,42,90,34752,34752,0,0,0.8109976951,worst_bin,0.4,0.8109976951,True
nuscenes_mini_subset,scene-0103_032,scene-0103,calibration,random_dropout,0.1,fraction_removed,42,90,31318,31318,0,0,0.8297662167,worst_bin,0.4,0.8297662167,True
nuscenes_mini_subset,scene-0103_032,scene-0103,calibration,random_dropout,0.3,fraction_removed,42,90,24280,24280,0,0,0.8676325321,worst_bin,0.4,0.8676325321,True
nuscenes_mini_subset,scene-0103_032,scene-0103,calibration,random_dropout,0.5,fraction_removed,42,90,17300,17300,0,0,0.9048403029,worst_bin,0.4,0.9048403029,True
nuscenes_mini_subset,scene-0103_032,scene-0103,calibration,sector_dropout,10,degrees,42,90,34206,34206,0,0,0.8109976951,worst_bin,0.4,0.8109976951,True
nuscenes_mini_subset,scene-0103_032,scene-0103,calibration,sector_dropout,20,degrees,42,90,33570,33570,0,2,1,worst_bin,0.4,1,True
nuscenes_mini_subset,scene-0103_032,scene-0103,calibration,sector_dropout,30,degrees,42,90,32828,32828,0,2,1,worst_bin,0.4,1,True
nuscenes_mini_subset,scene-0103_033,scene-0103,test,original,0,none,42,90,34784,34784,0,0,0.8152782351,worst_bin,0.4,0.8152782351,True
nuscenes_mini_subset,scene-0103_033,scene-0103,test,random_dropout,0.1,fraction_removed,42,90,31345,31345,0,0,0.8353638459,worst_bin,0.4,0.8353638459,True
nuscenes_mini_subset,scene-0103_033,scene-0103,test,random_dropout,0.3,fraction_removed,42,90,24300,24300,0,0,0.8742179783,worst_bin,0.4,0.8742179783,True
nuscenes_mini_subset,scene-0103_033,scene-0103,test,random_dropout,0.5,fraction_removed,42,90,17313,17313,0,0,0.9107672045,worst_bin,0.4,0.9107672045,True
nuscenes_mini_subset,scene-0103_033,scene-0103,test,sector_dropout,10,degrees,42,90,34224,34224,0,0,0.8152782351,worst_bin,0.4,0.8152782351,True
nuscenes_mini_subset,scene-0103_033,scene-0103,test,sector_dropout,20,degrees,42,90,33602,33602,0,2,1,worst_bin,0.4,1,True
nuscenes_mini_subset,scene-0103_033,scene-0103,test,sector_dropout,30,degrees,42,90,32854,32854,0,2,1,worst_bin,0.4,1,True
nuscenes_mini_subset,scene-0103_034,scene-0103,calibration,original,0,none,42,90,34688,34688,0,0,0.2034902865,worst_bin,0.4,0.2034902865,False
nuscenes_mini_subset,scene-0103_034,scene-0103,calibration,random_dropout,0.1,fraction_removed,42,90,31260,31260,0,0,0.2835034574,worst_bin,0.4,0.2835034574,False
nuscenes_mini_subset,scene-0103_034,scene-0103,calibration,random_dropout,0.3,fraction_removed,42,90,24237,24237,0,0,0.4445176161,worst_bin,0.4,0.4445176161,True
nuscenes_mini_subset,scene-0103_034,scene-0103,calibration,random_dropout,0.5,fraction_removed,42,90,17270,17270,0,0,0.6195488722,worst_bin,0.4,0.6195488722,True
nuscenes_mini_subset,scene-0103_034,scene-0103,calibration,sector_dropout,10,degrees,42,90,34149,34149,0,0,0.5714285714,worst_bin,0.4,0.5714285714,True
nuscenes_mini_subset,scene-0103_034,scene-0103,calibration,sector_dropout,20,degrees,42,90,33512,33512,0,2,1,worst_bin,0.4,1,True
nuscenes_mini_subset,scene-0103_034,scene-0103,calibration,sector_dropout,30,degrees,42,90,32762,32762,0,2,1,worst_bin,0.4,1,True
nuscenes_mini_subset,scene-0103_035,scene-0103,test,original,0,none,42,90,34720,34720,0,0,0.8189002305,worst_bin,0.4,0.8189002305,True
nuscenes_mini_subset,scene-0103_035,scene-0103,test,random_dropout,0.1,fraction_removed,42,90,31288,31288,0,0,0.8363516628,worst_bin,0.4,0.8363516628,True
nuscenes_mini_subset,scene-0103_035,scene-0103,test,random_dropout,0.3,fraction_removed,42,90,24255,24255,0,0,0.8709252552,worst_bin,0.4,0.8709252552,True
nuscenes_mini_subset,scene-0103_035,scene-0103,test,random_dropout,0.5,fraction_removed,42,90,17283,17283,0,0,0.9061573922,worst_bin,0.4,0.9061573922,True
nuscenes_mini_subset,scene-0103_035,scene-0103,test,sector_dropout,10,degrees,42,90,34161,34161,0,0,0.8189002305,worst_bin,0.4,0.8189002305,True
nuscenes_mini_subset,scene-0103_035,scene-0103,test,sector_dropout,20,degrees,42,90,33562,33562,0,2,1,worst_bin,0.4,1,True
nuscenes_mini_subset,scene-0103_035,scene-0103,test,sector_dropout,30,degrees,42,90,32824,32824,0,2,1,worst_bin,0.4,1,True
nuscenes_mini_subset,scene-0103_036,scene-0103,calibration,original,0,none,42,90,34752,34752,0,0,0.8096806059,worst_bin,0.4,0.8096806059,True
nuscenes_mini_subset,scene-0103_036,scene-0103,calibration,random_dropout,0.1,fraction_removed,42,90,31318,31318,0,0,0.8297662167,worst_bin,0.4,0.8297662167,True
nuscenes_mini_subset,scene-0103_036,scene-0103,calibration,random_dropout,0.3,fraction_removed,42,90,24280,24280,0,0,0.869608166,worst_bin,0.4,0.869608166,True
nuscenes_mini_subset,scene-0103_036,scene-0103,calibration,random_dropout,0.5,fraction_removed,42,90,17300,17300,0,0,0.9061573922,worst_bin,0.4,0.9061573922,True
nuscenes_mini_subset,scene-0103_036,scene-0103,calibration,sector_dropout,10,degrees,42,90,34202,34202,0,0,0.8096806059,worst_bin,0.4,0.8096806059,True
nuscenes_mini_subset,scene-0103_036,scene-0103,calibration,sector_dropout,20,degrees,42,90,33570,33570,0,2,1,worst_bin,0.4,1,True
nuscenes_mini_subset,scene-0103_036,scene-0103,calibration,sector_dropout,30,degrees,42,90,32829,32829,0,2,1,worst_bin,0.4,1,True
nuscenes_mini_subset,scene-0103_037,scene-0103,test,original,0,none,42,90,34720,34720,0,0,0.811985512,worst_bin,0.4,0.811985512,True
nuscenes_mini_subset,scene-0103_037,scene-0103,test,random_dropout,0.1,fraction_removed,42,90,31288,31288,0,0,0.8310833059,worst_bin,0.4,0.8310833059,True
nuscenes_mini_subset,scene-0103_037,scene-0103,test,random_dropout,0.3,fraction_removed,42,90,24255,24255,0,0,0.8679618044,worst_bin,0.4,0.8679618044,True
nuscenes_mini_subset,scene-0103_037,scene-0103,test,random_dropout,0.5,fraction_removed,42,90,17283,17283,0,0,0.9045110306,worst_bin,0.4,0.9045110306,True
nuscenes_mini_subset,scene-0103_037,scene-0103,test,sector_dropout,10,degrees,42,90,34170,34170,0,0,0.811985512,worst_bin,0.4,0.811985512,True
nuscenes_mini_subset,scene-0103_037,scene-0103,test,sector_dropout,20,degrees,42,90,33573,33573,0,2,1,worst_bin,0.4,1,True
nuscenes_mini_subset,scene-0103_037,scene-0103,test,sector_dropout,30,degrees,42,90,32829,32829,0,2,1,worst_bin,0.4,1,True
nuscenes_mini_subset,scene-0103_038,scene-0103,calibration,original,0,none,42,90,34752,34752,0,0,0.6424308193,worst_bin,0.4,0.6424308193,True
nuscenes_mini_subset,scene-0103_038,scene-0103,calibration,random_dropout,0.1,fraction_removed,42,90,31318,31318,0,0,0.6825827455,worst_bin,0.4,0.6825827455,True
nuscenes_mini_subset,scene-0103_038,scene-0103,calibration,random_dropout,0.3,fraction_removed,42,90,24280,24280,0,0,0.7542051004,worst_bin,0.4,0.7542051004,True
nuscenes_mini_subset,scene-0103_038,scene-0103,calibration,random_dropout,0.5,fraction_removed,42,90,17300,17300,0,0,0.8285404232,worst_bin,0.4,0.8285404232,True
nuscenes_mini_subset,scene-0103_038,scene-0103,calibration,sector_dropout,10,degrees,42,90,34195,34195,0,0,0.6424308193,worst_bin,0.4,0.6424308193,True
nuscenes_mini_subset,scene-0103_038,scene-0103,calibration,sector_dropout,20,degrees,42,90,33560,33560,0,2,1,worst_bin,0.4,1,True
nuscenes_mini_subset,scene-0103_038,scene-0103,calibration,sector_dropout,30,degrees,42,90,32820,32820,0,2,1,worst_bin,0.4,1,True
nuscenes_mini_subset,scene-0103_039,scene-0103,test,original,0,none,42,90,34720,34720,0,0,0.8179124136,worst_bin,0.4,0.8179124136,True
nuscenes_mini_subset,scene-0103_039,scene-0103,test,random_dropout,0.1,fraction_removed,42,90,31288,31288,0,0,0.8366809351,worst_bin,0.4,0.8366809351,True
nuscenes_mini_subset,scene-0103_039,scene-0103,test,random_dropout,0.3,fraction_removed,42,90,24255,24255,0,0,0.8722423444,worst_bin,0.4,0.8722423444,True
nuscenes_mini_subset,scene-0103_039,scene-0103,test,random_dropout,0.5,fraction_removed,42,90,17283,17283,0,0,0.908133026,worst_bin,0.4,0.908133026,True
nuscenes_mini_subset,scene-0103_039,scene-0103,test,sector_dropout,10,degrees,42,90,34189,34189,0,0,0.8179124136,worst_bin,0.4,0.8179124136,True
nuscenes_mini_subset,scene-0103_039,scene-0103,test,sector_dropout,20,degrees,42,90,33586,33586,0,2,1,worst_bin,0.4,1,True
nuscenes_mini_subset,scene-0103_039,scene-0103,test,sector_dropout,30,degrees,42,90,32845,32845,0,2,1,worst_bin,0.4,1,True
nuscenes_mini_subset,scene-1094_000,scene-1094,calibration,original,0,none,42,90,34400,34400,0,0,0.5802997859,worst_bin,0.4,0.5802997859,True
nuscenes_mini_subset,scene-1094_000,scene-1094,calibration,random_dropout,0.1,fraction_removed,42,90,31003,31003,0,0,0.6209850107,worst_bin,0.4,0.6209850107,True
nuscenes_mini_subset,scene-1094_000,scene-1094,calibration,random_dropout,0.3,fraction_removed,42,90,24033,24033,0,0,0.7194860814,worst_bin,0.4,0.7194860814,True
nuscenes_mini_subset,scene-1094_000,scene-1094,calibration,random_dropout,0.5,fraction_removed,42,90,17119,17119,0,0,0.8094218415,worst_bin,0.4,0.8094218415,True
nuscenes_mini_subset,scene-1094_000,scene-1094,calibration,sector_dropout,10,degrees,42,90,33517,33517,0,0,0.5802997859,worst_bin,0.4,0.5802997859,True
nuscenes_mini_subset,scene-1094_000,scene-1094,calibration,sector_dropout,20,degrees,42,90,32616,32616,0,2,1,worst_bin,0.4,1,True
nuscenes_mini_subset,scene-1094_000,scene-1094,calibration,sector_dropout,30,degrees,42,90,31737,31737,0,2,1,worst_bin,0.4,1,True
nuscenes_mini_subset,scene-1094_001,scene-1094,test,original,0,none,42,90,34688,34688,0,0,0.5728051392,worst_bin,0.4,0.5728051392,True
nuscenes_mini_subset,scene-1094_001,scene-1094,test,random_dropout,0.1,fraction_removed,42,90,31260,31260,0,0,0.6102783726,worst_bin,0.4,0.6102783726,True
nuscenes_mini_subset,scene-1094_001,scene-1094,test,random_dropout,0.3,fraction_removed,42,90,24237,24237,0,0,0.7012847966,worst_bin,0.4,0.7012847966,True
nuscenes_mini_subset,scene-1094_001,scene-1094,test,random_dropout,0.5,fraction_removed,42,90,17270,17270,0,0,0.7890792291,worst_bin,0.4,0.7890792291,True
nuscenes_mini_subset,scene-1094_001,scene-1094,test,sector_dropout,10,degrees,42,90,33800,33800,0,0,0.5728051392,worst_bin,0.4,0.5728051392,True
nuscenes_mini_subset,scene-1094_001,scene-1094,test,sector_dropout,20,degrees,42,90,32888,32888,0,2,1,worst_bin,0.4,1,True
nuscenes_mini_subset,scene-1094_001,scene-1094,test,sector_dropout,30,degrees,42,90,32011,32011,0,2,1,worst_bin,0.4,1,True
nuscenes_mini_subset,scene-1094_002,scene-1094,calibration,original,0,none,42,90,34720,34720,0,0,0.579489962,worst_bin,0.4,0.579489962,True
nuscenes_mini_subset,scene-1094_002,scene-1094,calibration,random_dropout,0.1,fraction_removed,42,90,31288,31288,0,0,0.6223548562,worst_bin,0.4,0.6223548562,True
nuscenes_mini_subset,scene-1094_002,scene-1094,calibration,random_dropout,0.3,fraction_removed,42,90,24255,24255,0,0,0.710255019,worst_bin,0.4,0.710255019,True
nuscenes_mini_subset,scene-1094_002,scene-1094,calibration,random_dropout,0.5,fraction_removed,42,90,17283,17283,0,0,0.7894736842,worst_bin,0.4,0.7894736842,True
nuscenes_mini_subset,scene-1094_002,scene-1094,calibration,sector_dropout,10,degrees,42,90,33827,33827,0,0,0.579489962,worst_bin,0.4,0.579489962,True
nuscenes_mini_subset,scene-1094_002,scene-1094,calibration,sector_dropout,20,degrees,42,90,32927,32927,0,2,1,worst_bin,0.4,1,True
nuscenes_mini_subset,scene-1094_002,scene-1094,calibration,sector_dropout,30,degrees,42,90,32040,32040,0,2,1,worst_bin,0.4,1,True
nuscenes_mini_subset,scene-1094_003,scene-1094,test,original,0,none,42,90,34688,34688,0,0,0.5979381443,worst_bin,0.4,0.5979381443,True
nuscenes_mini_subset,scene-1094_003,scene-1094,test,random_dropout,0.1,fraction_removed,42,90,31260,31260,0,0,0.6424308193,worst_bin,0.4,0.6424308193,True
nuscenes_mini_subset,scene-1094_003,scene-1094,test,random_dropout,0.3,fraction_removed,42,90,24237,24237,0,0,0.7249050461,worst_bin,0.4,0.7249050461,True
nuscenes_mini_subset,scene-1094_003,scene-1094,test,random_dropout,0.5,fraction_removed,42,90,17270,17270,0,0,0.8041237113,worst_bin,0.4,0.8041237113,True
nuscenes_mini_subset,scene-1094_003,scene-1094,test,sector_dropout,10,degrees,42,90,33781,33781,0,0,0.5979381443,worst_bin,0.4,0.5979381443,True
nuscenes_mini_subset,scene-1094_003,scene-1094,test,sector_dropout,20,degrees,42,90,32881,32881,0,2,1,worst_bin,0.4,1,True
nuscenes_mini_subset,scene-1094_003,scene-1094,test,sector_dropout,30,degrees,42,90,31999,31999,0,2,1,worst_bin,0.4,1,True
nuscenes_mini_subset,scene-1094_004,scene-1094,calibration,original,0,none,42,90,34720,34720,0,0,0.6087900163,worst_bin,0.4,0.6087900163,True
nuscenes_mini_subset,scene-1094_004,scene-1094,calibration,random_dropout,0.1,fraction_removed,42,90,31288,31288,0,0,0.6478567553,worst_bin,0.4,0.6478567553,True
nuscenes_mini_subset,scene-1094_004,scene-1094,calibration,random_dropout,0.3,fraction_removed,42,90,24255,24255,0,0,0.7308735757,worst_bin,0.4,0.7308735757,True
nuscenes_mini_subset,scene-1094_004,scene-1094,calibration,random_dropout,0.5,fraction_removed,42,90,17283,17283,0,0,0.8090070537,worst_bin,0.4,0.8090070537,True
nuscenes_mini_subset,scene-1094_004,scene-1094,calibration,sector_dropout,10,degrees,42,90,33834,33834,0,0,0.6087900163,worst_bin,0.4,0.6087900163,True
nuscenes_mini_subset,scene-1094_004,scene-1094,calibration,sector_dropout,20,degrees,42,90,32932,32932,0,2,1,worst_bin,0.4,1,True
nuscenes_mini_subset,scene-1094_004,scene-1094,calibration,sector_dropout,30,degrees,42,90,32053,32053,0,2,1,worst_bin,0.4,1,True
nuscenes_mini_subset,scene-1094_005,scene-1094,test,original,0,none,42,90,34752,34752,0,0,0.6277807922,worst_bin,0.4,0.6277807922,True
nuscenes_mini_subset,scene-1094_005,scene-1094,test,random_dropout,0.1,fraction_removed,42,90,31318,31318,0,0,0.6668475312,worst_bin,0.4,0.6668475312,True
nuscenes_mini_subset,scene-1094_005,scene-1094,test,random_dropout,0.3,fraction_removed,42,90,24280,24280,0,0,0.7406402604,worst_bin,0.4,0.7406402604,True
nuscenes_mini_subset,scene-1094_005,scene-1094,test,random_dropout,0.5,fraction_removed,42,90,17300,17300,0,0,0.8133478025,worst_bin,0.4,0.8133478025,True
nuscenes_mini_subset,scene-1094_005,scene-1094,test,sector_dropout,10,degrees,42,90,33885,33885,0,0,0.6277807922,worst_bin,0.4,0.6277807922,True
nuscenes_mini_subset,scene-1094_005,scene-1094,test,sector_dropout,20,degrees,42,90,32989,32989,0,2,1,worst_bin,0.4,1,True
nuscenes_mini_subset,scene-1094_005,scene-1094,test,sector_dropout,30,degrees,42,90,32119,32119,0,2,1,worst_bin,0.4,1,True
nuscenes_mini_subset,scene-1094_006,scene-1094,calibration,original,0,none,42,90,34688,34688,0,0,0.6065195917,worst_bin,0.4,0.6065195917,True
nuscenes_mini_subset,scene-1094_006,scene-1094,calibration,random_dropout,0.1,fraction_removed,42,90,31260,31260,0,0,0.6473493579,worst_bin,0.4,0.6473493579,True
nuscenes_mini_subset,scene-1094_006,scene-1094,calibration,random_dropout,0.3,fraction_removed,42,90,24237,24237,0,0,0.7299967073,worst_bin,0.4,0.7299967073,True
nuscenes_mini_subset,scene-1094_006,scene-1094,calibration,random_dropout,0.5,fraction_removed,42,90,17270,17270,0,0,0.8027658874,worst_bin,0.4,0.8027658874,True
nuscenes_mini_subset,scene-1094_006,scene-1094,calibration,sector_dropout,10,degrees,42,90,33800,33800,0,0,0.6065195917,worst_bin,0.4,0.6065195917,True
nuscenes_mini_subset,scene-1094_006,scene-1094,calibration,sector_dropout,20,degrees,42,90,32901,32901,0,2,1,worst_bin,0.4,1,True
nuscenes_mini_subset,scene-1094_006,scene-1094,calibration,sector_dropout,30,degrees,42,90,32055,32055,0,2,1,worst_bin,0.4,1,True
nuscenes_mini_subset,scene-1094_007,scene-1094,test,original,0,none,42,90,34720,34720,0,0,0.6549104721,worst_bin,0.4,0.6549104721,True
nuscenes_mini_subset,scene-1094_007,scene-1094,test,random_dropout,0.1,fraction_removed,42,90,31288,31288,0,0,0.6912642431,worst_bin,0.4,0.6912642431,True
nuscenes_mini_subset,scene-1094_007,scene-1094,test,random_dropout,0.3,fraction_removed,42,90,24255,24255,0,0,0.7655995659,worst_bin,0.4,0.7655995659,True
nuscenes_mini_subset,scene-1094_007,scene-1094,test,random_dropout,0.5,fraction_removed,42,90,17283,17283,0,0,0.8339663592,worst_bin,0.4,0.8339663592,True
nuscenes_mini_subset,scene-1094_007,scene-1094,test,sector_dropout,10,degrees,42,90,33837,33837,0,0,0.6549104721,worst_bin,0.4,0.6549104721,True
nuscenes_mini_subset,scene-1094_007,scene-1094,test,sector_dropout,20,degrees,42,90,32944,32944,0,2,1,worst_bin,0.4,1,True
nuscenes_mini_subset,scene-1094_007,scene-1094,test,sector_dropout,30,degrees,42,90,32071,32071,0,2,1,worst_bin,0.4,1,True
nuscenes_mini_subset,scene-1094_008,scene-1094,calibration,original,0,none,42,90,34752,34752,0,0,0.634834509,worst_bin,0.4,0.634834509,True
nuscenes_mini_subset,scene-1094_008,scene-1094,calibration,random_dropout,0.1,fraction_removed,42,90,31318,31318,0,0,0.6755290288,worst_bin,0.4,0.6755290288,True
nuscenes_mini_subset,scene-1094_008,scene-1094,calibration,random_dropout,0.3,fraction_removed,42,90,24280,24280,0,0,0.7471513836,worst_bin,0.4,0.7471513836,True
nuscenes_mini_subset,scene-1094_008,scene-1094,calibration,random_dropout,0.5,fraction_removed,42,90,17300,17300,0,0,0.8209441129,worst_bin,0.4,0.8209441129,True
nuscenes_mini_subset,scene-1094_008,scene-1094,calibration,sector_dropout,10,degrees,42,90,33863,33863,0,0,0.634834509,worst_bin,0.4,0.634834509,True
nuscenes_mini_subset,scene-1094_008,scene-1094,calibration,sector_dropout,20,degrees,42,90,32975,32975,0,2,1,worst_bin,0.4,1,True
nuscenes_mini_subset,scene-1094_008,scene-1094,calibration,sector_dropout,30,degrees,42,90,32115,32115,0,2,1,worst_bin,0.4,1,True
nuscenes_mini_subset,scene-1094_009,scene-1094,test,original,0,none,42,90,34720,34720,0,0,0.7593019427,worst_bin,0.4,0.7593019427,True
nuscenes_mini_subset,scene-1094_009,scene-1094,test,random_dropout,0.1,fraction_removed,42,90,31288,31288,0,0,0.7826802766,worst_bin,0.4,0.7826802766,True
nuscenes_mini_subset,scene-1094_009,scene-1094,test,random_dropout,0.3,fraction_removed,42,90,24255,24255,0,0,0.8307540336,worst_bin,0.4,0.8307540336,True
nuscenes_mini_subset,scene-1094_009,scene-1094,test,random_dropout,0.5,fraction_removed,42,90,17283,17283,0,0,0.873888706,worst_bin,0.4,0.873888706,True
nuscenes_mini_subset,scene-1094_009,scene-1094,test,sector_dropout,10,degrees,42,90,33837,33837,0,0,0.7593019427,worst_bin,0.4,0.7593019427,True
nuscenes_mini_subset,scene-1094_009,scene-1094,test,sector_dropout,20,degrees,42,90,32958,32958,0,2,1,worst_bin,0.4,1,True
nuscenes_mini_subset,scene-1094_009,scene-1094,test,sector_dropout,30,degrees,42,90,32071,32071,0,2,1,worst_bin,0.4,1,True
nuscenes_mini_subset,scene-1094_010,scene-1094,calibration,original,0,none,42,90,34688,34688,0,0,0.7780704643,worst_bin,0.4,0.7780704643,True
nuscenes_mini_subset,scene-1094_010,scene-1094,calibration,random_dropout,0.1,fraction_removed,42,90,31260,31260,0,0,0.7981560751,worst_bin,0.4,0.7981560751,True
nuscenes_mini_subset,scene-1094_010,scene-1094,calibration,random_dropout,0.3,fraction_removed,42,90,24237,24237,0,0,0.8419492921,worst_bin,0.4,0.8419492921,True
nuscenes_mini_subset,scene-1094_010,scene-1094,calibration,random_dropout,0.5,fraction_removed,42,90,17270,17270,0,0,0.8847546921,worst_bin,0.4,0.8847546921,True
nuscenes_mini_subset,scene-1094_010,scene-1094,calibration,sector_dropout,10,degrees,42,90,33837,33837,0,0,0.7780704643,worst_bin,0.4,0.7780704643,True
nuscenes_mini_subset,scene-1094_010,scene-1094,calibration,sector_dropout,20,degrees,42,90,32942,32942,0,2,1,worst_bin,0.4,1,True
nuscenes_mini_subset,scene-1094_010,scene-1094,calibration,sector_dropout,30,degrees,42,90,32064,32064,0,2,1,worst_bin,0.4,1,True
nuscenes_mini_subset,scene-1094_011,scene-1094,test,original,0,none,42,90,34688,34688,0,0,0.8024366151,worst_bin,0.4,0.8024366151,True
nuscenes_mini_subset,scene-1094_011,scene-1094,test,random_dropout,0.1,fraction_removed,42,90,31260,31260,0,0,0.8212051366,worst_bin,0.4,0.8212051366,True
nuscenes_mini_subset,scene-1094_011,scene-1094,test,random_dropout,0.3,fraction_removed,42,90,24237,24237,0,0,0.860059269,worst_bin,0.4,0.860059269,True
nuscenes_mini_subset,scene-1094_011,scene-1094,test,random_dropout,0.5,fraction_removed,42,90,17270,17270,0,0,0.8992426737,worst_bin,0.4,0.8992426737,True
nuscenes_mini_subset,scene-1094_011,scene-1094,test,sector_dropout,10,degrees,42,90,33810,33810,0,0,0.8024366151,worst_bin,0.4,0.8024366151,True
nuscenes_mini_subset,scene-1094_011,scene-1094,test,sector_dropout,20,degrees,42,90,32933,32933,0,2,1,worst_bin,0.4,1,True
nuscenes_mini_subset,scene-1094_011,scene-1094,test,sector_dropout,30,degrees,42,90,32075,32075,0,2,1,worst_bin,0.4,1,True
nuscenes_mini_subset,scene-1094_012,scene-1094,calibration,original,0,none,42,90,34752,34752,0,0,0.7830095489,worst_bin,0.4,0.7830095489,True
nuscenes_mini_subset,scene-1094_012,scene-1094,calibration,random_dropout,0.1,fraction_removed,42,90,31318,31318,0,0,0.8040829766,worst_bin,0.4,0.8040829766,True
nuscenes_mini_subset,scene-1094_012,scene-1094,calibration,random_dropout,0.3,fraction_removed,42,90,24280,24280,0,0,0.8495225552,worst_bin,0.4,0.8495225552,True
nuscenes_mini_subset,scene-1094_012,scene-1094,calibration,random_dropout,0.5,fraction_removed,42,90,17300,17300,0,0,0.8890352321,worst_bin,0.4,0.8890352321,True
nuscenes_mini_subset,scene-1094_012,scene-1094,calibration,sector_dropout,10,degrees,42,90,33898,33898,0,0,0.7830095489,worst_bin,0.4,0.7830095489,True
nuscenes_mini_subset,scene-1094_012,scene-1094,calibration,sector_dropout,20,degrees,42,90,33019,33019,0,2,1,worst_bin,0.4,1,True
nuscenes_mini_subset,scene-1094_012,scene-1094,calibration,sector_dropout,30,degrees,42,90,32147,32147,0,2,1,worst_bin,0.4,1,True
nuscenes_mini_subset,scene-1094_013,scene-1094,test,original,0,none,42,90,34752,34752,0,0,0.7451432335,worst_bin,0.4,0.7451432335,True
nuscenes_mini_subset,scene-1094_013,scene-1094,test,random_dropout,0.1,fraction_removed,42,90,31318,31318,0,0,0.7685215673,worst_bin,0.4,0.7685215673,True
nuscenes_mini_subset,scene-1094_013,scene-1094,test,random_dropout,0.3,fraction_removed,42,90,24280,24280,0,0,0.8208758643,worst_bin,0.4,0.8208758643,True
nuscenes_mini_subset,scene-1094_013,scene-1094,test,random_dropout,0.5,fraction_removed,42,90,17300,17300,0,0,0.8699374383,worst_bin,0.4,0.8699374383,True
nuscenes_mini_subset,scene-1094_013,scene-1094,test,sector_dropout,10,degrees,42,90,33875,33875,0,0,0.7451432335,worst_bin,0.4,0.7451432335,True
nuscenes_mini_subset,scene-1094_013,scene-1094,test,sector_dropout,20,degrees,42,90,33042,33042,0,2,1,worst_bin,0.4,1,True
nuscenes_mini_subset,scene-1094_013,scene-1094,test,sector_dropout,30,degrees,42,90,32252,32252,0,2,1,worst_bin,0.4,1,True
nuscenes_mini_subset,scene-1094_014,scene-1094,calibration,original,0,none,42,90,34720,34720,0,0,0.7843266381,worst_bin,0.4,0.7843266381,True
nuscenes_mini_subset,scene-1094_014,scene-1094,calibration,random_dropout,0.1,fraction_removed,42,90,31288,31288,0,0,0.8044122489,worst_bin,0.4,0.8044122489,True
nuscenes_mini_subset,scene-1094_014,scene-1094,calibration,random_dropout,0.3,fraction_removed,42,90,24255,24255,0,0,0.8505103721,worst_bin,0.4,0.8505103721,True
nuscenes_mini_subset,scene-1094_014,scene-1094,calibration,random_dropout,0.5,fraction_removed,42,90,17283,17283,0,0,0.8923279552,worst_bin,0.4,0.8923279552,True
nuscenes_mini_subset,scene-1094_014,scene-1094,calibration,sector_dropout,10,degrees,42,90,34007,34007,0,0,0.7843266381,worst_bin,0.4,0.7843266381,True
nuscenes_mini_subset,scene-1094_014,scene-1094,calibration,sector_dropout,20,degrees,42,90,33264,33264,0,2,1,worst_bin,0.4,1,True
nuscenes_mini_subset,scene-1094_014,scene-1094,calibration,sector_dropout,30,degrees,42,90,32493,32493,0,2,1,worst_bin,0.4,1,True
nuscenes_mini_subset,scene-1094_015,scene-1094,test,original,0,none,42,90,34752,34752,0,0,0.7823510043,worst_bin,0.4,0.7823510043,True
nuscenes_mini_subset,scene-1094_015,scene-1094,test,random_dropout,0.1,fraction_removed,42,90,31318,31318,0,0,0.8027658874,worst_bin,0.4,0.8027658874,True
nuscenes_mini_subset,scene-1094_015,scene-1094,test,random_dropout,0.3,fraction_removed,42,90,24280,24280,0,0,0.8478761936,worst_bin,0.4,0.8478761936,True
nuscenes_mini_subset,scene-1094_015,scene-1094,test,random_dropout,0.5,fraction_removed,42,90,17300,17300,0,0,0.8906815937,worst_bin,0.4,0.8906815937,True
nuscenes_mini_subset,scene-1094_015,scene-1094,test,sector_dropout,10,degrees,42,90,34072,34072,0,0,0.7823510043,worst_bin,0.4,0.7823510043,True
nuscenes_mini_subset,scene-1094_015,scene-1094,test,sector_dropout,20,degrees,42,90,33368,33368,0,2,1,worst_bin,0.4,1,True
nuscenes_mini_subset,scene-1094_015,scene-1094,test,sector_dropout,30,degrees,42,90,32709,32709,0,2,1,worst_bin,0.4,1,True
nuscenes_mini_subset,scene-1094_016,scene-1094,calibration,original,0,none,42,90,34816,34816,0,0,0.7461310504,worst_bin,0.4,0.7461310504,True
nuscenes_mini_subset,scene-1094_016,scene-1094,calibration,random_dropout,0.1,fraction_removed,42,90,31375,31375,0,0,0.7698386566,worst_bin,0.4,0.7698386566,True
nuscenes_mini_subset,scene-1094_016,scene-1094,calibration,random_dropout,0.3,fraction_removed,42,90,24320,24320,0,0,0.8261442213,worst_bin,0.4,0.8261442213,True
nuscenes_mini_subset,scene-1094_016,scene-1094,calibration,random_dropout,0.5,fraction_removed,42,90,17326,17326,0,0,0.8768521567,worst_bin,0.4,0.8768521567,True
nuscenes_mini_subset,scene-1094_016,scene-1094,calibration,sector_dropout,10,degrees,42,90,34137,34137,0,0,0.7461310504,worst_bin,0.4,0.7461310504,True
nuscenes_mini_subset,scene-1094_016,scene-1094,calibration,sector_dropout,20,degrees,42,90,33471,33471,0,2,1,worst_bin,0.4,1,True
nuscenes_mini_subset,scene-1094_016,scene-1094,calibration,sector_dropout,30,degrees,42,90,32746,32746,0,2,1,worst_bin,0.4,1,True
nuscenes_mini_subset,scene-1094_017,scene-1094,test,original,0,none,42,90,34752,34752,0,0,0.7411919658,worst_bin,0.4,0.7411919658,True
nuscenes_mini_subset,scene-1094_017,scene-1094,test,random_dropout,0.1,fraction_removed,42,90,31318,31318,0,0,0.7652288443,worst_bin,0.4,0.7652288443,True
nuscenes_mini_subset,scene-1094_017,scene-1094,test,random_dropout,0.3,fraction_removed,42,90,24280,24280,0,0,0.8198880474,worst_bin,0.4,0.8198880474,True
nuscenes_mini_subset,scene-1094_017,scene-1094,test,random_dropout,0.5,fraction_removed,42,90,17300,17300,0,0,0.8709252552,worst_bin,0.4,0.8709252552,True
nuscenes_mini_subset,scene-1094_017,scene-1094,test,sector_dropout,10,degrees,42,90,34096,34096,0,0,0.7411919658,worst_bin,0.4,0.7411919658,True
nuscenes_mini_subset,scene-1094_017,scene-1094,test,sector_dropout,20,degrees,42,90,33353,33353,0,2,1,worst_bin,0.4,1,True
nuscenes_mini_subset,scene-1094_017,scene-1094,test,sector_dropout,30,degrees,42,90,32645,32645,0,2,1,worst_bin,0.4,1,True
nuscenes_mini_subset,scene-1094_018,scene-1094,calibration,original,0,none,42,90,34688,34688,0,0,0.7290088904,worst_bin,0.4,0.7290088904,True
nuscenes_mini_subset,scene-1094_018,scene-1094,calibration,random_dropout,0.1,fraction_removed,42,90,31260,31260,0,0,0.7540335858,worst_bin,0.4,0.7540335858,True
nuscenes_mini_subset,scene-1094_018,scene-1094,calibration,random_dropout,0.3,fraction_removed,42,90,24237,24237,0,0,0.8106684228,worst_bin,0.4,0.8106684228,True
nuscenes_mini_subset,scene-1094_018,scene-1094,calibration,random_dropout,0.5,fraction_removed,42,90,17270,17270,0,0,0.8610470859,worst_bin,0.4,0.8610470859,True
nuscenes_mini_subset,scene-1094_018,scene-1094,calibration,sector_dropout,10,degrees,42,90,34081,34081,0,0,0.7290088904,worst_bin,0.4,0.7290088904,True
nuscenes_mini_subset,scene-1094_018,scene-1094,calibration,sector_dropout,20,degrees,42,90,33332,33332,0,2,1,worst_bin,0.4,1,True
nuscenes_mini_subset,scene-1094_018,scene-1094,calibration,sector_dropout,30,degrees,42,90,32612,32612,0,2,1,worst_bin,0.4,1,True
nuscenes_mini_subset,scene-1094_019,scene-1094,test,original,0,none,42,90,34688,34688,0,0,0.7313137965,worst_bin,0.4,0.7313137965,True
nuscenes_mini_subset,scene-1094_019,scene-1094,test,random_dropout,0.1,fraction_removed,42,90,31260,31260,0,0,0.7560092196,worst_bin,0.4,0.7560092196,True
nuscenes_mini_subset,scene-1094_019,scene-1094,test,random_dropout,0.3,fraction_removed,42,90,24237,24237,0,0,0.8116562397,worst_bin,0.4,0.8116562397,True
nuscenes_mini_subset,scene-1094_019,scene-1094,test,random_dropout,0.5,fraction_removed,42,90,17270,17270,0,0,0.8640105367,worst_bin,0.4,0.8640105367,True
nuscenes_mini_subset,scene-1094_019,scene-1094,test,sector_dropout,10,degrees,42,90,34078,34078,0,0,0.7313137965,worst_bin,0.4,0.7313137965,True
nuscenes_mini_subset,scene-1094_019,scene-1094,test,sector_dropout,20,degrees,42,90,33325,33325,0,2,1,worst_bin,0.4,1,True
nuscenes_mini_subset,scene-1094_019,scene-1094,test,sector_dropout,30,degrees,42,90,32571,32571,0,2,1,worst_bin,0.4,1,True
nuscenes_mini_subset,scene-1094_020,scene-1094,calibration,original,0,none,42,90,34720,34720,0,0,0.7385577873,worst_bin,0.4,0.7385577873,True
nuscenes_mini_subset,scene-1094_020,scene-1094,calibration,random_dropout,0.1,fraction_removed,42,90,31288,31288,0,0,0.7609483042,worst_bin,0.4,0.7609483042,True
nuscenes_mini_subset,scene-1094_020,scene-1094,calibration,random_dropout,0.3,fraction_removed,42,90,24255,24255,0,0,0.8159367797,worst_bin,0.4,0.8159367797,True
nuscenes_mini_subset,scene-1094_020,scene-1094,calibration,random_dropout,0.5,fraction_removed,42,90,17283,17283,0,0,0.8682910767,worst_bin,0.4,0.8682910767,True
nuscenes_mini_subset,scene-1094_020,scene-1094,calibration,sector_dropout,10,degrees,42,90,34089,34089,0,0,0.7385577873,worst_bin,0.4,0.7385577873,True
nuscenes_mini_subset,scene-1094_020,scene-1094,calibration,sector_dropout,20,degrees,42,90,33382,33382,0,2,1,worst_bin,0.4,1,True
nuscenes_mini_subset,scene-1094_020,scene-1094,calibration,sector_dropout,30,degrees,42,90,32620,32620,0,2,1,worst_bin,0.4,1,True
nuscenes_mini_subset,scene-1094_021,scene-1094,test,original,0,none,42,90,34688,34688,0,0,0.6386326641,worst_bin,0.4,0.6386326641,True
nuscenes_mini_subset,scene-1094_021,scene-1094,test,random_dropout,0.1,fraction_removed,42,90,31260,31260,0,0,0.6798697775,worst_bin,0.4,0.6798697775,True
nuscenes_mini_subset,scene-1094_021,scene-1094,test,random_dropout,0.3,fraction_removed,42,90,24237,24237,0,0,0.7542051004,worst_bin,0.4,0.7542051004,True
nuscenes_mini_subset,scene-1094_021,scene-1094,test,random_dropout,0.5,fraction_removed,42,90,17270,17270,0,0,0.8241996744,worst_bin,0.4,0.8241996744,True
nuscenes_mini_subset,scene-1094_021,scene-1094,test,sector_dropout,10,degrees,42,90,34068,34068,0,0,0.6386326641,worst_bin,0.4,0.6386326641,True
nuscenes_mini_subset,scene-1094_021,scene-1094,test,sector_dropout,20,degrees,42,90,33364,33364,0,2,1,worst_bin,0.4,1,True
nuscenes_mini_subset,scene-1094_021,scene-1094,test,sector_dropout,30,degrees,42,90,32597,32597,0,2,1,worst_bin,0.4,1,True
nuscenes_mini_subset,scene-1094_022,scene-1094,calibration,original,0,none,42,90,34656,34656,0,0,0.3233454067,worst_bin,0.4,0.3233454067,False
nuscenes_mini_subset,scene-1094_022,scene-1094,calibration,random_dropout,0.1,fraction_removed,42,90,31230,31230,0,0,0.3852486006,worst_bin,0.4,0.3852486006,False
nuscenes_mini_subset,scene-1094_022,scene-1094,calibration,random_dropout,0.3,fraction_removed,42,90,24211,24211,0,0,0.5172867962,worst_bin,0.4,0.5172867962,True
nuscenes_mini_subset,scene-1094_022,scene-1094,calibration,random_dropout,0.5,fraction_removed,42,90,17250,17250,0,0,0.6516298979,worst_bin,0.4,0.6516298979,True
nuscenes_mini_subset,scene-1094_022,scene-1094,calibration,sector_dropout,10,degrees,42,90,34058,34058,0,0,0.5187250996,worst_bin,0.4,0.5187250996,True
nuscenes_mini_subset,scene-1094_022,scene-1094,calibration,sector_dropout,20,degrees,42,90,33348,33348,0,2,1,worst_bin,0.4,1,True
nuscenes_mini_subset,scene-1094_022,scene-1094,calibration,sector_dropout,30,degrees,42,90,32573,32573,0,2,1,worst_bin,0.4,1,True
nuscenes_mini_subset,scene-1094_023,scene-1094,test,original,0,none,42,90,34688,34688,0,0,0.6858383071,worst_bin,0.4,0.6858383071,True
nuscenes_mini_subset,scene-1094_023,scene-1094,test,random_dropout,0.1,fraction_removed,42,90,31260,31260,0,0,0.7211068909,worst_bin,0.4,0.7211068909,True
nuscenes_mini_subset,scene-1094_023,scene-1094,test,random_dropout,0.3,fraction_removed,42,90,24237,24237,0,0,0.7873033098,worst_bin,0.4,0.7873033098,True
nuscenes_mini_subset,scene-1094_023,scene-1094,test,random_dropout,0.5,fraction_removed,42,90,17270,17270,0,0,0.8513293543,worst_bin,0.4,0.8513293543,True
nuscenes_mini_subset,scene-1094_023,scene-1094,test,sector_dropout,10,degrees,42,90,34084,34084,0,0,0.6858383071,worst_bin,0.4,0.6858383071,True
nuscenes_mini_subset,scene-1094_023,scene-1094,test,sector_dropout,20,degrees,42,90,33415,33415,0,2,1,worst_bin,0.4,1,True
nuscenes_mini_subset,scene-1094_023,scene-1094,test,sector_dropout,30,degrees,42,90,32647,32647,0,2,1,worst_bin,0.4,1,True
nuscenes_mini_subset,scene-1094_024,scene-1094,calibration,original,0,none,42,90,34688,34688,0,0,0.7451432335,worst_bin,0.4,0.7451432335,True
nuscenes_mini_subset,scene-1094_024,scene-1094,calibration,random_dropout,0.1,fraction_removed,42,90,31260,31260,0,0,0.7675337504,worst_bin,0.4,0.7675337504,True
nuscenes_mini_subset,scene-1094_024,scene-1094,calibration,random_dropout,0.3,fraction_removed,42,90,24237,24237,0,0,0.8202173197,worst_bin,0.4,0.8202173197,True
nuscenes_mini_subset,scene-1094_024,scene-1094,calibration,random_dropout,0.5,fraction_removed,42,90,17270,17270,0,0,0.8702667106,worst_bin,0.4,0.8702667106,True
nuscenes_mini_subset,scene-1094_024,scene-1094,calibration,sector_dropout,10,degrees,42,90,34056,34056,0,0,0.7451432335,worst_bin,0.4,0.7451432335,True
nuscenes_mini_subset,scene-1094_024,scene-1094,calibration,sector_dropout,20,degrees,42,90,33399,33399,0,2,1,worst_bin,0.4,1,True
nuscenes_mini_subset,scene-1094_024,scene-1094,calibration,sector_dropout,30,degrees,42,90,32635,32635,0,2,1,worst_bin,0.4,1,True
nuscenes_mini_subset,scene-1094_025,scene-1094,test,original,0,none,42,90,34720,34720,0,0,0.4915897992,worst_bin,0.4,0.4915897992,True
nuscenes_mini_subset,scene-1094_025,scene-1094,test,random_dropout,0.1,fraction_removed,42,90,31288,31288,0,0,0.5463917526,worst_bin,0.4,0.5463917526,True
nuscenes_mini_subset,scene-1094_025,scene-1094,test,random_dropout,0.3,fraction_removed,42,90,24255,24255,0,0,0.6473141617,worst_bin,0.4,0.6473141617,True
nuscenes_mini_subset,scene-1094_025,scene-1094,test,random_dropout,0.5,fraction_removed,42,90,17283,17283,0,0,0.7498643516,worst_bin,0.4,0.7498643516,True
nuscenes_mini_subset,scene-1094_025,scene-1094,test,sector_dropout,10,degrees,42,90,34099,34099,0,0,0.5235059761,worst_bin,0.4,0.5235059761,True
nuscenes_mini_subset,scene-1094_025,scene-1094,test,sector_dropout,20,degrees,42,90,33446,33446,0,2,1,worst_bin,0.4,1,True
nuscenes_mini_subset,scene-1094_025,scene-1094,test,sector_dropout,30,degrees,42,90,32699,32699,0,2,1,worst_bin,0.4,1,True
nuscenes_mini_subset,scene-1094_026,scene-1094,calibration,original,0,none,42,90,34752,34752,0,0,0.7533750412,worst_bin,0.4,0.7533750412,True
nuscenes_mini_subset,scene-1094_026,scene-1094,calibration,random_dropout,0.1,fraction_removed,42,90,31318,31318,0,0,0.7747777412,worst_bin,0.4,0.7747777412,True
nuscenes_mini_subset,scene-1094_026,scene-1094,calibration,random_dropout,0.3,fraction_removed,42,90,24280,24280,0,0,0.829107672,worst_bin,0.4,0.829107672,True
nuscenes_mini_subset,scene-1094_026,scene-1094,calibration,random_dropout,0.5,fraction_removed,42,90,17300,17300,0,0,0.8765228844,worst_bin,0.4,0.8765228844,True
nuscenes_mini_subset,scene-1094_026,scene-1094,calibration,sector_dropout,10,degrees,42,90,34119,34119,0,0,0.7533750412,worst_bin,0.4,0.7533750412,True
nuscenes_mini_subset,scene-1094_026,scene-1094,calibration,sector_dropout,20,degrees,42,90,33461,33461,0,2,1,worst_bin,0.4,1,True
nuscenes_mini_subset,scene-1094_026,scene-1094,calibration,sector_dropout,30,degrees,42,90,32705,32705,0,2,1,worst_bin,0.4,1,True
nuscenes_mini_subset,scene-1094_027,scene-1094,test,original,0,none,42,90,34752,34752,0,0,0.1971830986,worst_bin,0.4,0.1971830986,False
nuscenes_mini_subset,scene-1094_027,scene-1094,test,random_dropout,0.1,fraction_removed,42,90,31318,31318,0,0,0.2688860435,worst_bin,0.4,0.2688860435,False
nuscenes_mini_subset,scene-1094_027,scene-1094,test,random_dropout,0.3,fraction_removed,42,90,24280,24280,0,0,0.4302176697,worst_bin,0.4,0.4302176697,True
nuscenes_mini_subset,scene-1094_027,scene-1094,test,random_dropout,0.5,fraction_removed,42,90,17300,17300,0,0,0.609475032,worst_bin,0.4,0.609475032,True
nuscenes_mini_subset,scene-1094_027,scene-1094,test,sector_dropout,10,degrees,42,90,34103,34103,0,0,0.5235059761,worst_bin,0.4,0.5235059761,True
nuscenes_mini_subset,scene-1094_027,scene-1094,test,sector_dropout,20,degrees,42,90,33451,33451,0,2,1,worst_bin,0.4,1,True
nuscenes_mini_subset,scene-1094_027,scene-1094,test,sector_dropout,30,degrees,42,90,32683,32683,0,2,1,worst_bin,0.4,1,True
nuscenes_mini_subset,scene-1094_028,scene-1094,calibration,original,0,none,42,90,34752,34752,0,0,0.6635919696,worst_bin,0.4,0.6635919696,True
nuscenes_mini_subset,scene-1094_028,scene-1094,calibration,random_dropout,0.1,fraction_removed,42,90,31318,31318,0,0,0.6977753663,worst_bin,0.4,0.6977753663,True
nuscenes_mini_subset,scene-1094_028,scene-1094,calibration,random_dropout,0.3,fraction_removed,42,90,24280,24280,0,0,0.7672273467,worst_bin,0.4,0.7672273467,True
nuscenes_mini_subset,scene-1094_028,scene-1094,calibration,random_dropout,0.5,fraction_removed,42,90,17300,17300,0,0,0.8372219208,worst_bin,0.4,0.8372219208,True
nuscenes_mini_subset,scene-1094_028,scene-1094,calibration,sector_dropout,10,degrees,42,90,34143,34143,0,0,0.6635919696,worst_bin,0.4,0.6635919696,True
nuscenes_mini_subset,scene-1094_028,scene-1094,calibration,sector_dropout,20,degrees,42,90,33518,33518,0,2,1,worst_bin,0.4,1,True
nuscenes_mini_subset,scene-1094_028,scene-1094,calibration,sector_dropout,30,degrees,42,90,32762,32762,0,2,1,worst_bin,0.4,1,True
nuscenes_mini_subset,scene-1094_029,scene-1094,test,original,0,none,42,90,34720,34720,0,0,0.7062891011,worst_bin,0.4,0.7062891011,True
nuscenes_mini_subset,scene-1094_029,scene-1094,test,random_dropout,0.1,fraction_removed,42,90,31288,31288,0,0,0.7329601581,worst_bin,0.4,0.7329601581,True
nuscenes_mini_subset,scene-1094_029,scene-1094,test,random_dropout,0.3,fraction_removed,42,90,24255,24255,0,0,0.7925584458,worst_bin,0.4,0.7925584458,True
nuscenes_mini_subset,scene-1094_029,scene-1094,test,random_dropout,0.5,fraction_removed,42,90,17283,17283,0,0,0.8501810998,worst_bin,0.4,0.8501810998,True
nuscenes_mini_subset,scene-1094_029,scene-1094,test,sector_dropout,10,degrees,42,90,34110,34110,0,0,0.7062891011,worst_bin,0.4,0.7062891011,True
nuscenes_mini_subset,scene-1094_029,scene-1094,test,sector_dropout,20,degrees,42,90,33483,33483,0,2,1,worst_bin,0.4,1,True
nuscenes_mini_subset,scene-1094_029,scene-1094,test,sector_dropout,30,degrees,42,90,32715,32715,0,2,1,worst_bin,0.4,1,True
nuscenes_mini_subset,scene-1094_030,scene-1094,calibration,original,0,none,42,90,34720,34720,0,0,0.6760716224,worst_bin,0.4,0.6760716224,True
nuscenes_mini_subset,scene-1094_030,scene-1094,calibration,random_dropout,0.1,fraction_removed,42,90,31288,31288,0,0,0.7118827998,worst_bin,0.4,0.7118827998,True
nuscenes_mini_subset,scene-1094_030,scene-1094,calibration,random_dropout,0.3,fraction_removed,42,90,24255,24255,0,0,0.7764514379,worst_bin,0.4,0.7764514379,True
nuscenes_mini_subset,scene-1094_030,scene-1094,calibration,random_dropout,0.5,fraction_removed,42,90,17283,17283,0,0,0.843733044,worst_bin,0.4,0.843733044,True
nuscenes_mini_subset,scene-1094_030,scene-1094,calibration,sector_dropout,10,degrees,42,90,34133,34133,0,0,0.6760716224,worst_bin,0.4,0.6760716224,True
nuscenes_mini_subset,scene-1094_030,scene-1094,calibration,sector_dropout,20,degrees,42,90,33506,33506,0,2,1,worst_bin,0.4,1,True
nuscenes_mini_subset,scene-1094_030,scene-1094,calibration,sector_dropout,30,degrees,42,90,32744,32744,0,2,1,worst_bin,0.4,1,True
nuscenes_mini_subset,scene-1094_031,scene-1094,test,original,0,none,42,90,34752,34752,0,0,0.6695604992,worst_bin,0.4,0.6695604992,True
nuscenes_mini_subset,scene-1094_031,scene-1094,test,random_dropout,0.1,fraction_removed,42,90,31318,31318,0,0,0.704829083,worst_bin,0.4,0.704829083,True
nuscenes_mini_subset,scene-1094_031,scene-1094,test,random_dropout,0.3,fraction_removed,42,90,24280,24280,0,0,0.7688551275,worst_bin,0.4,0.7688551275,True
nuscenes_mini_subset,scene-1094_031,scene-1094,test,random_dropout,0.5,fraction_removed,42,90,17300,17300,0,0,0.838307108,worst_bin,0.4,0.838307108,True
nuscenes_mini_subset,scene-1094_031,scene-1094,test,sector_dropout,10,degrees,42,90,34179,34179,0,0,0.6695604992,worst_bin,0.4,0.6695604992,True
nuscenes_mini_subset,scene-1094_031,scene-1094,test,sector_dropout,20,degrees,42,90,33543,33543,0,2,1,worst_bin,0.4,1,True
nuscenes_mini_subset,scene-1094_031,scene-1094,test,sector_dropout,30,degrees,42,90,32797,32797,0,2,1,worst_bin,0.4,1,True
nuscenes_mini_subset,scene-1094_032,scene-1094,calibration,original,0,none,42,90,34784,34784,0,0,0.7385577873,worst_bin,0.4,0.7385577873,True
nuscenes_mini_subset,scene-1094_032,scene-1094,calibration,random_dropout,0.1,fraction_removed,42,90,31345,31345,0,0,0.7648995719,worst_bin,0.4,0.7648995719,True
nuscenes_mini_subset,scene-1094_032,scene-1094,calibration,random_dropout,0.3,fraction_removed,42,90,24300,24300,0,0,0.8225222259,worst_bin,0.4,0.8225222259,True
nuscenes_mini_subset,scene-1094_032,scene-1094,calibration,random_dropout,0.5,fraction_removed,42,90,17313,17313,0,0,0.8712545275,worst_bin,0.4,0.8712545275,True
nuscenes_mini_subset,scene-1094_032,scene-1094,calibration,sector_dropout,10,degrees,42,90,34224,34224,0,0,0.7385577873,worst_bin,0.4,0.7385577873,True
nuscenes_mini_subset,scene-1094_032,scene-1094,calibration,sector_dropout,20,degrees,42,90,33613,33613,0,2,1,worst_bin,0.4,1,True
nuscenes_mini_subset,scene-1094_032,scene-1094,calibration,sector_dropout,30,degrees,42,90,32901,32901,0,2,1,worst_bin,0.4,1,True
nuscenes_mini_subset,scene-1094_033,scene-1094,test,original,0,none,42,90,34720,34720,0,0,0.7365821534,worst_bin,0.4,0.7365821534,True
nuscenes_mini_subset,scene-1094_033,scene-1094,test,random_dropout,0.1,fraction_removed,42,90,31288,31288,0,0,0.7602897596,worst_bin,0.4,0.7602897596,True
nuscenes_mini_subset,scene-1094_033,scene-1094,test,random_dropout,0.3,fraction_removed,42,90,24255,24255,0,0,0.8169245966,worst_bin,0.4,0.8169245966,True
nuscenes_mini_subset,scene-1094_033,scene-1094,test,random_dropout,0.5,fraction_removed,42,90,17283,17283,0,0,0.8679618044,worst_bin,0.4,0.8679618044,True
nuscenes_mini_subset,scene-1094_033,scene-1094,test,sector_dropout,10,degrees,42,90,34154,34154,0,0,0.7365821534,worst_bin,0.4,0.7365821534,True
nuscenes_mini_subset,scene-1094_033,scene-1094,test,sector_dropout,20,degrees,42,90,33557,33557,0,2,1,worst_bin,0.4,1,True
nuscenes_mini_subset,scene-1094_033,scene-1094,test,sector_dropout,30,degrees,42,90,32893,32893,0,2,1,worst_bin,0.4,1,True
nuscenes_mini_subset,scene-1094_034,scene-1094,calibration,original,0,none,42,90,34720,34720,0,0,0.676614216,worst_bin,0.4,0.676614216,True
nuscenes_mini_subset,scene-1094_034,scene-1094,calibration,random_dropout,0.1,fraction_removed,42,90,31288,31288,0,0,0.7118827998,worst_bin,0.4,0.7118827998,True
nuscenes_mini_subset,scene-1094_034,scene-1094,calibration,random_dropout,0.3,fraction_removed,42,90,24255,24255,0,0,0.7786218123,worst_bin,0.4,0.7786218123,True
nuscenes_mini_subset,scene-1094_034,scene-1094,calibration,random_dropout,0.5,fraction_removed,42,90,17283,17283,0,0,0.843733044,worst_bin,0.4,0.843733044,True
nuscenes_mini_subset,scene-1094_034,scene-1094,calibration,sector_dropout,10,degrees,42,90,34169,34169,0,0,0.676614216,worst_bin,0.4,0.676614216,True
nuscenes_mini_subset,scene-1094_034,scene-1094,calibration,sector_dropout,20,degrees,42,90,33609,33609,0,2,1,worst_bin,0.4,1,True
nuscenes_mini_subset,scene-1094_034,scene-1094,calibration,sector_dropout,30,degrees,42,90,32954,32954,0,2,1,worst_bin,0.4,1,True
nuscenes_mini_subset,scene-1094_035,scene-1094,test,original,0,none,42,90,34720,34720,0,0,0.6473141617,worst_bin,0.4,0.6473141617,True
nuscenes_mini_subset,scene-1094_035,scene-1094,test,random_dropout,0.1,fraction_removed,42,90,31288,31288,0,0,0.6842105263,worst_bin,0.4,0.6842105263,True
nuscenes_mini_subset,scene-1094_035,scene-1094,test,random_dropout,0.3,fraction_removed,42,90,24255,24255,0,0,0.76017363,worst_bin,0.4,0.76017363,True
nuscenes_mini_subset,scene-1094_035,scene-1094,test,random_dropout,0.5,fraction_removed,42,90,17283,17283,0,0,0.827455236,worst_bin,0.4,0.827455236,True
nuscenes_mini_subset,scene-1094_035,scene-1094,test,sector_dropout,10,degrees,42,90,34168,34168,0,0,0.6473141617,worst_bin,0.4,0.6473141617,True
nuscenes_mini_subset,scene-1094_035,scene-1094,test,sector_dropout,20,degrees,42,90,33607,33607,0,2,1,worst_bin,0.4,1,True
nuscenes_mini_subset,scene-1094_035,scene-1094,test,sector_dropout,30,degrees,42,90,32983,32983,0,2,1,worst_bin,0.4,1,True
nuscenes_mini_subset,scene-1094_036,scene-1094,calibration,original,0,none,42,90,34720,34720,0,0,0.6890938687,worst_bin,0.4,0.6890938687,True
nuscenes_mini_subset,scene-1094_036,scene-1094,calibration,random_dropout,0.1,fraction_removed,42,90,31288,31288,0,0,0.7216494845,worst_bin,0.4,0.7216494845,True
nuscenes_mini_subset,scene-1094_036,scene-1094,calibration,random_dropout,0.3,fraction_removed,42,90,24255,24255,0,0,0.7878459034,worst_bin,0.4,0.7878459034,True
nuscenes_mini_subset,scene-1094_036,scene-1094,calibration,random_dropout,0.5,fraction_removed,42,90,17283,17283,0,0,0.8491589799,worst_bin,0.4,0.8491589799,True
nuscenes_mini_subset,scene-1094_036,scene-1094,calibration,sector_dropout,10,degrees,42,90,34178,34178,0,0,0.6890938687,worst_bin,0.4,0.6890938687,True
nuscenes_mini_subset,scene-1094_036,scene-1094,calibration,sector_dropout,20,degrees,42,90,33611,33611,0,2,1,worst_bin,0.4,1,True
nuscenes_mini_subset,scene-1094_036,scene-1094,calibration,sector_dropout,30,degrees,42,90,32996,32996,0,2,1,worst_bin,0.4,1,True
nuscenes_mini_subset,scene-1094_037,scene-1094,test,original,0,none,42,90,34752,34752,0,0,0.6771568095,worst_bin,0.4,0.6771568095,True
nuscenes_mini_subset,scene-1094_037,scene-1094,test,random_dropout,0.1,fraction_removed,42,90,31318,31318,0,0,0.7107976126,worst_bin,0.4,0.7107976126,True
nuscenes_mini_subset,scene-1094_037,scene-1094,test,random_dropout,0.3,fraction_removed,42,90,24280,24280,0,0,0.7775366251,worst_bin,0.4,0.7775366251,True
nuscenes_mini_subset,scene-1094_037,scene-1094,test,random_dropout,0.5,fraction_removed,42,90,17300,17300,0,0,0.8421052632,worst_bin,0.4,0.8421052632,True
nuscenes_mini_subset,scene-1094_037,scene-1094,test,sector_dropout,10,degrees,42,90,34214,34214,0,0,0.6771568095,worst_bin,0.4,0.6771568095,True
nuscenes_mini_subset,scene-1094_037,scene-1094,test,sector_dropout,20,degrees,42,90,33650,33650,0,2,1,worst_bin,0.4,1,True
nuscenes_mini_subset,scene-1094_037,scene-1094,test,sector_dropout,30,degrees,42,90,33019,33019,0,2,1,worst_bin,0.4,1,True
nuscenes_mini_subset,scene-1094_038,scene-1094,calibration,original,0,none,42,90,34688,34688,0,0,0.6880086815,worst_bin,0.4,0.6880086815,True
nuscenes_mini_subset,scene-1094_038,scene-1094,calibration,random_dropout,0.1,fraction_removed,42,90,31260,31260,0,0,0.7221920781,worst_bin,0.4,0.7221920781,True
nuscenes_mini_subset,scene-1094_038,scene-1094,calibration,random_dropout,0.3,fraction_removed,42,90,24237,24237,0,0,0.7878459034,worst_bin,0.4,0.7878459034,True
nuscenes_mini_subset,scene-1094_038,scene-1094,calibration,random_dropout,0.5,fraction_removed,42,90,17270,17270,0,0,0.8507867607,worst_bin,0.4,0.8507867607,True
nuscenes_mini_subset,scene-1094_038,scene-1094,calibration,sector_dropout,10,degrees,42,90,34144,34144,0,0,0.6880086815,worst_bin,0.4,0.6880086815,True
nuscenes_mini_subset,scene-1094_038,scene-1094,calibration,sector_dropout,20,degrees,42,90,33558,33558,0,2,1,worst_bin,0.4,1,True
nuscenes_mini_subset,scene-1094_038,scene-1094,calibration,sector_dropout,30,degrees,42,90,32951,32951,0,2,1,worst_bin,0.4,1,True
nuscenes_mini_subset,scene-1094_039,scene-1094,test,original,0,none,42,90,34720,34720,0,0,0.6782419967,worst_bin,0.4,0.6782419967,True
nuscenes_mini_subset,scene-1094_039,scene-1094,test,random_dropout,0.1,fraction_removed,42,90,31288,31288,0,0,0.7118827998,worst_bin,0.4,0.7118827998,True
nuscenes_mini_subset,scene-1094_039,scene-1094,test,random_dropout,0.3,fraction_removed,42,90,24255,24255,0,0,0.7813347802,worst_bin,0.4,0.7813347802,True
nuscenes_mini_subset,scene-1094_039,scene-1094,test,random_dropout,0.5,fraction_removed,42,90,17283,17283,0,0,0.8464460119,worst_bin,0.4,0.8464460119,True
nuscenes_mini_subset,scene-1094_039,scene-1094,test,sector_dropout,10,degrees,42,90,34182,34182,0,0,0.6782419967,worst_bin,0.4,0.6782419967,True
nuscenes_mini_subset,scene-1094_039,scene-1094,test,sector_dropout,20,degrees,42,90,33622,33622,0,2,1,worst_bin,0.4,1,True
nuscenes_mini_subset,scene-1094_039,scene-1094,test,sector_dropout,30,degrees,42,90,33014,33014,0,2,1,worst_bin,0.4,1,True
kitti_mini,000001,KITTI,calibration,original,0,none,42,0,120268,120268,0,0,0.2211283605,worst_bin,0.6,0.2211283605,False
kitti_mini,000001,KITTI,calibration,random_dropout,0.1,fraction_removed,42,0,108167,108167,0,0,0.2953426732,worst_bin,0.6,0.2953426732,False
kitti_mini,000001,KITTI,calibration,random_dropout,0.3,fraction_removed,42,0,84111,84111,0,0,0.4471790988,worst_bin,0.6,0.4471790988,False
kitti_mini,000001,KITTI,calibration,random_dropout,0.5,fraction_removed,42,0,59871,59871,0,0,0.6092389246,worst_bin,0.6,0.6092389246,True
kitti_mini,000001,KITTI,calibration,sector_dropout,10,degrees,42,0,117403,117403,0,0,0.5392058725,worst_bin,0.6,0.5392058725,False
kitti_mini,000001,KITTI,calibration,sector_dropout,20,degrees,42,0,114524,114524,0,2,1,worst_bin,0.6,1,True
kitti_mini,000001,KITTI,calibration,sector_dropout,30,degrees,42,0,111656,111656,0,2,1,worst_bin,0.6,1,True
kitti_mini,000004,KITTI,test,original,0,none,42,0,115976,115976,0,0,0.2491413474,worst_bin,0.6,0.2491413474,False
kitti_mini,000004,KITTI,test,random_dropout,0.1,fraction_removed,42,0,104322,104322,0,0,0.3207397622,worst_bin,0.6,0.3207397622,False
kitti_mini,000004,KITTI,test,random_dropout,0.3,fraction_removed,42,0,81127,81127,0,0,0.4676354029,worst_bin,0.6,0.4676354029,False
kitti_mini,000004,KITTI,test,random_dropout,0.5,fraction_removed,42,0,57713,57713,0,0,0.621664465,worst_bin,0.6,0.621664465,True
kitti_mini,000004,KITTI,test,sector_dropout,10,degrees,42,0,113221,113221,0,0,0.5478812145,worst_bin,0.6,0.5478812145,False
kitti_mini,000004,KITTI,test,sector_dropout,20,degrees,42,0,110374,110374,0,2,1,worst_bin,0.6,1,True
kitti_mini,000004,KITTI,test,sector_dropout,30,degrees,42,0,107252,107252,0,2,1,worst_bin,0.6,1,True
kitti_mini,000007,KITTI,calibration,original,0,none,42,0,122798,122798,0,0,0.2309782609,worst_bin,0.6,0.2309782609,False
kitti_mini,000007,KITTI,calibration,random_dropout,0.1,fraction_removed,42,0,110452,110452,0,0,0.3202639752,worst_bin,0.6,0.3202639752,False
kitti_mini,000007,KITTI,calibration,random_dropout,0.3,fraction_removed,42,0,85891,85891,0,0,0.4549689441,worst_bin,0.6,0.4549689441,False
kitti_mini,000007,KITTI,calibration,random_dropout,0.5,fraction_removed,42,0,61146,61146,0,0,0.612189441,worst_bin,0.6,0.612189441,True
kitti_mini,000007,KITTI,calibration,sector_dropout,10,degrees,42,0,119882,119882,0,0,0.5201868535,worst_bin,0.6,0.5201868535,False
kitti_mini,000007,KITTI,calibration,sector_dropout,20,degrees,42,0,116905,116905,0,2,1,worst_bin,0.6,1,True
kitti_mini,000007,KITTI,calibration,sector_dropout,30,degrees,42,0,113797,113797,0,2,1,worst_bin,0.6,1,True
kitti_mini,000008,KITTI,test,original,0,none,42,0,122555,122555,0,0,0.1737218252,worst_bin,0.6,0.1737218252,False
kitti_mini,000008,KITTI,test,random_dropout,0.1,fraction_removed,42,0,110227,110227,0,0,0.2603078615,worst_bin,0.6,0.2603078615,False
kitti_mini,000008,KITTI,test,random_dropout,0.3,fraction_removed,42,0,85707,85707,0,0,0.4255085212,worst_bin,0.6,0.4255085212,False
kitti_mini,000008,KITTI,test,random_dropout,0.5,fraction_removed,42,0,61008,61008,0,0,0.5951072018,worst_bin,0.6,0.5951072018,False
kitti_mini,000008,KITTI,test,sector_dropout,10,degrees,42,0,119436,119436,0,0,0.5288621955,worst_bin,0.6,0.5288621955,False
kitti_mini,000008,KITTI,test,sector_dropout,20,degrees,42,0,116373,116373,0,2,1,worst_bin,0.6,1,True
kitti_mini,000008,KITTI,test,sector_dropout,30,degrees,42,0,113375,113375,0,2,1,worst_bin,0.6,1,True
kitti_mini,000009,KITTI,calibration,original,0,none,42,0,123928,123928,0,0,0.2182759236,worst_bin,0.6,0.2182759236,False
kitti_mini,000009,KITTI,calibration,random_dropout,0.1,fraction_removed,42,0,111471,111471,0,0,0.3007317508,worst_bin,0.6,0.3007317508,False
kitti_mini,000009,KITTI,calibration,random_dropout,0.3,fraction_removed,42,0,86666,86666,0,0,0.4510083884,worst_bin,0.6,0.4510083884,False
kitti_mini,000009,KITTI,calibration,random_dropout,0.5,fraction_removed,42,0,61684,61684,0,0,0.6094949134,worst_bin,0.6,0.6094949134,True
kitti_mini,000009,KITTI,calibration,sector_dropout,10,degrees,42,0,121184,121184,0,0,0.5392303848,worst_bin,0.6,0.5392303848,False
kitti_mini,000009,KITTI,calibration,sector_dropout,20,degrees,42,0,118144,118144,0,2,1,worst_bin,0.6,1,True
kitti_mini,000009,KITTI,calibration,sector_dropout,30,degrees,42,0,114998,114998,0,2,1,worst_bin,0.6,1,True
kitti_mini,000010,KITTI,test,original,0,none,42,0,115875,115875,0,0,0.2575017446,worst_bin,0.6,0.2575017446,False
kitti_mini,000010,KITTI,test,random_dropout,0.1,fraction_removed,42,0,104232,104232,0,0,0.3309141661,worst_bin,0.6,0.3309141661,False
kitti_mini,000010,KITTI,test,random_dropout,0.3,fraction_removed,42,0,81051,81051,0,0,0.4810886253,worst_bin,0.6,0.4810886253,False
kitti_mini,000010,KITTI,test,random_dropout,0.5,fraction_removed,42,0,57666,57666,0,0,0.6314606742,worst_bin,0.6,0.6314606742,True
kitti_mini,000010,KITTI,test,sector_dropout,10,degrees,42,0,112986,112986,0,0,0.5311978645,worst_bin,0.6,0.5311978645,False
kitti_mini,000010,KITTI,test,sector_dropout,20,degrees,42,0,110136,110136,0,2,1,worst_bin,0.6,1,True
kitti_mini,000010,KITTI,test,sector_dropout,30,degrees,42,0,107326,107326,0,2,1,worst_bin,0.6,1,True
kitti_mini,000011,KITTI,calibration,original,0,none,42,0,108004,108004,0,0,0.437449338,worst_bin,0.6,0.437449338,False
kitti_mini,000011,KITTI,calibration,random_dropout,0.1,fraction_removed,42,0,97137,97137,0,0,0.5033774655,worst_bin,0.6,0.5033774655,False
kitti_mini,000011,KITTI,calibration,random_dropout,0.3,fraction_removed,42,0,75504,75504,0,0,0.6092947852,worst_bin,0.6,0.6092947852,True
kitti_mini,000011,KITTI,calibration,random_dropout,0.5,fraction_removed,42,0,53691,53691,0,0,0.718724669,worst_bin,0.6,0.718724669,True
kitti_mini,000011,KITTI,calibration,sector_dropout,10,degrees,42,0,104852,104852,0,0,0.4809262036,worst_bin,0.6,0.4809262036,False
kitti_mini,000011,KITTI,calibration,sector_dropout,20,degrees,42,0,101720,101720,0,2,1,worst_bin,0.6,1,True
kitti_mini,000011,KITTI,calibration,sector_dropout,30,degrees,42,0,98457,98457,0,2,1,worst_bin,0.6,1,True
kitti_mini,000012,KITTI,test,original,0,none,42,0,120007,120007,0,0,0.125468499,worst_bin,0.6,0.125468499,False
kitti_mini,000012,KITTI,test,random_dropout,0.1,fraction_removed,42,0,107936,107936,0,0,0.2100660361,worst_bin,0.6,0.2100660361,False
kitti_mini,000012,KITTI,test,random_dropout,0.3,fraction_removed,42,0,83936,83936,0,0,0.3918105958,worst_bin,0.6,0.3918105958,False
kitti_mini,000012,KITTI,test,random_dropout,0.5,fraction_removed,42,0,59746,59746,0,0,0.5761692218,worst_bin,0.6,0.5761692218,False
kitti_mini,000012,KITTI,test,sector_dropout,10,degrees,42,0,117275,117275,0,0,0.5572238906,worst_bin,0.6,0.5572238906,False
kitti_mini,000012,KITTI,test,sector_dropout,20,degrees,42,0,114415,114415,0,2,1,worst_bin,0.6,1,True
kitti_mini,000012,KITTI,test,sector_dropout,30,degrees,42,0,111302,111302,0,2,1,worst_bin,0.6,1,True
kitti_mini,000015,KITTI,calibration,original,0,none,42,0,122583,122583,0,0,0.2275975811,worst_bin,0.6,0.2275975811,False
kitti_mini,000015,KITTI,calibration,random_dropout,0.1,fraction_removed,42,0,110255,110255,0,0,0.3023639362,worst_bin,0.6,0.3023639362,False
kitti_mini,000015,KITTI,calibration,random_dropout,0.3,fraction_removed,42,0,85728,85728,0,0,0.4617921935,worst_bin,0.6,0.4617921935,False
kitti_mini,000015,KITTI,calibration,random_dropout,0.5,fraction_removed,42,0,61027,61027,0,0,0.6179219351,worst_bin,0.6,0.6179219351,True
kitti_mini,000015,KITTI,calibration,sector_dropout,10,degrees,42,0,119491,119491,0,0,0.5019157088,worst_bin,0.6,0.5019157088,False
kitti_mini,000015,KITTI,calibration,sector_dropout,20,degrees,42,0,116309,116309,0,2,1,worst_bin,0.6,1,True
kitti_mini,000015,KITTI,calibration,sector_dropout,30,degrees,42,0,112922,112922,0,2,1,worst_bin,0.6,1,True
kitti_mini,000016,KITTI,test,original,0,none,42,0,113070,113070,0,0,0.2336819807,worst_bin,0.6,0.2336819807,False
kitti_mini,000016,KITTI,test,random_dropout,0.1,fraction_removed,42,0,101696,101696,0,0,0.3033231828,worst_bin,0.6,0.3033231828,False
kitti_mini,000016,KITTI,test,random_dropout,0.3,fraction_removed,42,0,79085,79085,0,0,0.4566397458,worst_bin,0.6,0.4566397458,False
kitti_mini,000016,KITTI,test,random_dropout,0.5,fraction_removed,42,0,56269,56269,0,0,0.6126042632,worst_bin,0.6,0.6126042632,True
kitti_mini,000016,KITTI,test,sector_dropout,10,degrees,42,0,110084,110084,0,0,0.5395395395,worst_bin,0.6,0.5395395395,False
kitti_mini,000016,KITTI,test,sector_dropout,20,degrees,42,0,107282,107282,0,2,1,worst_bin,0.6,1,True
kitti_mini,000016,KITTI,test,sector_dropout,30,degrees,42,0,104177,104177,0,2,1,worst_bin,0.6,1,True
kitti_mini,000019,KITTI,calibration,original,0,none,42,0,115697,115697,0,0,0.3797752809,worst_bin,0.6,0.3797752809,False
kitti_mini,000019,KITTI,calibration,random_dropout,0.1,fraction_removed,42,0,104075,104075,0,0,0.4443820225,worst_bin,0.6,0.4443820225,False
kitti_mini,000019,KITTI,calibration,random_dropout,0.3,fraction_removed,42,0,80920,80920,0,0,0.5710674157,worst_bin,0.6,0.5710674157,False
kitti_mini,000019,KITTI,calibration,random_dropout,0.5,fraction_removed,42,0,57574,57574,0,0,0.6907303371,worst_bin,0.6,0.6907303371,True
kitti_mini,000019,KITTI,calibration,sector_dropout,10,degrees,42,0,112937,112937,0,0,0.4654654655,worst_bin,0.6,0.4654654655,False
kitti_mini,000019,KITTI,calibration,sector_dropout,20,degrees,42,0,109699,109699,0,2,1,worst_bin,0.6,1,True
kitti_mini,000019,KITTI,calibration,sector_dropout,30,degrees,42,0,106352,106352,0,2,1,worst_bin,0.6,1,True
kitti_mini,000021,KITTI,test,original,0,none,42,0,125260,125260,0,0,0.1097626272,worst_bin,0.6,0.1097626272,False
kitti_mini,000021,KITTI,test,random_dropout,0.1,fraction_removed,42,0,112663,112663,0,0,0.1904336962,worst_bin,0.6,0.1904336962,False
kitti_mini,000021,KITTI,test,random_dropout,0.3,fraction_removed,42,0,87589,87589,0,0,0.3771194003,worst_bin,0.6,0.3771194003,False
kitti_mini,000021,KITTI,test,random_dropout,0.5,fraction_removed,42,0,62348,62348,0,0,0.5545243619,worst_bin,0.6,0.5545243619,False
kitti_mini,000021,KITTI,test,sector_dropout,10,degrees,42,0,122350,122350,0,0,0.4925870398,worst_bin,0.6,0.4925870398,False
kitti_mini,000021,KITTI,test,sector_dropout,20,degrees,42,0,119279,119279,0,2,1,worst_bin,0.6,1,True
kitti_mini,000021,KITTI,test,sector_dropout,30,degrees,42,0,115901,115901,0,2,1,worst_bin,0.6,1,True
kitti_mini,000023,KITTI,calibration,original,0,none,42,0,120412,120412,0,0,0.2112836047,worst_bin,0.6,0.2112836047,False
kitti_mini,000023,KITTI,calibration,random_dropout,0.1,fraction_removed,42,0,108295,108295,0,0,0.2828474063,worst_bin,0.6,0.2828474063,False
kitti_mini,000023,KITTI,calibration,random_dropout,0.3,fraction_removed,42,0,84216,84216,0,0,0.4335478985,worst_bin,0.6,0.4335478985,False
kitti_mini,000023,KITTI,calibration,random_dropout,0.5,fraction_removed,42,0,59941,59941,0,0,0.5940931465,worst_bin,0.6,0.5940931465,False
kitti_mini,000023,KITTI,calibration,sector_dropout,10,degrees,42,0,117532,117532,0,0,0.5375375375,worst_bin,0.6,0.5375375375,False
kitti_mini,000023,KITTI,calibration,sector_dropout,20,degrees,42,0,114647,114647,0,2,1,worst_bin,0.6,1,True
kitti_mini,000023,KITTI,calibration,sector_dropout,30,degrees,42,0,111761,111761,0,2,1,worst_bin,0.6,1,True
kitti_mini,000025,KITTI,test,original,0,none,42,0,115780,115780,0,0,0.4989532449,worst_bin,0.6,0.4989532449,False
kitti_mini,000025,KITTI,test,random_dropout,0.1,fraction_removed,42,0,104147,104147,0,0,0.5528262387,worst_bin,0.6,0.5528262387,False
kitti_mini,000025,KITTI,test,random_dropout,0.3,fraction_removed,42,0,80980,80980,0,0,0.6519190509,worst_bin,0.6,0.6519190509,True
kitti_mini,000025,KITTI,test,random_dropout,0.5,fraction_removed,42,0,57618,57618,0,0,0.747662247,worst_bin,0.6,0.747662247,True
kitti_mini,000025,KITTI,test,sector_dropout,10,degrees,42,0,112768,112768,0,0,0.5059137098,worst_bin,0.6,0.5059137098,False
kitti_mini,000025,KITTI,test,sector_dropout,20,degrees,42,0,109681,109681,0,2,1,worst_bin,0.6,1,True
kitti_mini,000025,KITTI,test,sector_dropout,30,degrees,42,0,106354,106354,0,2,1,worst_bin,0.6,1,True
kitti_mini,000031,KITTI,calibration,original,0,none,42,0,121291,121291,0,0,0.2161747142,worst_bin,0.6,0.2161747142,False
kitti_mini,000031,KITTI,calibration,random_dropout,0.1,fraction_removed,42,0,109094,109094,0,0,0.2987544788,worst_bin,0.6,0.2987544788,False
kitti_mini,000031,KITTI,calibration,random_dropout,0.3,fraction_removed,42,0,84836,84836,0,0,0.4741511687,worst_bin,0.6,0.4741511687,False
kitti_mini,000031,KITTI,calibration,random_dropout,0.5,fraction_removed,42,0,60380,60380,0,0,0.6215662856,worst_bin,0.6,0.6215662856,True
kitti_mini,000031,KITTI,calibration,sector_dropout,10,degrees,42,0,118436,118436,0,0,0.4644644645,worst_bin,0.6,0.4644644645,False
kitti_mini,000031,KITTI,calibration,sector_dropout,20,degrees,42,0,115189,115189,0,2,1,worst_bin,0.6,1,True
kitti_mini,000031,KITTI,calibration,sector_dropout,30,degrees,42,0,111968,111968,0,2,1,worst_bin,0.6,1,True
kitti_mini,000032,KITTI,test,original,0,none,42,0,118661,118661,0,0,0.3036516854,worst_bin,0.6,0.3036516854,False
kitti_mini,000032,KITTI,test,random_dropout,0.1,fraction_removed,42,0,106737,106737,0,0,0.3735955056,worst_bin,0.6,0.3735955056,False
kitti_mini,000032,KITTI,test,random_dropout,0.3,fraction_removed,42,0,82996,82996,0,0,0.5095505618,worst_bin,0.6,0.5095505618,False
kitti_mini,000032,KITTI,test,random_dropout,0.5,fraction_removed,42,0,59084,59084,0,0,0.6460674157,worst_bin,0.6,0.6460674157,True
kitti_mini,000032,KITTI,test,sector_dropout,10,degrees,42,0,115376,115376,0,0,0.4869232051,worst_bin,0.6,0.4869232051,False
kitti_mini,000032,KITTI,test,sector_dropout,20,degrees,42,0,112167,112167,0,2,1,worst_bin,0.6,1,True
kitti_mini,000032,KITTI,test,sector_dropout,30,degrees,42,0,108942,108942,0,2,1,worst_bin,0.6,1,True
kitti_mini,000043,KITTI,calibration,original,0,none,42,0,122591,122591,0,0,0.1185770751,worst_bin,0.6,0.1185770751,False
kitti_mini,000043,KITTI,calibration,random_dropout,0.1,fraction_removed,42,0,110261,110261,0,0,0.2026350461,worst_bin,0.6,0.2026350461,False
kitti_mini,000043,KITTI,calibration,random_dropout,0.3,fraction_removed,42,0,85733,85733,0,0,0.377602108,worst_bin,0.6,0.377602108,False
kitti_mini,000043,KITTI,calibration,random_dropout,0.5,fraction_removed,42,0,61030,61030,0,0,0.5571405414,worst_bin,0.6,0.5571405414,False
kitti_mini,000043,KITTI,calibration,sector_dropout,10,degrees,42,0,119700,119700,0,0,0.4659336998,worst_bin,0.6,0.4659336998,False
kitti_mini,000043,KITTI,calibration,sector_dropout,20,degrees,42,0,116484,116484,0,2,1,worst_bin,0.6,1,True
kitti_mini,000043,KITTI,calibration,sector_dropout,30,degrees,42,0,113109,113109,0,2,1,worst_bin,0.6,1,True
kitti_mini,000048,KITTI,test,original,0,none,42,0,122675,122675,0,0,0.1252311757,worst_bin,0.6,0.1252311757,False
kitti_mini,000048,KITTI,test,random_dropout,0.1,fraction_removed,42,0,110341,110341,0,0,0.2113606341,worst_bin,0.6,0.2113606341,False
kitti_mini,000048,KITTI,test,random_dropout,0.3,fraction_removed,42,0,85799,85799,0,0,0.3965653897,worst_bin,0.6,0.3965653897,False
kitti_mini,000048,KITTI,test,random_dropout,0.5,fraction_removed,42,0,61084,61084,0,0,0.5717305152,worst_bin,0.6,0.5717305152,False
kitti_mini,000048,KITTI,test,sector_dropout,10,degrees,42,0,119639,119639,0,0,0.4619356988,worst_bin,0.6,0.4619356988,False
kitti_mini,000048,KITTI,test,sector_dropout,20,degrees,42,0,116394,116394,0,2,1,worst_bin,0.6,1,True
kitti_mini,000048,KITTI,test,sector_dropout,30,degrees,42,0,113015,113015,0,2,1,worst_bin,0.6,1,True
kitti_mini,000049,KITTI,calibration,original,0,none,42,0,113691,113691,0,0,0.2917112299,worst_bin,0.6,0.2917112299,False
kitti_mini,000049,KITTI,calibration,random_dropout,0.1,fraction_removed,42,0,102244,102244,0,0,0.3612299465,worst_bin,0.6,0.3612299465,False
kitti_mini,000049,KITTI,calibration,random_dropout,0.3,fraction_removed,42,0,79510,79510,0,0,0.5016042781,worst_bin,0.6,0.5016042781,False
kitti_mini,000049,KITTI,calibration,random_dropout,0.5,fraction_removed,42,0,56570,56570,0,0,0.649197861,worst_bin,0.6,0.649197861,True
kitti_mini,000049,KITTI,calibration,sector_dropout,10,degrees,42,0,110704,110704,0,0,0.4984984985,worst_bin,0.6,0.4984984985,False
kitti_mini,000049,KITTI,calibration,sector_dropout,20,degrees,42,0,107599,107599,0,2,1,worst_bin,0.6,1,True
kitti_mini,000049,KITTI,calibration,sector_dropout,30,degrees,42,0,104368,104368,0,2,1,worst_bin,0.6,1,True
kitti_mini,000061,KITTI,test,original,0,none,42,0,125247,125247,0,0,0.1957119296,worst_bin,0.6,0.1957119296,False
kitti_mini,000061,KITTI,test,random_dropout,0.1,fraction_removed,42,0,112650,112650,0,0,0.2699285322,worst_bin,0.6,0.2699285322,False
kitti_mini,000061,KITTI,test,random_dropout,0.3,fraction_removed,42,0,87580,87580,0,0,0.4395272128,worst_bin,0.6,0.4395272128,False
kitti_mini,000061,KITTI,test,random_dropout,0.5,fraction_removed,42,0,62340,62340,0,0,0.6083012644,worst_bin,0.6,0.6083012644,True
kitti_mini,000061,KITTI,test,sector_dropout,10,degrees,42,0,121843,121843,0,0,0.4327660994,worst_bin,0.6,0.4327660994,False
kitti_mini,000061,KITTI,test,sector_dropout,20,degrees,42,0,118439,118439,0,2,1,worst_bin,0.6,1,True
kitti_mini,000061,KITTI,test,sector_dropout,30,degrees,42,0,114969,114969,0,2,1,worst_bin,0.6,1,True
nuscenes_mini_subset,scene-0103_000,scene-0103,calibration,original,0,none,42,90,34752,34752,0,0,0.7826802766,worst_bin,0.6,0.7826802766,True
nuscenes_mini_subset,scene-0103_000,scene-0103,calibration,random_dropout,0.1,fraction_removed,42,90,31318,31318,0,0,0.8037537043,worst_bin,0.6,0.8037537043,True
nuscenes_mini_subset,scene-0103_000,scene-0103,calibration,random_dropout,0.3,fraction_removed,42,90,24280,24280,0,0,0.8508396444,worst_bin,0.6,0.8508396444,True
nuscenes_mini_subset,scene-0103_000,scene-0103,calibration,random_dropout,0.5,fraction_removed,42,90,17300,17300,0,0,0.8946328614,worst_bin,0.6,0.8946328614,True
nuscenes_mini_subset,scene-0103_000,scene-0103,calibration,sector_dropout,10,degrees,42,90,34173,34173,0,0,0.7826802766,worst_bin,0.6,0.7826802766,True
nuscenes_mini_subset,scene-0103_000,scene-0103,calibration,sector_dropout,20,degrees,42,90,33489,33489,0,2,1,worst_bin,0.6,1,True
nuscenes_mini_subset,scene-0103_000,scene-0103,calibration,sector_dropout,30,degrees,42,90,32758,32758,0,2,1,worst_bin,0.6,1,True
nuscenes_mini_subset,scene-0103_001,scene-0103,test,original,0,none,42,90,34688,34688,0,0,0.6483993489,worst_bin,0.6,0.6483993489,True
nuscenes_mini_subset,scene-0103_001,scene-0103,test,random_dropout,0.1,fraction_removed,42,90,31260,31260,0,0,0.6858383071,worst_bin,0.6,0.6858383071,True
nuscenes_mini_subset,scene-0103_001,scene-0103,test,random_dropout,0.3,fraction_removed,42,90,24237,24237,0,0,0.757460662,worst_bin,0.6,0.757460662,True
nuscenes_mini_subset,scene-0103_001,scene-0103,test,random_dropout,0.5,fraction_removed,42,90,17270,17270,0,0,0.8279978296,worst_bin,0.6,0.8279978296,True
nuscenes_mini_subset,scene-0103_001,scene-0103,test,sector_dropout,10,degrees,42,90,34086,34086,0,0,0.6483993489,worst_bin,0.6,0.6483993489,True
nuscenes_mini_subset,scene-0103_001,scene-0103,test,sector_dropout,20,degrees,42,90,33401,33401,0,2,1,worst_bin,0.6,1,True
nuscenes_mini_subset,scene-0103_001,scene-0103,test,sector_dropout,30,degrees,42,90,32666,32666,0,2,1,worst_bin,0.6,1,True
nuscenes_mini_subset,scene-0103_002,scene-0103,calibration,original,0,none,42,90,34752,34752,0,0,0.6652197504,worst_bin,0.6,0.6652197504,True
nuscenes_mini_subset,scene-0103_002,scene-0103,calibration,random_dropout,0.1,fraction_removed,42,90,31318,31318,0,0,0.7015735214,worst_bin,0.6,0.7015735214,True
nuscenes_mini_subset,scene-0103_002,scene-0103,calibration,random_dropout,0.3,fraction_removed,42,90,24280,24280,0,0,0.7688551275,worst_bin,0.6,0.7688551275,True
nuscenes_mini_subset,scene-0103_002,scene-0103,calibration,random_dropout,0.5,fraction_removed,42,90,17300,17300,0,0,0.8350515464,worst_bin,0.6,0.8350515464,True
nuscenes_mini_subset,scene-0103_002,scene-0103,calibration,sector_dropout,10,degrees,42,90,34178,34178,0,0,0.6652197504,worst_bin,0.6,0.6652197504,True
nuscenes_mini_subset,scene-0103_002,scene-0103,calibration,sector_dropout,20,degrees,42,90,33497,33497,0,2,1,worst_bin,0.6,1,True
nuscenes_mini_subset,scene-0103_002,scene-0103,calibration,sector_dropout,30,degrees,42,90,32766,32766,0,2,1,worst_bin,0.6,1,True
nuscenes_mini_subset,scene-0103_003,scene-0103,test,original,0,none,42,90,34720,34720,0,0,0.6950623983,worst_bin,0.6,0.6950623983,True
nuscenes_mini_subset,scene-0103_003,scene-0103,test,random_dropout,0.1,fraction_removed,42,90,31288,31288,0,0,0.7254476397,worst_bin,0.6,0.7254476397,True
nuscenes_mini_subset,scene-0103_003,scene-0103,test,random_dropout,0.3,fraction_removed,42,90,24255,24255,0,0,0.788388497,worst_bin,0.6,0.788388497,True
nuscenes_mini_subset,scene-0103_003,scene-0103,test,random_dropout,0.5,fraction_removed,42,90,17283,17283,0,0,0.8475311991,worst_bin,0.6,0.8475311991,True
nuscenes_mini_subset,scene-0103_003,scene-0103,test,sector_dropout,10,degrees,42,90,34137,34137,0,0,0.6950623983,worst_bin,0.6,0.6950623983,True
nuscenes_mini_subset,scene-0103_003,scene-0103,test,sector_dropout,20,degrees,42,90,33465,33465,0,2,1,worst_bin,0.6,1,True
nuscenes_mini_subset,scene-0103_003,scene-0103,test,sector_dropout,30,degrees,42,90,32743,32743,0,2,1,worst_bin,0.6,1,True
nuscenes_mini_subset,scene-0103_004,scene-0103,calibration,original,0,none,42,90,34784,34784,0,0,0.7059142702,worst_bin,0.6,0.7059142702,True
nuscenes_mini_subset,scene-0103_004,scene-0103,calibration,random_dropout,0.1,fraction_removed,42,90,31345,31345,0,0,0.7357569181,worst_bin,0.6,0.7357569181,True
nuscenes_mini_subset,scene-0103_004,scene-0103,calibration,random_dropout,0.3,fraction_removed,42,90,24300,24300,0,0,0.796527401,worst_bin,0.6,0.796527401,True
nuscenes_mini_subset,scene-0103_004,scene-0103,calibration,random_dropout,0.5,fraction_removed,42,90,17313,17313,0,0,0.8551275095,worst_bin,0.6,0.8551275095,True
nuscenes_mini_subset,scene-0103_004,scene-0103,calibration,sector_dropout,10,degrees,42,90,34196,34196,0,0,0.7059142702,worst_bin,0.6,0.7059142702,True
nuscenes_mini_subset,scene-0103_004,scene-0103,calibration,sector_dropout,20,degrees,42,90,33528,33528,0,2,1,worst_bin,0.6,1,True
nuscenes_mini_subset,scene-0103_004,scene-0103,calibration,sector_dropout,30,degrees,42,90,32825,32825,0,2,1,worst_bin,0.6,1,True
nuscenes_mini_subset,scene-0103_005,scene-0103,test,original,0,none,42,90,34720,34720,0,0,0.3824200913,worst_bin,0.6,0.3824200913,False
nuscenes_mini_subset,scene-0103_005,scene-0103,test,random_dropout,0.1,fraction_removed,42,90,31288,31288,0,0,0.4566210046,worst_bin,0.6,0.4566210046,False
nuscenes_mini_subset,scene-0103_005,scene-0103,test,random_dropout,0.3,fraction_removed,42,90,24255,24255,0,0,0.5799086758,worst_bin,0.6,0.5799086758,False
nuscenes_mini_subset,scene-0103_005,scene-0103,test,random_dropout,0.5,fraction_removed,42,90,17283,17283,0,0,0.7160775371,worst_bin,0.6,0.7160775371,True
nuscenes_mini_subset,scene-0103_005,scene-0103,test,sector_dropout,10,degrees,42,90,34105,34105,0,0,0.4887218045,worst_bin,0.6,0.4887218045,False
nuscenes_mini_subset,scene-0103_005,scene-0103,test,sector_dropout,20,degrees,42,90,33424,33424,0,2,1,worst_bin,0.6,1,True
nuscenes_mini_subset,scene-0103_005,scene-0103,test,sector_dropout,30,degrees,42,90,32673,32673,0,2,1,worst_bin,0.6,1,True
nuscenes_mini_subset,scene-0103_006,scene-0103,calibration,original,0,none,42,90,34688,34688,0,0,0.6939772111,worst_bin,0.6,0.6939772111,True
nuscenes_mini_subset,scene-0103_006,scene-0103,calibration,random_dropout,0.1,fraction_removed,42,90,31260,31260,0,0,0.7259902333,worst_bin,0.6,0.7259902333,True
nuscenes_mini_subset,scene-0103_006,scene-0103,calibration,random_dropout,0.3,fraction_removed,42,90,24237,24237,0,0,0.7873033098,worst_bin,0.6,0.7873033098,True
nuscenes_mini_subset,scene-0103_006,scene-0103,calibration,random_dropout,0.5,fraction_removed,42,90,17270,17270,0,0,0.8491589799,worst_bin,0.6,0.8491589799,True
nuscenes_mini_subset,scene-0103_006,scene-0103,calibration,sector_dropout,10,degrees,42,90,34101,34101,0,0,0.6939772111,worst_bin,0.6,0.6939772111,True
nuscenes_mini_subset,scene-0103_006,scene-0103,calibration,sector_dropout,20,degrees,42,90,33454,33454,0,2,1,worst_bin,0.6,1,True
nuscenes_mini_subset,scene-0103_006,scene-0103,calibration,sector_dropout,30,degrees,42,90,32710,32710,0,2,1,worst_bin,0.6,1,True
nuscenes_mini_subset,scene-0103_007,scene-0103,test,original,0,none,42,90,34688,34688,0,0,0.6543678785,worst_bin,0.6,0.6543678785,True
nuscenes_mini_subset,scene-0103_007,scene-0103,test,random_dropout,0.1,fraction_removed,42,90,31260,31260,0,0,0.6907216495,worst_bin,0.6,0.6907216495,True
nuscenes_mini_subset,scene-0103_007,scene-0103,test,random_dropout,0.3,fraction_removed,42,90,24237,24237,0,0,0.7612588171,worst_bin,0.6,0.7612588171,True
nuscenes_mini_subset,scene-0103_007,scene-0103,test,random_dropout,0.5,fraction_removed,42,90,17270,17270,0,0,0.8334237656,worst_bin,0.6,0.8334237656,True
nuscenes_mini_subset,scene-0103_007,scene-0103,test,sector_dropout,10,degrees,42,90,34100,34100,0,0,0.6543678785,worst_bin,0.6,0.6543678785,True
nuscenes_mini_subset,scene-0103_007,scene-0103,test,sector_dropout,20,degrees,42,90,33463,33463,0,2,1,worst_bin,0.6,1,True
nuscenes_mini_subset,scene-0103_007,scene-0103,test,sector_dropout,30,degrees,42,90,32730,32730,0,2,1,worst_bin,0.6,1,True
nuscenes_mini_subset,scene-0103_008,scene-0103,calibration,original,0,none,42,90,34720,34720,0,0,0.7701679289,worst_bin,0.6,0.7701679289,True
nuscenes_mini_subset,scene-0103_008,scene-0103,calibration,random_dropout,0.1,fraction_removed,42,90,31288,31288,0,0,0.7925584458,worst_bin,0.6,0.7925584458,True
nuscenes_mini_subset,scene-0103_008,scene-0103,calibration,random_dropout,0.3,fraction_removed,42,90,24255,24255,0,0,0.8393151136,worst_bin,0.6,0.8393151136,True
nuscenes_mini_subset,scene-0103_008,scene-0103,calibration,random_dropout,0.5,fraction_removed,42,90,17283,17283,0,0,0.8821205137,worst_bin,0.6,0.8821205137,True
nuscenes_mini_subset,scene-0103_008,scene-0103,calibration,sector_dropout,10,degrees,42,90,34166,34166,0,0,0.7701679289,worst_bin,0.6,0.7701679289,True
nuscenes_mini_subset,scene-0103_008,scene-0103,calibration,sector_dropout,20,degrees,42,90,33549,33549,0,2,1,worst_bin,0.6,1,True
nuscenes_mini_subset,scene-0103_008,scene-0103,calibration,sector_dropout,30,degrees,42,90,32831,32831,0,2,1,worst_bin,0.6,1,True
nuscenes_mini_subset,scene-0103_009,scene-0103,test,original,0,none,42,90,34720,34720,0,0,0.7942048074,worst_bin,0.6,0.7942048074,True
nuscenes_mini_subset,scene-0103_009,scene-0103,test,random_dropout,0.1,fraction_removed,42,90,31288,31288,0,0,0.8139611459,worst_bin,0.6,0.8139611459,True
nuscenes_mini_subset,scene-0103_009,scene-0103,test,random_dropout,0.3,fraction_removed,42,90,24255,24255,0,0,0.8561080013,worst_bin,0.6,0.8561080013,True
nuscenes_mini_subset,scene-0103_009,scene-0103,test,random_dropout,0.5,fraction_removed,42,90,17283,17283,0,0,0.895291406,worst_bin,0.6,0.895291406,True
nuscenes_mini_subset,scene-0103_009,scene-0103,test,sector_dropout,10,degrees,42,90,34174,34174,0,0,0.7942048074,worst_bin,0.6,0.7942048074,True
nuscenes_mini_subset,scene-0103_009,scene-0103,test,sector_dropout,20,degrees,42,90,33561,33561,0,2,1,worst_bin,0.6,1,True
nuscenes_mini_subset,scene-0103_009,scene-0103,test,sector_dropout,30,degrees,42,90,32808,32808,0,2,1,worst_bin,0.6,1,True
nuscenes_mini_subset,scene-0103_010,scene-0103,calibration,original,0,none,42,90,34720,34720,0,0,0.6728160608,worst_bin,0.6,0.6728160608,True
nuscenes_mini_subset,scene-0103_010,scene-0103,calibration,random_dropout,0.1,fraction_removed,42,90,31288,31288,0,0,0.7080846446,worst_bin,0.6,0.7080846446,True
nuscenes_mini_subset,scene-0103_010,scene-0103,calibration,random_dropout,0.3,fraction_removed,42,90,24255,24255,0,0,0.7759088443,worst_bin,0.6,0.7759088443,True
nuscenes_mini_subset,scene-0103_010,scene-0103,calibration,random_dropout,0.5,fraction_removed,42,90,17283,17283,0,0,0.8426478568,worst_bin,0.6,0.8426478568,True
nuscenes_mini_subset,scene-0103_010,scene-0103,calibration,sector_dropout,10,degrees,42,90,34162,34162,0,0,0.6728160608,worst_bin,0.6,0.6728160608,True
nuscenes_mini_subset,scene-0103_010,scene-0103,calibration,sector_dropout,20,degrees,42,90,33505,33505,0,2,1,worst_bin,0.6,1,True
nuscenes_mini_subset,scene-0103_010,scene-0103,calibration,sector_dropout,30,degrees,42,90,32755,32755,0,2,1,worst_bin,0.6,1,True
nuscenes_mini_subset,scene-0103_011,scene-0103,test,original,0,none,42,90,34688,34688,0,0,0.6842105263,worst_bin,0.6,0.6842105263,True
nuscenes_mini_subset,scene-0103_011,scene-0103,test,random_dropout,0.1,fraction_removed,42,90,31260,31260,0,0,0.7178513294,worst_bin,0.6,0.7178513294,True
nuscenes_mini_subset,scene-0103_011,scene-0103,test,random_dropout,0.3,fraction_removed,42,90,24237,24237,0,0,0.7851329354,worst_bin,0.6,0.7851329354,True
nuscenes_mini_subset,scene-0103_011,scene-0103,test,random_dropout,0.5,fraction_removed,42,90,17270,17270,0,0,0.8491589799,worst_bin,0.6,0.8491589799,True
nuscenes_mini_subset,scene-0103_011,scene-0103,test,sector_dropout,10,degrees,42,90,34078,34078,0,0,0.6842105263,worst_bin,0.6,0.6842105263,True
nuscenes_mini_subset,scene-0103_011,scene-0103,test,sector_dropout,20,degrees,42,90,33408,33408,0,2,1,worst_bin,0.6,1,True
nuscenes_mini_subset,scene-0103_011,scene-0103,test,sector_dropout,30,degrees,42,90,32649,32649,0,2,1,worst_bin,0.6,1,True
nuscenes_mini_subset,scene-0103_012,scene-0103,calibration,original,0,none,42,90,34688,34688,0,0,0.6782419967,worst_bin,0.6,0.6782419967,True
nuscenes_mini_subset,scene-0103_012,scene-0103,calibration,random_dropout,0.1,fraction_removed,42,90,31260,31260,0,0,0.7107976126,worst_bin,0.6,0.7107976126,True
nuscenes_mini_subset,scene-0103_012,scene-0103,calibration,random_dropout,0.3,fraction_removed,42,90,24237,24237,0,0,0.7780792187,worst_bin,0.6,0.7780792187,True
nuscenes_mini_subset,scene-0103_012,scene-0103,calibration,random_dropout,0.5,fraction_removed,42,90,17270,17270,0,0,0.843733044,worst_bin,0.6,0.843733044,True
nuscenes_mini_subset,scene-0103_012,scene-0103,calibration,sector_dropout,10,degrees,42,90,34076,34076,0,0,0.6782419967,worst_bin,0.6,0.6782419967,True
nuscenes_mini_subset,scene-0103_012,scene-0103,calibration,sector_dropout,20,degrees,42,90,33380,33380,0,2,1,worst_bin,0.6,1,True
nuscenes_mini_subset,scene-0103_012,scene-0103,calibration,sector_dropout,30,degrees,42,90,32605,32605,0,2,1,worst_bin,0.6,1,True
nuscenes_mini_subset,scene-0103_013,scene-0103,test,original,0,none,42,90,34688,34688,0,0,0.2136181575,worst_bin,0.6,0.2136181575,False
nuscenes_mini_subset,scene-0103_013,scene-0103,test,random_dropout,0.1,fraction_removed,42,90,31260,31260,0,0,0.2950600801,worst_bin,0.6,0.2950600801,False
nuscenes_mini_subset,scene-0103_013,scene-0103,test,random_dropout,0.3,fraction_removed,42,90,24237,24237,0,0,0.4632843792,worst_bin,0.6,0.4632843792,False
nuscenes_mini_subset,scene-0103_013,scene-0103,test,random_dropout,0.5,fraction_removed,42,90,17270,17270,0,0,0.6141522029,worst_bin,0.6,0.6141522029,True
nuscenes_mini_subset,scene-0103_013,scene-0103,test,sector_dropout,10,degrees,42,90,34061,34061,0,0,0.4736842105,worst_bin,0.6,0.4736842105,False
nuscenes_mini_subset,scene-0103_013,scene-0103,test,sector_dropout,20,degrees,42,90,33357,33357,0,2,1,worst_bin,0.6,1,True
nuscenes_mini_subset,scene-0103_013,scene-0103,test,sector_dropout,30,degrees,42,90,32548,32548,0,2,1,worst_bin,0.6,1,True
nuscenes_mini_subset,scene-0103_014,scene-0103,calibration,original,0,none,42,90,34720,34720,0,0,0.6196418882,worst_bin,0.6,0.6196418882,True
nuscenes_mini_subset,scene-0103_014,scene-0103,calibration,random_dropout,0.1,fraction_removed,42,90,31288,31288,0,0,0.660336408,worst_bin,0.6,0.660336408,True
nuscenes_mini_subset,scene-0103_014,scene-0103,calibration,random_dropout,0.3,fraction_removed,42,90,24255,24255,0,0,0.7379272925,worst_bin,0.6,0.7379272925,True
nuscenes_mini_subset,scene-0103_014,scene-0103,calibration,random_dropout,0.5,fraction_removed,42,90,17283,17283,0,0,0.8166033641,worst_bin,0.6,0.8166033641,True
nuscenes_mini_subset,scene-0103_014,scene-0103,calibration,sector_dropout,10,degrees,42,90,34073,34073,0,0,0.6196418882,worst_bin,0.6,0.6196418882,True
nuscenes_mini_subset,scene-0103_014,scene-0103,calibration,sector_dropout,20,degrees,42,90,33351,33351,0,2,1,worst_bin,0.6,1,True
nuscenes_mini_subset,scene-0103_014,scene-0103,calibration,sector_dropout,30,degrees,42,90,32523,32523,0,2,1,worst_bin,0.6,1,True
nuscenes_mini_subset,scene-0103_015,scene-0103,test,original,0,none,42,90,34688,34688,0,0,0.4119196576,worst_bin,0.6,0.4119196576,False
nuscenes_mini_subset,scene-0103_015,scene-0103,test,random_dropout,0.1,fraction_removed,42,90,31260,31260,0,0,0.471188673,worst_bin,0.6,0.471188673,False
nuscenes_mini_subset,scene-0103_015,scene-0103,test,random_dropout,0.3,fraction_removed,42,90,24237,24237,0,0,0.5946657886,worst_bin,0.6,0.5946657886,False
nuscenes_mini_subset,scene-0103_015,scene-0103,test,random_dropout,0.5,fraction_removed,42,90,17270,17270,0,0,0.7089232796,worst_bin,0.6,0.7089232796,True
nuscenes_mini_subset,scene-0103_015,scene-0103,test,sector_dropout,10,degrees,42,90,34032,34032,0,0,0.4736842105,worst_bin,0.6,0.4736842105,False
nuscenes_mini_subset,scene-0103_015,scene-0103,test,sector_dropout,20,degrees,42,90,33326,33326,0,2,1,worst_bin,0.6,1,True
nuscenes_mini_subset,scene-0103_015,scene-0103,test,sector_dropout,30,degrees,42,90,32508,32508,0,2,1,worst_bin,0.6,1,True
nuscenes_mini_subset,scene-0103_016,scene-0103,calibration,original,0,none,42,90,34720,34720,0,0,0.6652197504,worst_bin,0.6,0.6652197504,True
nuscenes_mini_subset,scene-0103_016,scene-0103,calibration,random_dropout,0.1,fraction_removed,42,90,31288,31288,0,0,0.699403147,worst_bin,0.6,0.699403147,True
nuscenes_mini_subset,scene-0103_016,scene-0103,calibration,random_dropout,0.3,fraction_removed,42,90,24255,24255,0,0,0.7677699403,worst_bin,0.6,0.7677699403,True
nuscenes_mini_subset,scene-0103_016,scene-0103,calibration,random_dropout,0.5,fraction_removed,42,90,17283,17283,0,0,0.8372219208,worst_bin,0.6,0.8372219208,True
nuscenes_mini_subset,scene-0103_016,scene-0103,calibration,sector_dropout,10,degrees,42,90,34055,34055,0,0,0.6652197504,worst_bin,0.6,0.6652197504,True
nuscenes_mini_subset,scene-0103_016,scene-0103,calibration,sector_dropout,20,degrees,42,90,33363,33363,0,2,1,worst_bin,0.6,1,True
nuscenes_mini_subset,scene-0103_016,scene-0103,calibration,sector_dropout,30,degrees,42,90,32545,32545,0,2,1,worst_bin,0.6,1,True
nuscenes_mini_subset,scene-0103_017,scene-0103,test,original,0,none,42,90,34720,34720,0,0,0.6391752577,worst_bin,0.6,0.6391752577,True
nuscenes_mini_subset,scene-0103_017,scene-0103,test,random_dropout,0.1,fraction_removed,42,90,31288,31288,0,0,0.6771568095,worst_bin,0.6,0.6771568095,True
nuscenes_mini_subset,scene-0103_017,scene-0103,test,random_dropout,0.3,fraction_removed,42,90,24255,24255,0,0,0.7514921324,worst_bin,0.6,0.7514921324,True
nuscenes_mini_subset,scene-0103_017,scene-0103,test,random_dropout,0.5,fraction_removed,42,90,17283,17283,0,0,0.8214867065,worst_bin,0.6,0.8214867065,True
nuscenes_mini_subset,scene-0103_017,scene-0103,test,sector_dropout,10,degrees,42,90,34063,34063,0,0,0.6391752577,worst_bin,0.6,0.6391752577,True
nuscenes_mini_subset,scene-0103_017,scene-0103,test,sector_dropout,20,degrees,42,90,33366,33366,0,2,1,worst_bin,0.6,1,True
nuscenes_mini_subset,scene-0103_017,scene-0103,test,sector_dropout,30,degrees,42,90,32561,32561,0,2,1,worst_bin,0.6,1,True
nuscenes_mini_subset,scene-0103_018,scene-0103,calibration,original,0,none,42,90,34784,34784,0,0,0.5492262101,worst_bin,0.6,0.5492262101,False
nuscenes_mini_subset,scene-0103_018,scene-0103,calibration,random_dropout,0.1,fraction_removed,42,90,31345,31345,0,0,0.5956536055,worst_bin,0.6,0.5956536055,False
nuscenes_mini_subset,scene-0103_018,scene-0103,calibration,random_dropout,0.3,fraction_removed,42,90,24300,24300,0,0,0.6957523872,worst_bin,0.6,0.6957523872,True
nuscenes_mini_subset,scene-0103_018,scene-0103,calibration,random_dropout,0.5,fraction_removed,42,90,17313,17313,0,0,0.7816924597,worst_bin,0.6,0.7816924597,True
nuscenes_mini_subset,scene-0103_018,scene-0103,calibration,sector_dropout,10,degrees,42,90,34149,34149,0,0,0.5492262101,worst_bin,0.6,0.5492262101,False
nuscenes_mini_subset,scene-0103_018,scene-0103,calibration,sector_dropout,20,degrees,42,90,33454,33454,0,2,1,worst_bin,0.6,1,True
nuscenes_mini_subset,scene-0103_018,scene-0103,calibration,sector_dropout,30,degrees,42,90,32635,32635,0,2,1,worst_bin,0.6,1,True
nuscenes_mini_subset,scene-0103_019,scene-0103,test,original,0,none,42,90,34784,34784,0,0,0.6077048291,worst_bin,0.6,0.6077048291,True
nuscenes_mini_subset,scene-0103_019,scene-0103,test,random_dropout,0.1,fraction_removed,42,90,31345,31345,0,0,0.6483993489,worst_bin,0.6,0.6483993489,True
nuscenes_mini_subset,scene-0103_019,scene-0103,test,random_dropout,0.3,fraction_removed,42,90,24300,24300,0,0,0.7303309821,worst_bin,0.6,0.7303309821,True
nuscenes_mini_subset,scene-0103_019,scene-0103,test,random_dropout,0.5,fraction_removed,42,90,17313,17313,0,0,0.8122626153,worst_bin,0.6,0.8122626153,True
nuscenes_mini_subset,scene-0103_019,scene-0103,test,sector_dropout,10,degrees,42,90,34123,34123,0,0,0.6077048291,worst_bin,0.6,0.6077048291,True
nuscenes_mini_subset,scene-0103_019,scene-0103,test,sector_dropout,20,degrees,42,90,33427,33427,0,2,1,worst_bin,0.6,1,True
nuscenes_mini_subset,scene-0103_019,scene-0103,test,sector_dropout,30,degrees,42,90,32594,32594,0,2,1,worst_bin,0.6,1,True
nuscenes_mini_subset,scene-0103_020,scene-0103,calibration,original,0,none,42,90,34752,34752,0,0,0.4498100922,worst_bin,0.6,0.4498100922,False
nuscenes_mini_subset,scene-0103_020,scene-0103,calibration,random_dropout,0.1,fraction_removed,42,90,31318,31318,0,0,0.5024416712,worst_bin,0.6,0.5024416712,False
nuscenes_mini_subset,scene-0103_020,scene-0103,calibration,random_dropout,0.3,fraction_removed,42,90,24280,24280,0,0,0.6169289202,worst_bin,0.6,0.6169289202,True
nuscenes_mini_subset,scene-0103_020,scene-0103,calibration,random_dropout,0.5,fraction_removed,42,90,17300,17300,0,0,0.7308735757,worst_bin,0.6,0.7308735757,True
nuscenes_mini_subset,scene-0103_020,scene-0103,calibration,sector_dropout,10,degrees,42,90,34095,34095,0,0,0.4751879699,worst_bin,0.6,0.4751879699,False
nuscenes_mini_subset,scene-0103_020,scene-0103,calibration,sector_dropout,20,degrees,42,90,33395,33395,0,2,1,worst_bin,0.6,1,True
nuscenes_mini_subset,scene-0103_020,scene-0103,calibration,sector_dropout,30,degrees,42,90,32563,32563,0,2,1,worst_bin,0.6,1,True
nuscenes_mini_subset,scene-0103_021,scene-0103,test,original,0,none,42,90,34752,34752,0,0,0.6733586544,worst_bin,0.6,0.6733586544,True
nuscenes_mini_subset,scene-0103_021,scene-0103,test,random_dropout,0.1,fraction_removed,42,90,31318,31318,0,0,0.7091698318,worst_bin,0.6,0.7091698318,True
nuscenes_mini_subset,scene-0103_021,scene-0103,test,random_dropout,0.3,fraction_removed,42,90,24280,24280,0,0,0.7764514379,worst_bin,0.6,0.7764514379,True
nuscenes_mini_subset,scene-0103_021,scene-0103,test,random_dropout,0.5,fraction_removed,42,90,17300,17300,0,0,0.8415626696,worst_bin,0.6,0.8415626696,True
nuscenes_mini_subset,scene-0103_021,scene-0103,test,sector_dropout,10,degrees,42,90,34105,34105,0,0,0.6733586544,worst_bin,0.6,0.6733586544,True
nuscenes_mini_subset,scene-0103_021,scene-0103,test,sector_dropout,20,degrees,42,90,33414,33414,0,2,1,worst_bin,0.6,1,True
nuscenes_mini_subset,scene-0103_021,scene-0103,test,sector_dropout,30,degrees,42,90,32584,32584,0,2,1,worst_bin,0.6,1,True
nuscenes_mini_subset,scene-0103_022,scene-0103,calibration,original,0,none,42,90,34752,34752,0,0,0.6435160065,worst_bin,0.6,0.6435160065,True
nuscenes_mini_subset,scene-0103_022,scene-0103,calibration,random_dropout,0.1,fraction_removed,42,90,31318,31318,0,0,0.6809549647,worst_bin,0.6,0.6809549647,True
nuscenes_mini_subset,scene-0103_022,scene-0103,calibration,random_dropout,0.3,fraction_removed,42,90,24280,24280,0,0,0.7525773196,worst_bin,0.6,0.7525773196,True
nuscenes_mini_subset,scene-0103_022,scene-0103,calibration,random_dropout,0.5,fraction_removed,42,90,17300,17300,0,0,0.8220293001,worst_bin,0.6,0.8220293001,True
nuscenes_mini_subset,scene-0103_022,scene-0103,calibration,sector_dropout,10,degrees,42,90,34111,34111,0,0,0.6435160065,worst_bin,0.6,0.6435160065,True
nuscenes_mini_subset,scene-0103_022,scene-0103,calibration,sector_dropout,20,degrees,42,90,33441,33441,0,2,1,worst_bin,0.6,1,True
nuscenes_mini_subset,scene-0103_022,scene-0103,calibration,sector_dropout,30,degrees,42,90,32621,32621,0,2,1,worst_bin,0.6,1,True
nuscenes_mini_subset,scene-0103_023,scene-0103,test,original,0,none,42,90,34720,34720,0,0,0.6272637471,worst_bin,0.6,0.6272637471,True
nuscenes_mini_subset,scene-0103_023,scene-0103,test,random_dropout,0.1,fraction_removed,42,90,31288,31288,0,0,0.6631544287,worst_bin,0.6,0.6631544287,True
nuscenes_mini_subset,scene-0103_023,scene-0103,test,random_dropout,0.3,fraction_removed,42,90,24255,24255,0,0,0.7349357919,worst_bin,0.6,0.7349357919,True
nuscenes_mini_subset,scene-0103_023,scene-0103,test,random_dropout,0.5,fraction_removed,42,90,17283,17283,0,0,0.8123147843,worst_bin,0.6,0.8123147843,True
nuscenes_mini_subset,scene-0103_023,scene-0103,test,sector_dropout,10,degrees,42,90,34089,34089,0,0,0.6272637471,worst_bin,0.6,0.6272637471,True
nuscenes_mini_subset,scene-0103_023,scene-0103,test,sector_dropout,20,degrees,42,90,33403,33403,0,2,1,worst_bin,0.6,1,True
nuscenes_mini_subset,scene-0103_023,scene-0103,test,sector_dropout,30,degrees,42,90,32595,32595,0,2,1,worst_bin,0.6,1,True
nuscenes_mini_subset,scene-0103_024,scene-0103,calibration,original,0,none,42,90,34688,34688,0,0,0.576776994,worst_bin,0.6,0.576776994,False
nuscenes_mini_subset,scene-0103_024,scene-0103,calibration,random_dropout,0.1,fraction_removed,42,90,31260,31260,0,0,0.6180141074,worst_bin,0.6,0.6180141074,True
nuscenes_mini_subset,scene-0103_024,scene-0103,calibration,random_dropout,0.3,fraction_removed,42,90,24237,24237,0,0,0.7069994574,worst_bin,0.6,0.7069994574,True
nuscenes_mini_subset,scene-0103_024,scene-0103,calibration,random_dropout,0.5,fraction_removed,42,90,17270,17270,0,0,0.796527401,worst_bin,0.6,0.796527401,True
nuscenes_mini_subset,scene-0103_024,scene-0103,calibration,sector_dropout,10,degrees,42,90,34055,34055,0,0,0.576776994,worst_bin,0.6,0.576776994,False
nuscenes_mini_subset,scene-0103_024,scene-0103,calibration,sector_dropout,20,degrees,42,90,33385,33385,0,2,1,worst_bin,0.6,1,True
nuscenes_mini_subset,scene-0103_024,scene-0103,calibration,sector_dropout,30,degrees,42,90,32584,32584,0,2,1,worst_bin,0.6,1,True
nuscenes_mini_subset,scene-0103_025,scene-0103,test,original,0,none,42,90,34688,34688,0,0,0.7902535397,worst_bin,0.6,0.7902535397,True
nuscenes_mini_subset,scene-0103_025,scene-0103,test,random_dropout,0.1,fraction_removed,42,90,31260,31260,0,0,0.8106684228,worst_bin,0.6,0.8106684228,True
nuscenes_mini_subset,scene-0103_025,scene-0103,test,random_dropout,0.3,fraction_removed,42,90,24237,24237,0,0,0.8505103721,worst_bin,0.6,0.8505103721,True
nuscenes_mini_subset,scene-0103_025,scene-0103,test,random_dropout,0.5,fraction_removed,42,90,17270,17270,0,0,0.8913401383,worst_bin,0.6,0.8913401383,True
nuscenes_mini_subset,scene-0103_025,scene-0103,test,sector_dropout,10,degrees,42,90,34068,34068,0,0,0.7902535397,worst_bin,0.6,0.7902535397,True
nuscenes_mini_subset,scene-0103_025,scene-0103,test,sector_dropout,20,degrees,42,90,33409,33409,0,2,1,worst_bin,0.6,1,True
nuscenes_mini_subset,scene-0103_025,scene-0103,test,sector_dropout,30,degrees,42,90,32630,32630,0,2,1,worst_bin,0.6,1,True
nuscenes_mini_subset,scene-0103_026,scene-0103,calibration,original,0,none,42,90,34688,34688,0,0,0.773460652,worst_bin,0.6,0.773460652,True
nuscenes_mini_subset,scene-0103_026,scene-0103,calibration,random_dropout,0.1,fraction_removed,42,90,31260,31260,0,0,0.7945340797,worst_bin,0.6,0.7945340797,True
nuscenes_mini_subset,scene-0103_026,scene-0103,calibration,random_dropout,0.3,fraction_removed,42,90,24237,24237,0,0,0.8406322028,worst_bin,0.6,0.8406322028,True
nuscenes_mini_subset,scene-0103_026,scene-0103,calibration,random_dropout,0.5,fraction_removed,42,90,17270,17270,0,0,0.8877181429,worst_bin,0.6,0.8877181429,True
nuscenes_mini_subset,scene-0103_026,scene-0103,calibration,sector_dropout,10,degrees,42,90,34086,34086,0,0,0.773460652,worst_bin,0.6,0.773460652,True
nuscenes_mini_subset,scene-0103_026,scene-0103,calibration,sector_dropout,20,degrees,42,90,33423,33423,0,2,1,worst_bin,0.6,1,True
nuscenes_mini_subset,scene-0103_026,scene-0103,calibration,sector_dropout,30,degrees,42,90,32672,32672,0,2,1,worst_bin,0.6,1,True
nuscenes_mini_subset,scene-0103_027,scene-0103,test,original,0,none,42,90,34752,34752,0,0,0.6521975041,worst_bin,0.6,0.6521975041,True
nuscenes_mini_subset,scene-0103_027,scene-0103,test,random_dropout,0.1,fraction_removed,42,90,31318,31318,0,0,0.6874660879,worst_bin,0.6,0.6874660879,True
nuscenes_mini_subset,scene-0103_027,scene-0103,test,random_dropout,0.3,fraction_removed,42,90,24280,24280,0,0,0.7569180684,worst_bin,0.6,0.7569180684,True
nuscenes_mini_subset,scene-0103_027,scene-0103,test,random_dropout,0.5,fraction_removed,42,90,17300,17300,0,0,0.8263700488,worst_bin,0.6,0.8263700488,True
nuscenes_mini_subset,scene-0103_027,scene-0103,test,sector_dropout,10,degrees,42,90,34167,34167,0,0,0.6521975041,worst_bin,0.6,0.6521975041,True
nuscenes_mini_subset,scene-0103_027,scene-0103,test,sector_dropout,20,degrees,42,90,33521,33521,0,2,1,worst_bin,0.6,1,True
nuscenes_mini_subset,scene-0103_027,scene-0103,test,sector_dropout,30,degrees,42,90,32768,32768,0,2,1,worst_bin,0.6,1,True
nuscenes_mini_subset,scene-0103_028,scene-0103,calibration,original,0,none,42,90,34720,34720,0,0,0.7843266381,worst_bin,0.6,0.7843266381,True
nuscenes_mini_subset,scene-0103_028,scene-0103,calibration,random_dropout,0.1,fraction_removed,42,90,31288,31288,0,0,0.8050707935,worst_bin,0.6,0.8050707935,True
nuscenes_mini_subset,scene-0103_028,scene-0103,calibration,random_dropout,0.3,fraction_removed,42,90,24255,24255,0,0,0.8482054659,worst_bin,0.6,0.8482054659,True
nuscenes_mini_subset,scene-0103_028,scene-0103,calibration,random_dropout,0.5,fraction_removed,42,90,17283,17283,0,0,0.8890352321,worst_bin,0.6,0.8890352321,True
nuscenes_mini_subset,scene-0103_028,scene-0103,calibration,sector_dropout,10,degrees,42,90,34151,34151,0,0,0.7843266381,worst_bin,0.6,0.7843266381,True
nuscenes_mini_subset,scene-0103_028,scene-0103,calibration,sector_dropout,20,degrees,42,90,33510,33510,0,2,1,worst_bin,0.6,1,True
nuscenes_mini_subset,scene-0103_028,scene-0103,calibration,sector_dropout,30,degrees,42,90,32755,32755,0,2,1,worst_bin,0.6,1,True
nuscenes_mini_subset,scene-0103_029,scene-0103,test,original,0,none,42,90,34720,34720,0,0,0.4134563212,worst_bin,0.6,0.4134563212,False
nuscenes_mini_subset,scene-0103_029,scene-0103,test,random_dropout,0.1,fraction_removed,42,90,31288,31288,0,0,0.4742268041,worst_bin,0.6,0.4742268041,False
nuscenes_mini_subset,scene-0103_029,scene-0103,test,random_dropout,0.3,fraction_removed,42,90,24255,24255,0,0,0.5957677699,worst_bin,0.6,0.5957677699,False
nuscenes_mini_subset,scene-0103_029,scene-0103,test,random_dropout,0.5,fraction_removed,42,90,17283,17283,0,0,0.7145957678,worst_bin,0.6,0.7145957678,True
nuscenes_mini_subset,scene-0103_029,scene-0103,test,sector_dropout,10,degrees,42,90,34160,34160,0,0,0.5428571429,worst_bin,0.6,0.5428571429,False
nuscenes_mini_subset,scene-0103_029,scene-0103,test,sector_dropout,20,degrees,42,90,33514,33514,0,2,1,worst_bin,0.6,1,True
nuscenes_mini_subset,scene-0103_029,scene-0103,test,sector_dropout,30,degrees,42,90,32798,32798,0,2,1,worst_bin,0.6,1,True
nuscenes_mini_subset,scene-0103_030,scene-0103,calibration,original,0,none,42,90,34688,34688,0,0,0.8106684228,worst_bin,0.6,0.8106684228,True
nuscenes_mini_subset,scene-0103_030,scene-0103,calibration,random_dropout,0.1,fraction_removed,42,90,31260,31260,0,0,0.8297662167,worst_bin,0.6,0.8297662167,True
nuscenes_mini_subset,scene-0103_030,scene-0103,calibration,random_dropout,0.3,fraction_removed,42,90,24237,24237,0,0,0.8663154429,worst_bin,0.6,0.8663154429,True
nuscenes_mini_subset,scene-0103_030,scene-0103,calibration,random_dropout,0.5,fraction_removed,42,90,17270,17270,0,0,0.9031939414,worst_bin,0.6,0.9031939414,True
nuscenes_mini_subset,scene-0103_030,scene-0103,calibration,sector_dropout,10,degrees,42,90,34127,34127,0,0,0.8106684228,worst_bin,0.6,0.8106684228,True
nuscenes_mini_subset,scene-0103_030,scene-0103,calibration,sector_dropout,20,degrees,42,90,33482,33482,0,2,1,worst_bin,0.6,1,True
nuscenes_mini_subset,scene-0103_030,scene-0103,calibration,sector_dropout,30,degrees,42,90,32731,32731,0,2,1,worst_bin,0.6,1,True
nuscenes_mini_subset,scene-0103_031,scene-0103,test,original,0,none,42,90,34688,34688,0,0,0.8103391505,worst_bin,0.6,0.8103391505,True
nuscenes_mini_subset,scene-0103_031,scene-0103,test,random_dropout,0.1,fraction_removed,42,90,31260,31260,0,0,0.8287783997,worst_bin,0.6,0.8287783997,True
nuscenes_mini_subset,scene-0103_031,scene-0103,test,random_dropout,0.3,fraction_removed,42,90,24237,24237,0,0,0.8653276259,worst_bin,0.6,0.8653276259,True
nuscenes_mini_subset,scene-0103_031,scene-0103,test,random_dropout,0.5,fraction_removed,42,90,17270,17270,0,0,0.9028646691,worst_bin,0.6,0.9028646691,True
nuscenes_mini_subset,scene-0103_031,scene-0103,test,sector_dropout,10,degrees,42,90,34138,34138,0,0,0.8103391505,worst_bin,0.6,0.8103391505,True
nuscenes_mini_subset,scene-0103_031,scene-0103,test,sector_dropout,20,degrees,42,90,33506,33506,0,2,1,worst_bin,0.6,1,True
nuscenes_mini_subset,scene-0103_031,scene-0103,test,sector_dropout,30,degrees,42,90,32761,32761,0,2,1,worst_bin,0.6,1,True
nuscenes_mini_subset,scene-0103_032,scene-0103,calibration,original,0,none,42,90,34752,34752,0,0,0.8109976951,worst_bin,0.6,0.8109976951,True
nuscenes_mini_subset,scene-0103_032,scene-0103,calibration,random_dropout,0.1,fraction_removed,42,90,31318,31318,0,0,0.8297662167,worst_bin,0.6,0.8297662167,True
nuscenes_mini_subset,scene-0103_032,scene-0103,calibration,random_dropout,0.3,fraction_removed,42,90,24280,24280,0,0,0.8676325321,worst_bin,0.6,0.8676325321,True
nuscenes_mini_subset,scene-0103_032,scene-0103,calibration,random_dropout,0.5,fraction_removed,42,90,17300,17300,0,0,0.9048403029,worst_bin,0.6,0.9048403029,True
nuscenes_mini_subset,scene-0103_032,scene-0103,calibration,sector_dropout,10,degrees,42,90,34206,34206,0,0,0.8109976951,worst_bin,0.6,0.8109976951,True
nuscenes_mini_subset,scene-0103_032,scene-0103,calibration,sector_dropout,20,degrees,42,90,33570,33570,0,2,1,worst_bin,0.6,1,True
nuscenes_mini_subset,scene-0103_032,scene-0103,calibration,sector_dropout,30,degrees,42,90,32828,32828,0,2,1,worst_bin,0.6,1,True
nuscenes_mini_subset,scene-0103_033,scene-0103,test,original,0,none,42,90,34784,34784,0,0,0.8152782351,worst_bin,0.6,0.8152782351,True
nuscenes_mini_subset,scene-0103_033,scene-0103,test,random_dropout,0.1,fraction_removed,42,90,31345,31345,0,0,0.8353638459,worst_bin,0.6,0.8353638459,True
nuscenes_mini_subset,scene-0103_033,scene-0103,test,random_dropout,0.3,fraction_removed,42,90,24300,24300,0,0,0.8742179783,worst_bin,0.6,0.8742179783,True
nuscenes_mini_subset,scene-0103_033,scene-0103,test,random_dropout,0.5,fraction_removed,42,90,17313,17313,0,0,0.9107672045,worst_bin,0.6,0.9107672045,True
nuscenes_mini_subset,scene-0103_033,scene-0103,test,sector_dropout,10,degrees,42,90,34224,34224,0,0,0.8152782351,worst_bin,0.6,0.8152782351,True
nuscenes_mini_subset,scene-0103_033,scene-0103,test,sector_dropout,20,degrees,42,90,33602,33602,0,2,1,worst_bin,0.6,1,True
nuscenes_mini_subset,scene-0103_033,scene-0103,test,sector_dropout,30,degrees,42,90,32854,32854,0,2,1,worst_bin,0.6,1,True
nuscenes_mini_subset,scene-0103_034,scene-0103,calibration,original,0,none,42,90,34688,34688,0,0,0.2034902865,worst_bin,0.6,0.2034902865,False
nuscenes_mini_subset,scene-0103_034,scene-0103,calibration,random_dropout,0.1,fraction_removed,42,90,31260,31260,0,0,0.2835034574,worst_bin,0.6,0.2835034574,False
nuscenes_mini_subset,scene-0103_034,scene-0103,calibration,random_dropout,0.3,fraction_removed,42,90,24237,24237,0,0,0.4445176161,worst_bin,0.6,0.4445176161,False
nuscenes_mini_subset,scene-0103_034,scene-0103,calibration,random_dropout,0.5,fraction_removed,42,90,17270,17270,0,0,0.6195488722,worst_bin,0.6,0.6195488722,True
nuscenes_mini_subset,scene-0103_034,scene-0103,calibration,sector_dropout,10,degrees,42,90,34149,34149,0,0,0.5714285714,worst_bin,0.6,0.5714285714,False
nuscenes_mini_subset,scene-0103_034,scene-0103,calibration,sector_dropout,20,degrees,42,90,33512,33512,0,2,1,worst_bin,0.6,1,True
nuscenes_mini_subset,scene-0103_034,scene-0103,calibration,sector_dropout,30,degrees,42,90,32762,32762,0,2,1,worst_bin,0.6,1,True
nuscenes_mini_subset,scene-0103_035,scene-0103,test,original,0,none,42,90,34720,34720,0,0,0.8189002305,worst_bin,0.6,0.8189002305,True
nuscenes_mini_subset,scene-0103_035,scene-0103,test,random_dropout,0.1,fraction_removed,42,90,31288,31288,0,0,0.8363516628,worst_bin,0.6,0.8363516628,True
nuscenes_mini_subset,scene-0103_035,scene-0103,test,random_dropout,0.3,fraction_removed,42,90,24255,24255,0,0,0.8709252552,worst_bin,0.6,0.8709252552,True
nuscenes_mini_subset,scene-0103_035,scene-0103,test,random_dropout,0.5,fraction_removed,42,90,17283,17283,0,0,0.9061573922,worst_bin,0.6,0.9061573922,True
nuscenes_mini_subset,scene-0103_035,scene-0103,test,sector_dropout,10,degrees,42,90,34161,34161,0,0,0.8189002305,worst_bin,0.6,0.8189002305,True
nuscenes_mini_subset,scene-0103_035,scene-0103,test,sector_dropout,20,degrees,42,90,33562,33562,0,2,1,worst_bin,0.6,1,True
nuscenes_mini_subset,scene-0103_035,scene-0103,test,sector_dropout,30,degrees,42,90,32824,32824,0,2,1,worst_bin,0.6,1,True
nuscenes_mini_subset,scene-0103_036,scene-0103,calibration,original,0,none,42,90,34752,34752,0,0,0.8096806059,worst_bin,0.6,0.8096806059,True
nuscenes_mini_subset,scene-0103_036,scene-0103,calibration,random_dropout,0.1,fraction_removed,42,90,31318,31318,0,0,0.8297662167,worst_bin,0.6,0.8297662167,True
nuscenes_mini_subset,scene-0103_036,scene-0103,calibration,random_dropout,0.3,fraction_removed,42,90,24280,24280,0,0,0.869608166,worst_bin,0.6,0.869608166,True
nuscenes_mini_subset,scene-0103_036,scene-0103,calibration,random_dropout,0.5,fraction_removed,42,90,17300,17300,0,0,0.9061573922,worst_bin,0.6,0.9061573922,True
nuscenes_mini_subset,scene-0103_036,scene-0103,calibration,sector_dropout,10,degrees,42,90,34202,34202,0,0,0.8096806059,worst_bin,0.6,0.8096806059,True
nuscenes_mini_subset,scene-0103_036,scene-0103,calibration,sector_dropout,20,degrees,42,90,33570,33570,0,2,1,worst_bin,0.6,1,True
nuscenes_mini_subset,scene-0103_036,scene-0103,calibration,sector_dropout,30,degrees,42,90,32829,32829,0,2,1,worst_bin,0.6,1,True
nuscenes_mini_subset,scene-0103_037,scene-0103,test,original,0,none,42,90,34720,34720,0,0,0.811985512,worst_bin,0.6,0.811985512,True
nuscenes_mini_subset,scene-0103_037,scene-0103,test,random_dropout,0.1,fraction_removed,42,90,31288,31288,0,0,0.8310833059,worst_bin,0.6,0.8310833059,True
nuscenes_mini_subset,scene-0103_037,scene-0103,test,random_dropout,0.3,fraction_removed,42,90,24255,24255,0,0,0.8679618044,worst_bin,0.6,0.8679618044,True
nuscenes_mini_subset,scene-0103_037,scene-0103,test,random_dropout,0.5,fraction_removed,42,90,17283,17283,0,0,0.9045110306,worst_bin,0.6,0.9045110306,True
nuscenes_mini_subset,scene-0103_037,scene-0103,test,sector_dropout,10,degrees,42,90,34170,34170,0,0,0.811985512,worst_bin,0.6,0.811985512,True
nuscenes_mini_subset,scene-0103_037,scene-0103,test,sector_dropout,20,degrees,42,90,33573,33573,0,2,1,worst_bin,0.6,1,True
nuscenes_mini_subset,scene-0103_037,scene-0103,test,sector_dropout,30,degrees,42,90,32829,32829,0,2,1,worst_bin,0.6,1,True
nuscenes_mini_subset,scene-0103_038,scene-0103,calibration,original,0,none,42,90,34752,34752,0,0,0.6424308193,worst_bin,0.6,0.6424308193,True
nuscenes_mini_subset,scene-0103_038,scene-0103,calibration,random_dropout,0.1,fraction_removed,42,90,31318,31318,0,0,0.6825827455,worst_bin,0.6,0.6825827455,True
nuscenes_mini_subset,scene-0103_038,scene-0103,calibration,random_dropout,0.3,fraction_removed,42,90,24280,24280,0,0,0.7542051004,worst_bin,0.6,0.7542051004,True
nuscenes_mini_subset,scene-0103_038,scene-0103,calibration,random_dropout,0.5,fraction_removed,42,90,17300,17300,0,0,0.8285404232,worst_bin,0.6,0.8285404232,True
nuscenes_mini_subset,scene-0103_038,scene-0103,calibration,sector_dropout,10,degrees,42,90,34195,34195,0,0,0.6424308193,worst_bin,0.6,0.6424308193,True
nuscenes_mini_subset,scene-0103_038,scene-0103,calibration,sector_dropout,20,degrees,42,90,33560,33560,0,2,1,worst_bin,0.6,1,True
nuscenes_mini_subset,scene-0103_038,scene-0103,calibration,sector_dropout,30,degrees,42,90,32820,32820,0,2,1,worst_bin,0.6,1,True
nuscenes_mini_subset,scene-0103_039,scene-0103,test,original,0,none,42,90,34720,34720,0,0,0.8179124136,worst_bin,0.6,0.8179124136,True
nuscenes_mini_subset,scene-0103_039,scene-0103,test,random_dropout,0.1,fraction_removed,42,90,31288,31288,0,0,0.8366809351,worst_bin,0.6,0.8366809351,True
nuscenes_mini_subset,scene-0103_039,scene-0103,test,random_dropout,0.3,fraction_removed,42,90,24255,24255,0,0,0.8722423444,worst_bin,0.6,0.8722423444,True
nuscenes_mini_subset,scene-0103_039,scene-0103,test,random_dropout,0.5,fraction_removed,42,90,17283,17283,0,0,0.908133026,worst_bin,0.6,0.908133026,True
nuscenes_mini_subset,scene-0103_039,scene-0103,test,sector_dropout,10,degrees,42,90,34189,34189,0,0,0.8179124136,worst_bin,0.6,0.8179124136,True
nuscenes_mini_subset,scene-0103_039,scene-0103,test,sector_dropout,20,degrees,42,90,33586,33586,0,2,1,worst_bin,0.6,1,True
nuscenes_mini_subset,scene-0103_039,scene-0103,test,sector_dropout,30,degrees,42,90,32845,32845,0,2,1,worst_bin,0.6,1,True
nuscenes_mini_subset,scene-1094_000,scene-1094,calibration,original,0,none,42,90,34400,34400,0,0,0.5802997859,worst_bin,0.6,0.5802997859,False
nuscenes_mini_subset,scene-1094_000,scene-1094,calibration,random_dropout,0.1,fraction_removed,42,90,31003,31003,0,0,0.6209850107,worst_bin,0.6,0.6209850107,True
nuscenes_mini_subset,scene-1094_000,scene-1094,calibration,random_dropout,0.3,fraction_removed,42,90,24033,24033,0,0,0.7194860814,worst_bin,0.6,0.7194860814,True
nuscenes_mini_subset,scene-1094_000,scene-1094,calibration,random_dropout,0.5,fraction_removed,42,90,17119,17119,0,0,0.8094218415,worst_bin,0.6,0.8094218415,True
nuscenes_mini_subset,scene-1094_000,scene-1094,calibration,sector_dropout,10,degrees,42,90,33517,33517,0,0,0.5802997859,worst_bin,0.6,0.5802997859,False
nuscenes_mini_subset,scene-1094_000,scene-1094,calibration,sector_dropout,20,degrees,42,90,32616,32616,0,2,1,worst_bin,0.6,1,True
nuscenes_mini_subset,scene-1094_000,scene-1094,calibration,sector_dropout,30,degrees,42,90,31737,31737,0,2,1,worst_bin,0.6,1,True
nuscenes_mini_subset,scene-1094_001,scene-1094,test,original,0,none,42,90,34688,34688,0,0,0.5728051392,worst_bin,0.6,0.5728051392,False
nuscenes_mini_subset,scene-1094_001,scene-1094,test,random_dropout,0.1,fraction_removed,42,90,31260,31260,0,0,0.6102783726,worst_bin,0.6,0.6102783726,True
nuscenes_mini_subset,scene-1094_001,scene-1094,test,random_dropout,0.3,fraction_removed,42,90,24237,24237,0,0,0.7012847966,worst_bin,0.6,0.7012847966,True
nuscenes_mini_subset,scene-1094_001,scene-1094,test,random_dropout,0.5,fraction_removed,42,90,17270,17270,0,0,0.7890792291,worst_bin,0.6,0.7890792291,True
nuscenes_mini_subset,scene-1094_001,scene-1094,test,sector_dropout,10,degrees,42,90,33800,33800,0,0,0.5728051392,worst_bin,0.6,0.5728051392,False
nuscenes_mini_subset,scene-1094_001,scene-1094,test,sector_dropout,20,degrees,42,90,32888,32888,0,2,1,worst_bin,0.6,1,True
nuscenes_mini_subset,scene-1094_001,scene-1094,test,sector_dropout,30,degrees,42,90,32011,32011,0,2,1,worst_bin,0.6,1,True
nuscenes_mini_subset,scene-1094_002,scene-1094,calibration,original,0,none,42,90,34720,34720,0,0,0.579489962,worst_bin,0.6,0.579489962,False
nuscenes_mini_subset,scene-1094_002,scene-1094,calibration,random_dropout,0.1,fraction_removed,42,90,31288,31288,0,0,0.6223548562,worst_bin,0.6,0.6223548562,True
nuscenes_mini_subset,scene-1094_002,scene-1094,calibration,random_dropout,0.3,fraction_removed,42,90,24255,24255,0,0,0.710255019,worst_bin,0.6,0.710255019,True
nuscenes_mini_subset,scene-1094_002,scene-1094,calibration,random_dropout,0.5,fraction_removed,42,90,17283,17283,0,0,0.7894736842,worst_bin,0.6,0.7894736842,True
nuscenes_mini_subset,scene-1094_002,scene-1094,calibration,sector_dropout,10,degrees,42,90,33827,33827,0,0,0.579489962,worst_bin,0.6,0.579489962,False
nuscenes_mini_subset,scene-1094_002,scene-1094,calibration,sector_dropout,20,degrees,42,90,32927,32927,0,2,1,worst_bin,0.6,1,True
nuscenes_mini_subset,scene-1094_002,scene-1094,calibration,sector_dropout,30,degrees,42,90,32040,32040,0,2,1,worst_bin,0.6,1,True
nuscenes_mini_subset,scene-1094_003,scene-1094,test,original,0,none,42,90,34688,34688,0,0,0.5979381443,worst_bin,0.6,0.5979381443,False
nuscenes_mini_subset,scene-1094_003,scene-1094,test,random_dropout,0.1,fraction_removed,42,90,31260,31260,0,0,0.6424308193,worst_bin,0.6,0.6424308193,True
nuscenes_mini_subset,scene-1094_003,scene-1094,test,random_dropout,0.3,fraction_removed,42,90,24237,24237,0,0,0.7249050461,worst_bin,0.6,0.7249050461,True
nuscenes_mini_subset,scene-1094_003,scene-1094,test,random_dropout,0.5,fraction_removed,42,90,17270,17270,0,0,0.8041237113,worst_bin,0.6,0.8041237113,True
nuscenes_mini_subset,scene-1094_003,scene-1094,test,sector_dropout,10,degrees,42,90,33781,33781,0,0,0.5979381443,worst_bin,0.6,0.5979381443,False
nuscenes_mini_subset,scene-1094_003,scene-1094,test,sector_dropout,20,degrees,42,90,32881,32881,0,2,1,worst_bin,0.6,1,True
nuscenes_mini_subset,scene-1094_003,scene-1094,test,sector_dropout,30,degrees,42,90,31999,31999,0,2,1,worst_bin,0.6,1,True
nuscenes_mini_subset,scene-1094_004,scene-1094,calibration,original,0,none,42,90,34720,34720,0,0,0.6087900163,worst_bin,0.6,0.6087900163,True
nuscenes_mini_subset,scene-1094_004,scene-1094,calibration,random_dropout,0.1,fraction_removed,42,90,31288,31288,0,0,0.6478567553,worst_bin,0.6,0.6478567553,True
nuscenes_mini_subset,scene-1094_004,scene-1094,calibration,random_dropout,0.3,fraction_removed,42,90,24255,24255,0,0,0.7308735757,worst_bin,0.6,0.7308735757,True
nuscenes_mini_subset,scene-1094_004,scene-1094,calibration,random_dropout,0.5,fraction_removed,42,90,17283,17283,0,0,0.8090070537,worst_bin,0.6,0.8090070537,True
nuscenes_mini_subset,scene-1094_004,scene-1094,calibration,sector_dropout,10,degrees,42,90,33834,33834,0,0,0.6087900163,worst_bin,0.6,0.6087900163,True
nuscenes_mini_subset,scene-1094_004,scene-1094,calibration,sector_dropout,20,degrees,42,90,32932,32932,0,2,1,worst_bin,0.6,1,True
nuscenes_mini_subset,scene-1094_004,scene-1094,calibration,sector_dropout,30,degrees,42,90,32053,32053,0,2,1,worst_bin,0.6,1,True
nuscenes_mini_subset,scene-1094_005,scene-1094,test,original,0,none,42,90,34752,34752,0,0,0.6277807922,worst_bin,0.6,0.6277807922,True
nuscenes_mini_subset,scene-1094_005,scene-1094,test,random_dropout,0.1,fraction_removed,42,90,31318,31318,0,0,0.6668475312,worst_bin,0.6,0.6668475312,True
nuscenes_mini_subset,scene-1094_005,scene-1094,test,random_dropout,0.3,fraction_removed,42,90,24280,24280,0,0,0.7406402604,worst_bin,0.6,0.7406402604,True
nuscenes_mini_subset,scene-1094_005,scene-1094,test,random_dropout,0.5,fraction_removed,42,90,17300,17300,0,0,0.8133478025,worst_bin,0.6,0.8133478025,True
nuscenes_mini_subset,scene-1094_005,scene-1094,test,sector_dropout,10,degrees,42,90,33885,33885,0,0,0.6277807922,worst_bin,0.6,0.6277807922,True
nuscenes_mini_subset,scene-1094_005,scene-1094,test,sector_dropout,20,degrees,42,90,32989,32989,0,2,1,worst_bin,0.6,1,True
nuscenes_mini_subset,scene-1094_005,scene-1094,test,sector_dropout,30,degrees,42,90,32119,32119,0,2,1,worst_bin,0.6,1,True
nuscenes_mini_subset,scene-1094_006,scene-1094,calibration,original,0,none,42,90,34688,34688,0,0,0.6065195917,worst_bin,0.6,0.6065195917,True
nuscenes_mini_subset,scene-1094_006,scene-1094,calibration,random_dropout,0.1,fraction_removed,42,90,31260,31260,0,0,0.6473493579,worst_bin,0.6,0.6473493579,True
nuscenes_mini_subset,scene-1094_006,scene-1094,calibration,random_dropout,0.3,fraction_removed,42,90,24237,24237,0,0,0.7299967073,worst_bin,0.6,0.7299967073,True
nuscenes_mini_subset,scene-1094_006,scene-1094,calibration,random_dropout,0.5,fraction_removed,42,90,17270,17270,0,0,0.8027658874,worst_bin,0.6,0.8027658874,True
nuscenes_mini_subset,scene-1094_006,scene-1094,calibration,sector_dropout,10,degrees,42,90,33800,33800,0,0,0.6065195917,worst_bin,0.6,0.6065195917,True
nuscenes_mini_subset,scene-1094_006,scene-1094,calibration,sector_dropout,20,degrees,42,90,32901,32901,0,2,1,worst_bin,0.6,1,True
nuscenes_mini_subset,scene-1094_006,scene-1094,calibration,sector_dropout,30,degrees,42,90,32055,32055,0,2,1,worst_bin,0.6,1,True
nuscenes_mini_subset,scene-1094_007,scene-1094,test,original,0,none,42,90,34720,34720,0,0,0.6549104721,worst_bin,0.6,0.6549104721,True
nuscenes_mini_subset,scene-1094_007,scene-1094,test,random_dropout,0.1,fraction_removed,42,90,31288,31288,0,0,0.6912642431,worst_bin,0.6,0.6912642431,True
nuscenes_mini_subset,scene-1094_007,scene-1094,test,random_dropout,0.3,fraction_removed,42,90,24255,24255,0,0,0.7655995659,worst_bin,0.6,0.7655995659,True
nuscenes_mini_subset,scene-1094_007,scene-1094,test,random_dropout,0.5,fraction_removed,42,90,17283,17283,0,0,0.8339663592,worst_bin,0.6,0.8339663592,True
nuscenes_mini_subset,scene-1094_007,scene-1094,test,sector_dropout,10,degrees,42,90,33837,33837,0,0,0.6549104721,worst_bin,0.6,0.6549104721,True
nuscenes_mini_subset,scene-1094_007,scene-1094,test,sector_dropout,20,degrees,42,90,32944,32944,0,2,1,worst_bin,0.6,1,True
nuscenes_mini_subset,scene-1094_007,scene-1094,test,sector_dropout,30,degrees,42,90,32071,32071,0,2,1,worst_bin,0.6,1,True
nuscenes_mini_subset,scene-1094_008,scene-1094,calibration,original,0,none,42,90,34752,34752,0,0,0.634834509,worst_bin,0.6,0.634834509,True
nuscenes_mini_subset,scene-1094_008,scene-1094,calibration,random_dropout,0.1,fraction_removed,42,90,31318,31318,0,0,0.6755290288,worst_bin,0.6,0.6755290288,True
nuscenes_mini_subset,scene-1094_008,scene-1094,calibration,random_dropout,0.3,fraction_removed,42,90,24280,24280,0,0,0.7471513836,worst_bin,0.6,0.7471513836,True
nuscenes_mini_subset,scene-1094_008,scene-1094,calibration,random_dropout,0.5,fraction_removed,42,90,17300,17300,0,0,0.8209441129,worst_bin,0.6,0.8209441129,True
nuscenes_mini_subset,scene-1094_008,scene-1094,calibration,sector_dropout,10,degrees,42,90,33863,33863,0,0,0.634834509,worst_bin,0.6,0.634834509,True
nuscenes_mini_subset,scene-1094_008,scene-1094,calibration,sector_dropout,20,degrees,42,90,32975,32975,0,2,1,worst_bin,0.6,1,True
nuscenes_mini_subset,scene-1094_008,scene-1094,calibration,sector_dropout,30,degrees,42,90,32115,32115,0,2,1,worst_bin,0.6,1,True
nuscenes_mini_subset,scene-1094_009,scene-1094,test,original,0,none,42,90,34720,34720,0,0,0.7593019427,worst_bin,0.6,0.7593019427,True
nuscenes_mini_subset,scene-1094_009,scene-1094,test,random_dropout,0.1,fraction_removed,42,90,31288,31288,0,0,0.7826802766,worst_bin,0.6,0.7826802766,True
nuscenes_mini_subset,scene-1094_009,scene-1094,test,random_dropout,0.3,fraction_removed,42,90,24255,24255,0,0,0.8307540336,worst_bin,0.6,0.8307540336,True
nuscenes_mini_subset,scene-1094_009,scene-1094,test,random_dropout,0.5,fraction_removed,42,90,17283,17283,0,0,0.873888706,worst_bin,0.6,0.873888706,True
nuscenes_mini_subset,scene-1094_009,scene-1094,test,sector_dropout,10,degrees,42,90,33837,33837,0,0,0.7593019427,worst_bin,0.6,0.7593019427,True
nuscenes_mini_subset,scene-1094_009,scene-1094,test,sector_dropout,20,degrees,42,90,32958,32958,0,2,1,worst_bin,0.6,1,True
nuscenes_mini_subset,scene-1094_009,scene-1094,test,sector_dropout,30,degrees,42,90,32071,32071,0,2,1,worst_bin,0.6,1,True
nuscenes_mini_subset,scene-1094_010,scene-1094,calibration,original,0,none,42,90,34688,34688,0,0,0.7780704643,worst_bin,0.6,0.7780704643,True
nuscenes_mini_subset,scene-1094_010,scene-1094,calibration,random_dropout,0.1,fraction_removed,42,90,31260,31260,0,0,0.7981560751,worst_bin,0.6,0.7981560751,True
nuscenes_mini_subset,scene-1094_010,scene-1094,calibration,random_dropout,0.3,fraction_removed,42,90,24237,24237,0,0,0.8419492921,worst_bin,0.6,0.8419492921,True
nuscenes_mini_subset,scene-1094_010,scene-1094,calibration,random_dropout,0.5,fraction_removed,42,90,17270,17270,0,0,0.8847546921,worst_bin,0.6,0.8847546921,True
nuscenes_mini_subset,scene-1094_010,scene-1094,calibration,sector_dropout,10,degrees,42,90,33837,33837,0,0,0.7780704643,worst_bin,0.6,0.7780704643,True
nuscenes_mini_subset,scene-1094_010,scene-1094,calibration,sector_dropout,20,degrees,42,90,32942,32942,0,2,1,worst_bin,0.6,1,True
nuscenes_mini_subset,scene-1094_010,scene-1094,calibration,sector_dropout,30,degrees,42,90,32064,32064,0,2,1,worst_bin,0.6,1,True
nuscenes_mini_subset,scene-1094_011,scene-1094,test,original,0,none,42,90,34688,34688,0,0,0.8024366151,worst_bin,0.6,0.8024366151,True
nuscenes_mini_subset,scene-1094_011,scene-1094,test,random_dropout,0.1,fraction_removed,42,90,31260,31260,0,0,0.8212051366,worst_bin,0.6,0.8212051366,True
nuscenes_mini_subset,scene-1094_011,scene-1094,test,random_dropout,0.3,fraction_removed,42,90,24237,24237,0,0,0.860059269,worst_bin,0.6,0.860059269,True
nuscenes_mini_subset,scene-1094_011,scene-1094,test,random_dropout,0.5,fraction_removed,42,90,17270,17270,0,0,0.8992426737,worst_bin,0.6,0.8992426737,True
nuscenes_mini_subset,scene-1094_011,scene-1094,test,sector_dropout,10,degrees,42,90,33810,33810,0,0,0.8024366151,worst_bin,0.6,0.8024366151,True
nuscenes_mini_subset,scene-1094_011,scene-1094,test,sector_dropout,20,degrees,42,90,32933,32933,0,2,1,worst_bin,0.6,1,True
nuscenes_mini_subset,scene-1094_011,scene-1094,test,sector_dropout,30,degrees,42,90,32075,32075,0,2,1,worst_bin,0.6,1,True
nuscenes_mini_subset,scene-1094_012,scene-1094,calibration,original,0,none,42,90,34752,34752,0,0,0.7830095489,worst_bin,0.6,0.7830095489,True
nuscenes_mini_subset,scene-1094_012,scene-1094,calibration,random_dropout,0.1,fraction_removed,42,90,31318,31318,0,0,0.8040829766,worst_bin,0.6,0.8040829766,True
nuscenes_mini_subset,scene-1094_012,scene-1094,calibration,random_dropout,0.3,fraction_removed,42,90,24280,24280,0,0,0.8495225552,worst_bin,0.6,0.8495225552,True
nuscenes_mini_subset,scene-1094_012,scene-1094,calibration,random_dropout,0.5,fraction_removed,42,90,17300,17300,0,0,0.8890352321,worst_bin,0.6,0.8890352321,True
nuscenes_mini_subset,scene-1094_012,scene-1094,calibration,sector_dropout,10,degrees,42,90,33898,33898,0,0,0.7830095489,worst_bin,0.6,0.7830095489,True
nuscenes_mini_subset,scene-1094_012,scene-1094,calibration,sector_dropout,20,degrees,42,90,33019,33019,0,2,1,worst_bin,0.6,1,True
nuscenes_mini_subset,scene-1094_012,scene-1094,calibration,sector_dropout,30,degrees,42,90,32147,32147,0,2,1,worst_bin,0.6,1,True
nuscenes_mini_subset,scene-1094_013,scene-1094,test,original,0,none,42,90,34752,34752,0,0,0.7451432335,worst_bin,0.6,0.7451432335,True
nuscenes_mini_subset,scene-1094_013,scene-1094,test,random_dropout,0.1,fraction_removed,42,90,31318,31318,0,0,0.7685215673,worst_bin,0.6,0.7685215673,True
nuscenes_mini_subset,scene-1094_013,scene-1094,test,random_dropout,0.3,fraction_removed,42,90,24280,24280,0,0,0.8208758643,worst_bin,0.6,0.8208758643,True
nuscenes_mini_subset,scene-1094_013,scene-1094,test,random_dropout,0.5,fraction_removed,42,90,17300,17300,0,0,0.8699374383,worst_bin,0.6,0.8699374383,True
nuscenes_mini_subset,scene-1094_013,scene-1094,test,sector_dropout,10,degrees,42,90,33875,33875,0,0,0.7451432335,worst_bin,0.6,0.7451432335,True
nuscenes_mini_subset,scene-1094_013,scene-1094,test,sector_dropout,20,degrees,42,90,33042,33042,0,2,1,worst_bin,0.6,1,True
nuscenes_mini_subset,scene-1094_013,scene-1094,test,sector_dropout,30,degrees,42,90,32252,32252,0,2,1,worst_bin,0.6,1,True
nuscenes_mini_subset,scene-1094_014,scene-1094,calibration,original,0,none,42,90,34720,34720,0,0,0.7843266381,worst_bin,0.6,0.7843266381,True
nuscenes_mini_subset,scene-1094_014,scene-1094,calibration,random_dropout,0.1,fraction_removed,42,90,31288,31288,0,0,0.8044122489,worst_bin,0.6,0.8044122489,True
nuscenes_mini_subset,scene-1094_014,scene-1094,calibration,random_dropout,0.3,fraction_removed,42,90,24255,24255,0,0,0.8505103721,worst_bin,0.6,0.8505103721,True
nuscenes_mini_subset,scene-1094_014,scene-1094,calibration,random_dropout,0.5,fraction_removed,42,90,17283,17283,0,0,0.8923279552,worst_bin,0.6,0.8923279552,True
nuscenes_mini_subset,scene-1094_014,scene-1094,calibration,sector_dropout,10,degrees,42,90,34007,34007,0,0,0.7843266381,worst_bin,0.6,0.7843266381,True
nuscenes_mini_subset,scene-1094_014,scene-1094,calibration,sector_dropout,20,degrees,42,90,33264,33264,0,2,1,worst_bin,0.6,1,True
nuscenes_mini_subset,scene-1094_014,scene-1094,calibration,sector_dropout,30,degrees,42,90,32493,32493,0,2,1,worst_bin,0.6,1,True
nuscenes_mini_subset,scene-1094_015,scene-1094,test,original,0,none,42,90,34752,34752,0,0,0.7823510043,worst_bin,0.6,0.7823510043,True
nuscenes_mini_subset,scene-1094_015,scene-1094,test,random_dropout,0.1,fraction_removed,42,90,31318,31318,0,0,0.8027658874,worst_bin,0.6,0.8027658874,True
nuscenes_mini_subset,scene-1094_015,scene-1094,test,random_dropout,0.3,fraction_removed,42,90,24280,24280,0,0,0.8478761936,worst_bin,0.6,0.8478761936,True
nuscenes_mini_subset,scene-1094_015,scene-1094,test,random_dropout,0.5,fraction_removed,42,90,17300,17300,0,0,0.8906815937,worst_bin,0.6,0.8906815937,True
nuscenes_mini_subset,scene-1094_015,scene-1094,test,sector_dropout,10,degrees,42,90,34072,34072,0,0,0.7823510043,worst_bin,0.6,0.7823510043,True
nuscenes_mini_subset,scene-1094_015,scene-1094,test,sector_dropout,20,degrees,42,90,33368,33368,0,2,1,worst_bin,0.6,1,True
nuscenes_mini_subset,scene-1094_015,scene-1094,test,sector_dropout,30,degrees,42,90,32709,32709,0,2,1,worst_bin,0.6,1,True
nuscenes_mini_subset,scene-1094_016,scene-1094,calibration,original,0,none,42,90,34816,34816,0,0,0.7461310504,worst_bin,0.6,0.7461310504,True
nuscenes_mini_subset,scene-1094_016,scene-1094,calibration,random_dropout,0.1,fraction_removed,42,90,31375,31375,0,0,0.7698386566,worst_bin,0.6,0.7698386566,True
nuscenes_mini_subset,scene-1094_016,scene-1094,calibration,random_dropout,0.3,fraction_removed,42,90,24320,24320,0,0,0.8261442213,worst_bin,0.6,0.8261442213,True
nuscenes_mini_subset,scene-1094_016,scene-1094,calibration,random_dropout,0.5,fraction_removed,42,90,17326,17326,0,0,0.8768521567,worst_bin,0.6,0.8768521567,True
nuscenes_mini_subset,scene-1094_016,scene-1094,calibration,sector_dropout,10,degrees,42,90,34137,34137,0,0,0.7461310504,worst_bin,0.6,0.7461310504,True
nuscenes_mini_subset,scene-1094_016,scene-1094,calibration,sector_dropout,20,degrees,42,90,33471,33471,0,2,1,worst_bin,0.6,1,True
nuscenes_mini_subset,scene-1094_016,scene-1094,calibration,sector_dropout,30,degrees,42,90,32746,32746,0,2,1,worst_bin,0.6,1,True
nuscenes_mini_subset,scene-1094_017,scene-1094,test,original,0,none,42,90,34752,34752,0,0,0.7411919658,worst_bin,0.6,0.7411919658,True
nuscenes_mini_subset,scene-1094_017,scene-1094,test,random_dropout,0.1,fraction_removed,42,90,31318,31318,0,0,0.7652288443,worst_bin,0.6,0.7652288443,True
nuscenes_mini_subset,scene-1094_017,scene-1094,test,random_dropout,0.3,fraction_removed,42,90,24280,24280,0,0,0.8198880474,worst_bin,0.6,0.8198880474,True
nuscenes_mini_subset,scene-1094_017,scene-1094,test,random_dropout,0.5,fraction_removed,42,90,17300,17300,0,0,0.8709252552,worst_bin,0.6,0.8709252552,True
nuscenes_mini_subset,scene-1094_017,scene-1094,test,sector_dropout,10,degrees,42,90,34096,34096,0,0,0.7411919658,worst_bin,0.6,0.7411919658,True
nuscenes_mini_subset,scene-1094_017,scene-1094,test,sector_dropout,20,degrees,42,90,33353,33353,0,2,1,worst_bin,0.6,1,True
nuscenes_mini_subset,scene-1094_017,scene-1094,test,sector_dropout,30,degrees,42,90,32645,32645,0,2,1,worst_bin,0.6,1,True
nuscenes_mini_subset,scene-1094_018,scene-1094,calibration,original,0,none,42,90,34688,34688,0,0,0.7290088904,worst_bin,0.6,0.7290088904,True
nuscenes_mini_subset,scene-1094_018,scene-1094,calibration,random_dropout,0.1,fraction_removed,42,90,31260,31260,0,0,0.7540335858,worst_bin,0.6,0.7540335858,True
nuscenes_mini_subset,scene-1094_018,scene-1094,calibration,random_dropout,0.3,fraction_removed,42,90,24237,24237,0,0,0.8106684228,worst_bin,0.6,0.8106684228,True
nuscenes_mini_subset,scene-1094_018,scene-1094,calibration,random_dropout,0.5,fraction_removed,42,90,17270,17270,0,0,0.8610470859,worst_bin,0.6,0.8610470859,True
nuscenes_mini_subset,scene-1094_018,scene-1094,calibration,sector_dropout,10,degrees,42,90,34081,34081,0,0,0.7290088904,worst_bin,0.6,0.7290088904,True
nuscenes_mini_subset,scene-1094_018,scene-1094,calibration,sector_dropout,20,degrees,42,90,33332,33332,0,2,1,worst_bin,0.6,1,True
nuscenes_mini_subset,scene-1094_018,scene-1094,calibration,sector_dropout,30,degrees,42,90,32612,32612,0,2,1,worst_bin,0.6,1,True
nuscenes_mini_subset,scene-1094_019,scene-1094,test,original,0,none,42,90,34688,34688,0,0,0.7313137965,worst_bin,0.6,0.7313137965,True
nuscenes_mini_subset,scene-1094_019,scene-1094,test,random_dropout,0.1,fraction_removed,42,90,31260,31260,0,0,0.7560092196,worst_bin,0.6,0.7560092196,True
nuscenes_mini_subset,scene-1094_019,scene-1094,test,random_dropout,0.3,fraction_removed,42,90,24237,24237,0,0,0.8116562397,worst_bin,0.6,0.8116562397,True
nuscenes_mini_subset,scene-1094_019,scene-1094,test,random_dropout,0.5,fraction_removed,42,90,17270,17270,0,0,0.8640105367,worst_bin,0.6,0.8640105367,True
nuscenes_mini_subset,scene-1094_019,scene-1094,test,sector_dropout,10,degrees,42,90,34078,34078,0,0,0.7313137965,worst_bin,0.6,0.7313137965,True
nuscenes_mini_subset,scene-1094_019,scene-1094,test,sector_dropout,20,degrees,42,90,33325,33325,0,2,1,worst_bin,0.6,1,True
nuscenes_mini_subset,scene-1094_019,scene-1094,test,sector_dropout,30,degrees,42,90,32571,32571,0,2,1,worst_bin,0.6,1,True
nuscenes_mini_subset,scene-1094_020,scene-1094,calibration,original,0,none,42,90,34720,34720,0,0,0.7385577873,worst_bin,0.6,0.7385577873,True
nuscenes_mini_subset,scene-1094_020,scene-1094,calibration,random_dropout,0.1,fraction_removed,42,90,31288,31288,0,0,0.7609483042,worst_bin,0.6,0.7609483042,True
nuscenes_mini_subset,scene-1094_020,scene-1094,calibration,random_dropout,0.3,fraction_removed,42,90,24255,24255,0,0,0.8159367797,worst_bin,0.6,0.8159367797,True
nuscenes_mini_subset,scene-1094_020,scene-1094,calibration,random_dropout,0.5,fraction_removed,42,90,17283,17283,0,0,0.8682910767,worst_bin,0.6,0.8682910767,True
nuscenes_mini_subset,scene-1094_020,scene-1094,calibration,sector_dropout,10,degrees,42,90,34089,34089,0,0,0.7385577873,worst_bin,0.6,0.7385577873,True
nuscenes_mini_subset,scene-1094_020,scene-1094,calibration,sector_dropout,20,degrees,42,90,33382,33382,0,2,1,worst_bin,0.6,1,True
nuscenes_mini_subset,scene-1094_020,scene-1094,calibration,sector_dropout,30,degrees,42,90,32620,32620,0,2,1,worst_bin,0.6,1,True
nuscenes_mini_subset,scene-1094_021,scene-1094,test,original,0,none,42,90,34688,34688,0,0,0.6386326641,worst_bin,0.6,0.6386326641,True
nuscenes_mini_subset,scene-1094_021,scene-1094,test,random_dropout,0.1,fraction_removed,42,90,31260,31260,0,0,0.6798697775,worst_bin,0.6,0.6798697775,True
nuscenes_mini_subset,scene-1094_021,scene-1094,test,random_dropout,0.3,fraction_removed,42,90,24237,24237,0,0,0.7542051004,worst_bin,0.6,0.7542051004,True
nuscenes_mini_subset,scene-1094_021,scene-1094,test,random_dropout,0.5,fraction_removed,42,90,17270,17270,0,0,0.8241996744,worst_bin,0.6,0.8241996744,True
nuscenes_mini_subset,scene-1094_021,scene-1094,test,sector_dropout,10,degrees,42,90,34068,34068,0,0,0.6386326641,worst_bin,0.6,0.6386326641,True
nuscenes_mini_subset,scene-1094_021,scene-1094,test,sector_dropout,20,degrees,42,90,33364,33364,0,2,1,worst_bin,0.6,1,True
nuscenes_mini_subset,scene-1094_021,scene-1094,test,sector_dropout,30,degrees,42,90,32597,32597,0,2,1,worst_bin,0.6,1,True
nuscenes_mini_subset,scene-1094_022,scene-1094,calibration,original,0,none,42,90,34656,34656,0,0,0.3233454067,worst_bin,0.6,0.3233454067,False
nuscenes_mini_subset,scene-1094_022,scene-1094,calibration,random_dropout,0.1,fraction_removed,42,90,31230,31230,0,0,0.3852486006,worst_bin,0.6,0.3852486006,False
nuscenes_mini_subset,scene-1094_022,scene-1094,calibration,random_dropout,0.3,fraction_removed,42,90,24211,24211,0,0,0.5172867962,worst_bin,0.6,0.5172867962,False
nuscenes_mini_subset,scene-1094_022,scene-1094,calibration,random_dropout,0.5,fraction_removed,42,90,17250,17250,0,0,0.6516298979,worst_bin,0.6,0.6516298979,True
nuscenes_mini_subset,scene-1094_022,scene-1094,calibration,sector_dropout,10,degrees,42,90,34058,34058,0,0,0.5187250996,worst_bin,0.6,0.5187250996,False
nuscenes_mini_subset,scene-1094_022,scene-1094,calibration,sector_dropout,20,degrees,42,90,33348,33348,0,2,1,worst_bin,0.6,1,True
nuscenes_mini_subset,scene-1094_022,scene-1094,calibration,sector_dropout,30,degrees,42,90,32573,32573,0,2,1,worst_bin,0.6,1,True
nuscenes_mini_subset,scene-1094_023,scene-1094,test,original,0,none,42,90,34688,34688,0,0,0.6858383071,worst_bin,0.6,0.6858383071,True
nuscenes_mini_subset,scene-1094_023,scene-1094,test,random_dropout,0.1,fraction_removed,42,90,31260,31260,0,0,0.7211068909,worst_bin,0.6,0.7211068909,True
nuscenes_mini_subset,scene-1094_023,scene-1094,test,random_dropout,0.3,fraction_removed,42,90,24237,24237,0,0,0.7873033098,worst_bin,0.6,0.7873033098,True
nuscenes_mini_subset,scene-1094_023,scene-1094,test,random_dropout,0.5,fraction_removed,42,90,17270,17270,0,0,0.8513293543,worst_bin,0.6,0.8513293543,True
nuscenes_mini_subset,scene-1094_023,scene-1094,test,sector_dropout,10,degrees,42,90,34084,34084,0,0,0.6858383071,worst_bin,0.6,0.6858383071,True
nuscenes_mini_subset,scene-1094_023,scene-1094,test,sector_dropout,20,degrees,42,90,33415,33415,0,2,1,worst_bin,0.6,1,True
nuscenes_mini_subset,scene-1094_023,scene-1094,test,sector_dropout,30,degrees,42,90,32647,32647,0,2,1,worst_bin,0.6,1,True
nuscenes_mini_subset,scene-1094_024,scene-1094,calibration,original,0,none,42,90,34688,34688,0,0,0.7451432335,worst_bin,0.6,0.7451432335,True
nuscenes_mini_subset,scene-1094_024,scene-1094,calibration,random_dropout,0.1,fraction_removed,42,90,31260,31260,0,0,0.7675337504,worst_bin,0.6,0.7675337504,True
nuscenes_mini_subset,scene-1094_024,scene-1094,calibration,random_dropout,0.3,fraction_removed,42,90,24237,24237,0,0,0.8202173197,worst_bin,0.6,0.8202173197,True
nuscenes_mini_subset,scene-1094_024,scene-1094,calibration,random_dropout,0.5,fraction_removed,42,90,17270,17270,0,0,0.8702667106,worst_bin,0.6,0.8702667106,True
nuscenes_mini_subset,scene-1094_024,scene-1094,calibration,sector_dropout,10,degrees,42,90,34056,34056,0,0,0.7451432335,worst_bin,0.6,0.7451432335,True
nuscenes_mini_subset,scene-1094_024,scene-1094,calibration,sector_dropout,20,degrees,42,90,33399,33399,0,2,1,worst_bin,0.6,1,True
nuscenes_mini_subset,scene-1094_024,scene-1094,calibration,sector_dropout,30,degrees,42,90,32635,32635,0,2,1,worst_bin,0.6,1,True
nuscenes_mini_subset,scene-1094_025,scene-1094,test,original,0,none,42,90,34720,34720,0,0,0.4915897992,worst_bin,0.6,0.4915897992,False
nuscenes_mini_subset,scene-1094_025,scene-1094,test,random_dropout,0.1,fraction_removed,42,90,31288,31288,0,0,0.5463917526,worst_bin,0.6,0.5463917526,False
nuscenes_mini_subset,scene-1094_025,scene-1094,test,random_dropout,0.3,fraction_removed,42,90,24255,24255,0,0,0.6473141617,worst_bin,0.6,0.6473141617,True
nuscenes_mini_subset,scene-1094_025,scene-1094,test,random_dropout,0.5,fraction_removed,42,90,17283,17283,0,0,0.7498643516,worst_bin,0.6,0.7498643516,True
nuscenes_mini_subset,scene-1094_025,scene-1094,test,sector_dropout,10,degrees,42,90,34099,34099,0,0,0.5235059761,worst_bin,0.6,0.5235059761,False
nuscenes_mini_subset,scene-1094_025,scene-1094,test,sector_dropout,20,degrees,42,90,33446,33446,0,2,1,worst_bin,0.6,1,True
nuscenes_mini_subset,scene-1094_025,scene-1094,test,sector_dropout,30,degrees,42,90,32699,32699,0,2,1,worst_bin,0.6,1,True
nuscenes_mini_subset,scene-1094_026,scene-1094,calibration,original,0,none,42,90,34752,34752,0,0,0.7533750412,worst_bin,0.6,0.7533750412,True
nuscenes_mini_subset,scene-1094_026,scene-1094,calibration,random_dropout,0.1,fraction_removed,42,90,31318,31318,0,0,0.7747777412,worst_bin,0.6,0.7747777412,True
nuscenes_mini_subset,scene-1094_026,scene-1094,calibration,random_dropout,0.3,fraction_removed,42,90,24280,24280,0,0,0.829107672,worst_bin,0.6,0.829107672,True
nuscenes_mini_subset,scene-1094_026,scene-1094,calibration,random_dropout,0.5,fraction_removed,42,90,17300,17300,0,0,0.8765228844,worst_bin,0.6,0.8765228844,True
nuscenes_mini_subset,scene-1094_026,scene-1094,calibration,sector_dropout,10,degrees,42,90,34119,34119,0,0,0.7533750412,worst_bin,0.6,0.7533750412,True
nuscenes_mini_subset,scene-1094_026,scene-1094,calibration,sector_dropout,20,degrees,42,90,33461,33461,0,2,1,worst_bin,0.6,1,True
nuscenes_mini_subset,scene-1094_026,scene-1094,calibration,sector_dropout,30,degrees,42,90,32705,32705,0,2,1,worst_bin,0.6,1,True
nuscenes_mini_subset,scene-1094_027,scene-1094,test,original,0,none,42,90,34752,34752,0,0,0.1971830986,worst_bin,0.6,0.1971830986,False
nuscenes_mini_subset,scene-1094_027,scene-1094,test,random_dropout,0.1,fraction_removed,42,90,31318,31318,0,0,0.2688860435,worst_bin,0.6,0.2688860435,False
nuscenes_mini_subset,scene-1094_027,scene-1094,test,random_dropout,0.3,fraction_removed,42,90,24280,24280,0,0,0.4302176697,worst_bin,0.6,0.4302176697,False
nuscenes_mini_subset,scene-1094_027,scene-1094,test,random_dropout,0.5,fraction_removed,42,90,17300,17300,0,0,0.609475032,worst_bin,0.6,0.609475032,True
nuscenes_mini_subset,scene-1094_027,scene-1094,test,sector_dropout,10,degrees,42,90,34103,34103,0,0,0.5235059761,worst_bin,0.6,0.5235059761,False
nuscenes_mini_subset,scene-1094_027,scene-1094,test,sector_dropout,20,degrees,42,90,33451,33451,0,2,1,worst_bin,0.6,1,True
nuscenes_mini_subset,scene-1094_027,scene-1094,test,sector_dropout,30,degrees,42,90,32683,32683,0,2,1,worst_bin,0.6,1,True
nuscenes_mini_subset,scene-1094_028,scene-1094,calibration,original,0,none,42,90,34752,34752,0,0,0.6635919696,worst_bin,0.6,0.6635919696,True
nuscenes_mini_subset,scene-1094_028,scene-1094,calibration,random_dropout,0.1,fraction_removed,42,90,31318,31318,0,0,0.6977753663,worst_bin,0.6,0.6977753663,True
nuscenes_mini_subset,scene-1094_028,scene-1094,calibration,random_dropout,0.3,fraction_removed,42,90,24280,24280,0,0,0.7672273467,worst_bin,0.6,0.7672273467,True
nuscenes_mini_subset,scene-1094_028,scene-1094,calibration,random_dropout,0.5,fraction_removed,42,90,17300,17300,0,0,0.8372219208,worst_bin,0.6,0.8372219208,True
nuscenes_mini_subset,scene-1094_028,scene-1094,calibration,sector_dropout,10,degrees,42,90,34143,34143,0,0,0.6635919696,worst_bin,0.6,0.6635919696,True
nuscenes_mini_subset,scene-1094_028,scene-1094,calibration,sector_dropout,20,degrees,42,90,33518,33518,0,2,1,worst_bin,0.6,1,True
nuscenes_mini_subset,scene-1094_028,scene-1094,calibration,sector_dropout,30,degrees,42,90,32762,32762,0,2,1,worst_bin,0.6,1,True
nuscenes_mini_subset,scene-1094_029,scene-1094,test,original,0,none,42,90,34720,34720,0,0,0.7062891011,worst_bin,0.6,0.7062891011,True
nuscenes_mini_subset,scene-1094_029,scene-1094,test,random_dropout,0.1,fraction_removed,42,90,31288,31288,0,0,0.7329601581,worst_bin,0.6,0.7329601581,True
nuscenes_mini_subset,scene-1094_029,scene-1094,test,random_dropout,0.3,fraction_removed,42,90,24255,24255,0,0,0.7925584458,worst_bin,0.6,0.7925584458,True
nuscenes_mini_subset,scene-1094_029,scene-1094,test,random_dropout,0.5,fraction_removed,42,90,17283,17283,0,0,0.8501810998,worst_bin,0.6,0.8501810998,True
nuscenes_mini_subset,scene-1094_029,scene-1094,test,sector_dropout,10,degrees,42,90,34110,34110,0,0,0.7062891011,worst_bin,0.6,0.7062891011,True
nuscenes_mini_subset,scene-1094_029,scene-1094,test,sector_dropout,20,degrees,42,90,33483,33483,0,2,1,worst_bin,0.6,1,True
nuscenes_mini_subset,scene-1094_029,scene-1094,test,sector_dropout,30,degrees,42,90,32715,32715,0,2,1,worst_bin,0.6,1,True
nuscenes_mini_subset,scene-1094_030,scene-1094,calibration,original,0,none,42,90,34720,34720,0,0,0.6760716224,worst_bin,0.6,0.6760716224,True
nuscenes_mini_subset,scene-1094_030,scene-1094,calibration,random_dropout,0.1,fraction_removed,42,90,31288,31288,0,0,0.7118827998,worst_bin,0.6,0.7118827998,True
nuscenes_mini_subset,scene-1094_030,scene-1094,calibration,random_dropout,0.3,fraction_removed,42,90,24255,24255,0,0,0.7764514379,worst_bin,0.6,0.7764514379,True
nuscenes_mini_subset,scene-1094_030,scene-1094,calibration,random_dropout,0.5,fraction_removed,42,90,17283,17283,0,0,0.843733044,worst_bin,0.6,0.843733044,True
nuscenes_mini_subset,scene-1094_030,scene-1094,calibration,sector_dropout,10,degrees,42,90,34133,34133,0,0,0.6760716224,worst_bin,0.6,0.6760716224,True
nuscenes_mini_subset,scene-1094_030,scene-1094,calibration,sector_dropout,20,degrees,42,90,33506,33506,0,2,1,worst_bin,0.6,1,True
nuscenes_mini_subset,scene-1094_030,scene-1094,calibration,sector_dropout,30,degrees,42,90,32744,32744,0,2,1,worst_bin,0.6,1,True
nuscenes_mini_subset,scene-1094_031,scene-1094,test,original,0,none,42,90,34752,34752,0,0,0.6695604992,worst_bin,0.6,0.6695604992,True
nuscenes_mini_subset,scene-1094_031,scene-1094,test,random_dropout,0.1,fraction_removed,42,90,31318,31318,0,0,0.704829083,worst_bin,0.6,0.704829083,True
nuscenes_mini_subset,scene-1094_031,scene-1094,test,random_dropout,0.3,fraction_removed,42,90,24280,24280,0,0,0.7688551275,worst_bin,0.6,0.7688551275,True
nuscenes_mini_subset,scene-1094_031,scene-1094,test,random_dropout,0.5,fraction_removed,42,90,17300,17300,0,0,0.838307108,worst_bin,0.6,0.838307108,True
nuscenes_mini_subset,scene-1094_031,scene-1094,test,sector_dropout,10,degrees,42,90,34179,34179,0,0,0.6695604992,worst_bin,0.6,0.6695604992,True
nuscenes_mini_subset,scene-1094_031,scene-1094,test,sector_dropout,20,degrees,42,90,33543,33543,0,2,1,worst_bin,0.6,1,True
nuscenes_mini_subset,scene-1094_031,scene-1094,test,sector_dropout,30,degrees,42,90,32797,32797,0,2,1,worst_bin,0.6,1,True
nuscenes_mini_subset,scene-1094_032,scene-1094,calibration,original,0,none,42,90,34784,34784,0,0,0.7385577873,worst_bin,0.6,0.7385577873,True
nuscenes_mini_subset,scene-1094_032,scene-1094,calibration,random_dropout,0.1,fraction_removed,42,90,31345,31345,0,0,0.7648995719,worst_bin,0.6,0.7648995719,True
nuscenes_mini_subset,scene-1094_032,scene-1094,calibration,random_dropout,0.3,fraction_removed,42,90,24300,24300,0,0,0.8225222259,worst_bin,0.6,0.8225222259,True
nuscenes_mini_subset,scene-1094_032,scene-1094,calibration,random_dropout,0.5,fraction_removed,42,90,17313,17313,0,0,0.8712545275,worst_bin,0.6,0.8712545275,True
nuscenes_mini_subset,scene-1094_032,scene-1094,calibration,sector_dropout,10,degrees,42,90,34224,34224,0,0,0.7385577873,worst_bin,0.6,0.7385577873,True
nuscenes_mini_subset,scene-1094_032,scene-1094,calibration,sector_dropout,20,degrees,42,90,33613,33613,0,2,1,worst_bin,0.6,1,True
nuscenes_mini_subset,scene-1094_032,scene-1094,calibration,sector_dropout,30,degrees,42,90,32901,32901,0,2,1,worst_bin,0.6,1,True
nuscenes_mini_subset,scene-1094_033,scene-1094,test,original,0,none,42,90,34720,34720,0,0,0.7365821534,worst_bin,0.6,0.7365821534,True
nuscenes_mini_subset,scene-1094_033,scene-1094,test,random_dropout,0.1,fraction_removed,42,90,31288,31288,0,0,0.7602897596,worst_bin,0.6,0.7602897596,True
nuscenes_mini_subset,scene-1094_033,scene-1094,test,random_dropout,0.3,fraction_removed,42,90,24255,24255,0,0,0.8169245966,worst_bin,0.6,0.8169245966,True
nuscenes_mini_subset,scene-1094_033,scene-1094,test,random_dropout,0.5,fraction_removed,42,90,17283,17283,0,0,0.8679618044,worst_bin,0.6,0.8679618044,True
nuscenes_mini_subset,scene-1094_033,scene-1094,test,sector_dropout,10,degrees,42,90,34154,34154,0,0,0.7365821534,worst_bin,0.6,0.7365821534,True
nuscenes_mini_subset,scene-1094_033,scene-1094,test,sector_dropout,20,degrees,42,90,33557,33557,0,2,1,worst_bin,0.6,1,True
nuscenes_mini_subset,scene-1094_033,scene-1094,test,sector_dropout,30,degrees,42,90,32893,32893,0,2,1,worst_bin,0.6,1,True
nuscenes_mini_subset,scene-1094_034,scene-1094,calibration,original,0,none,42,90,34720,34720,0,0,0.676614216,worst_bin,0.6,0.676614216,True
nuscenes_mini_subset,scene-1094_034,scene-1094,calibration,random_dropout,0.1,fraction_removed,42,90,31288,31288,0,0,0.7118827998,worst_bin,0.6,0.7118827998,True
nuscenes_mini_subset,scene-1094_034,scene-1094,calibration,random_dropout,0.3,fraction_removed,42,90,24255,24255,0,0,0.7786218123,worst_bin,0.6,0.7786218123,True
nuscenes_mini_subset,scene-1094_034,scene-1094,calibration,random_dropout,0.5,fraction_removed,42,90,17283,17283,0,0,0.843733044,worst_bin,0.6,0.843733044,True
nuscenes_mini_subset,scene-1094_034,scene-1094,calibration,sector_dropout,10,degrees,42,90,34169,34169,0,0,0.676614216,worst_bin,0.6,0.676614216,True
nuscenes_mini_subset,scene-1094_034,scene-1094,calibration,sector_dropout,20,degrees,42,90,33609,33609,0,2,1,worst_bin,0.6,1,True
nuscenes_mini_subset,scene-1094_034,scene-1094,calibration,sector_dropout,30,degrees,42,90,32954,32954,0,2,1,worst_bin,0.6,1,True
nuscenes_mini_subset,scene-1094_035,scene-1094,test,original,0,none,42,90,34720,34720,0,0,0.6473141617,worst_bin,0.6,0.6473141617,True
nuscenes_mini_subset,scene-1094_035,scene-1094,test,random_dropout,0.1,fraction_removed,42,90,31288,31288,0,0,0.6842105263,worst_bin,0.6,0.6842105263,True
nuscenes_mini_subset,scene-1094_035,scene-1094,test,random_dropout,0.3,fraction_removed,42,90,24255,24255,0,0,0.76017363,worst_bin,0.6,0.76017363,True
nuscenes_mini_subset,scene-1094_035,scene-1094,test,random_dropout,0.5,fraction_removed,42,90,17283,17283,0,0,0.827455236,worst_bin,0.6,0.827455236,True
nuscenes_mini_subset,scene-1094_035,scene-1094,test,sector_dropout,10,degrees,42,90,34168,34168,0,0,0.6473141617,worst_bin,0.6,0.6473141617,True
nuscenes_mini_subset,scene-1094_035,scene-1094,test,sector_dropout,20,degrees,42,90,33607,33607,0,2,1,worst_bin,0.6,1,True
nuscenes_mini_subset,scene-1094_035,scene-1094,test,sector_dropout,30,degrees,42,90,32983,32983,0,2,1,worst_bin,0.6,1,True
nuscenes_mini_subset,scene-1094_036,scene-1094,calibration,original,0,none,42,90,34720,34720,0,0,0.6890938687,worst_bin,0.6,0.6890938687,True
nuscenes_mini_subset,scene-1094_036,scene-1094,calibration,random_dropout,0.1,fraction_removed,42,90,31288,31288,0,0,0.7216494845,worst_bin,0.6,0.7216494845,True
nuscenes_mini_subset,scene-1094_036,scene-1094,calibration,random_dropout,0.3,fraction_removed,42,90,24255,24255,0,0,0.7878459034,worst_bin,0.6,0.7878459034,True
nuscenes_mini_subset,scene-1094_036,scene-1094,calibration,random_dropout,0.5,fraction_removed,42,90,17283,17283,0,0,0.8491589799,worst_bin,0.6,0.8491589799,True
nuscenes_mini_subset,scene-1094_036,scene-1094,calibration,sector_dropout,10,degrees,42,90,34178,34178,0,0,0.6890938687,worst_bin,0.6,0.6890938687,True
nuscenes_mini_subset,scene-1094_036,scene-1094,calibration,sector_dropout,20,degrees,42,90,33611,33611,0,2,1,worst_bin,0.6,1,True
nuscenes_mini_subset,scene-1094_036,scene-1094,calibration,sector_dropout,30,degrees,42,90,32996,32996,0,2,1,worst_bin,0.6,1,True
nuscenes_mini_subset,scene-1094_037,scene-1094,test,original,0,none,42,90,34752,34752,0,0,0.6771568095,worst_bin,0.6,0.6771568095,True
nuscenes_mini_subset,scene-1094_037,scene-1094,test,random_dropout,0.1,fraction_removed,42,90,31318,31318,0,0,0.7107976126,worst_bin,0.6,0.7107976126,True
nuscenes_mini_subset,scene-1094_037,scene-1094,test,random_dropout,0.3,fraction_removed,42,90,24280,24280,0,0,0.7775366251,worst_bin,0.6,0.7775366251,True
nuscenes_mini_subset,scene-1094_037,scene-1094,test,random_dropout,0.5,fraction_removed,42,90,17300,17300,0,0,0.8421052632,worst_bin,0.6,0.8421052632,True
nuscenes_mini_subset,scene-1094_037,scene-1094,test,sector_dropout,10,degrees,42,90,34214,34214,0,0,0.6771568095,worst_bin,0.6,0.6771568095,True
nuscenes_mini_subset,scene-1094_037,scene-1094,test,sector_dropout,20,degrees,42,90,33650,33650,0,2,1,worst_bin,0.6,1,True
nuscenes_mini_subset,scene-1094_037,scene-1094,test,sector_dropout,30,degrees,42,90,33019,33019,0,2,1,worst_bin,0.6,1,True
nuscenes_mini_subset,scene-1094_038,scene-1094,calibration,original,0,none,42,90,34688,34688,0,0,0.6880086815,worst_bin,0.6,0.6880086815,True
nuscenes_mini_subset,scene-1094_038,scene-1094,calibration,random_dropout,0.1,fraction_removed,42,90,31260,31260,0,0,0.7221920781,worst_bin,0.6,0.7221920781,True
nuscenes_mini_subset,scene-1094_038,scene-1094,calibration,random_dropout,0.3,fraction_removed,42,90,24237,24237,0,0,0.7878459034,worst_bin,0.6,0.7878459034,True
nuscenes_mini_subset,scene-1094_038,scene-1094,calibration,random_dropout,0.5,fraction_removed,42,90,17270,17270,0,0,0.8507867607,worst_bin,0.6,0.8507867607,True
nuscenes_mini_subset,scene-1094_038,scene-1094,calibration,sector_dropout,10,degrees,42,90,34144,34144,0,0,0.6880086815,worst_bin,0.6,0.6880086815,True
nuscenes_mini_subset,scene-1094_038,scene-1094,calibration,sector_dropout,20,degrees,42,90,33558,33558,0,2,1,worst_bin,0.6,1,True
nuscenes_mini_subset,scene-1094_038,scene-1094,calibration,sector_dropout,30,degrees,42,90,32951,32951,0,2,1,worst_bin,0.6,1,True
nuscenes_mini_subset,scene-1094_039,scene-1094,test,original,0,none,42,90,34720,34720,0,0,0.6782419967,worst_bin,0.6,0.6782419967,True
nuscenes_mini_subset,scene-1094_039,scene-1094,test,random_dropout,0.1,fraction_removed,42,90,31288,31288,0,0,0.7118827998,worst_bin,0.6,0.7118827998,True
nuscenes_mini_subset,scene-1094_039,scene-1094,test,random_dropout,0.3,fraction_removed,42,90,24255,24255,0,0,0.7813347802,worst_bin,0.6,0.7813347802,True
nuscenes_mini_subset,scene-1094_039,scene-1094,test,random_dropout,0.5,fraction_removed,42,90,17283,17283,0,0,0.8464460119,worst_bin,0.6,0.8464460119,True
nuscenes_mini_subset,scene-1094_039,scene-1094,test,sector_dropout,10,degrees,42,90,34182,34182,0,0,0.6782419967,worst_bin,0.6,0.6782419967,True
nuscenes_mini_subset,scene-1094_039,scene-1094,test,sector_dropout,20,degrees,42,90,33622,33622,0,2,1,worst_bin,0.6,1,True
nuscenes_mini_subset,scene-1094_039,scene-1094,test,sector_dropout,30,degrees,42,90,33014,33014,0,2,1,worst_bin,0.6,1,True
