dataset,frame,scene,split,perturbation,level,level_unit,seed,sector_center_deg,n_points,finite_points,invalid_ratio,empty_azimuth_bins,density_score,threshold,flagged,warning_reason
kitti_mini,000001,KITTI,calibration,original,0,none,42,0,120268,120268,0,0,0.2211283605,0.2,True,density_deficit_exceeds_threshold
kitti_mini,000001,KITTI,calibration,random_dropout,0.1,fraction_removed,42,0,108167,108167,0,0,0.2953426732,0.2,True,density_deficit_exceeds_threshold
kitti_mini,000001,KITTI,calibration,random_dropout,0.3,fraction_removed,42,0,84111,84111,0,0,0.4471790988,0.2,True,density_deficit_exceeds_threshold
kitti_mini,000001,KITTI,calibration,random_dropout,0.5,fraction_removed,42,0,59871,59871,0,0,0.6092389246,0.2,True,density_deficit_exceeds_threshold
kitti_mini,000001,KITTI,calibration,sector_dropout,10,degrees,42,0,117403,117403,0,0,0.5392058725,0.2,True,density_deficit_exceeds_threshold
kitti_mini,000001,KITTI,calibration,sector_dropout,20,degrees,42,0,114524,114524,0,2,1,0.2,True,density_deficit_exceeds_threshold
kitti_mini,000001,KITTI,calibration,sector_dropout,30,degrees,42,0,111656,111656,0,2,1,0.2,True,density_deficit_exceeds_threshold
kitti_mini,000004,KITTI,test,original,0,none,42,0,115976,115976,0,0,0.2491413474,0.2,True,density_deficit_exceeds_threshold
kitti_mini,000004,KITTI,test,random_dropout,0.1,fraction_removed,42,0,104322,104322,0,0,0.3207397622,0.2,True,density_deficit_exceeds_threshold
kitti_mini,000004,KITTI,test,random_dropout,0.3,fraction_removed,42,0,81127,81127,0,0,0.4676354029,0.2,True,density_deficit_exceeds_threshold
kitti_mini,000004,KITTI,test,random_dropout,0.5,fraction_removed,42,0,57713,57713,0,0,0.621664465,0.2,True,density_deficit_exceeds_threshold
kitti_mini,000004,KITTI,test,sector_dropout,10,degrees,42,0,113221,113221,0,0,0.5478812145,0.2,True,density_deficit_exceeds_threshold
kitti_mini,000004,KITTI,test,sector_dropout,20,degrees,42,0,110374,110374,0,2,1,0.2,True,density_deficit_exceeds_threshold
kitti_mini,000004,KITTI,test,sector_dropout,30,degrees,42,0,107252,107252,0,2,1,0.2,True,density_deficit_exceeds_threshold
kitti_mini,000007,KITTI,calibration,original,0,none,42,0,122798,122798,0,0,0.2309782609,0.2,True,density_deficit_exceeds_threshold
kitti_mini,000007,KITTI,calibration,random_dropout,0.1,fraction_removed,42,0,110452,110452,0,0,0.3202639752,0.2,True,density_deficit_exceeds_threshold
kitti_mini,000007,KITTI,calibration,random_dropout,0.3,fraction_removed,42,0,85891,85891,0,0,0.4549689441,0.2,True,density_deficit_exceeds_threshold
kitti_mini,000007,KITTI,calibration,random_dropout,0.5,fraction_removed,42,0,61146,61146,0,0,0.612189441,0.2,True,density_deficit_exceeds_threshold
kitti_mini,000007,KITTI,calibration,sector_dropout,10,degrees,42,0,119882,119882,0,0,0.5201868535,0.2,True,density_deficit_exceeds_threshold
kitti_mini,000007,KITTI,calibration,sector_dropout,20,degrees,42,0,116905,116905,0,2,1,0.2,True,density_deficit_exceeds_threshold
kitti_mini,000007,KITTI,calibration,sector_dropout,30,degrees,42,0,113797,113797,0,2,1,0.2,True,density_deficit_exceeds_threshold
kitti_mini,000008,KITTI,test,original,0,none,42,0,122555,122555,0,0,0.1737218252,0.2,False,
kitti_mini,000008,KITTI,test,random_dropout,0.1,fraction_removed,42,0,110227,110227,0,0,0.2603078615,0.2,True,density_deficit_exceeds_threshold
kitti_mini,000008,KITTI,test,random_dropout,0.3,fraction_removed,42,0,85707,85707,0,0,0.4255085212,0.2,True,density_deficit_exceeds_threshold
kitti_mini,000008,KITTI,test,random_dropout,0.5,fraction_removed,42,0,61008,61008,0,0,0.5951072018,0.2,True,density_deficit_exceeds_threshold
kitti_mini,000008,KITTI,test,sector_dropout,10,degrees,42,0,119436,119436,0,0,0.5288621955,0.2,True,density_deficit_exceeds_threshold
kitti_mini,000008,KITTI,test,sector_dropout,20,degrees,42,0,116373,116373,0,2,1,0.2,True,density_deficit_exceeds_threshold
kitti_mini,000008,KITTI,test,sector_dropout,30,degrees,42,0,113375,113375,0,2,1,0.2,True,density_deficit_exceeds_threshold
kitti_mini,000009,KITTI,calibration,original,0,none,42,0,123928,123928,0,0,0.2182759236,0.2,True,density_deficit_exceeds_threshold
kitti_mini,000009,KITTI,calibration,random_dropout,0.1,fraction_removed,42,0,111471,111471,0,0,0.3007317508,0.2,True,density_deficit_exceeds_threshold
kitti_mini,000009,KITTI,calibration,random_dropout,0.3,fraction_removed,42,0,86666,86666,0,0,0.4510083884,0.2,True,density_deficit_exceeds_threshold
kitti_mini,000009,KITTI,calibration,random_dropout,0.5,fraction_removed,42,0,61684,61684,0,0,0.6094949134,0.2,True,density_deficit_exceeds_threshold
kitti_mini,000009,KITTI,calibration,sector_dropout,10,degrees,42,0,121184,121184,0,0,0.5392303848,0.2,True,density_deficit_exceeds_threshold
kitti_mini,000009,KITTI,calibration,sector_dropout,20,degrees,42,0,118144,118144,0,2,1,0.2,True,density_deficit_exceeds_threshold
kitti_mini,000009,KITTI,calibration,sector_dropout,30,degrees,42,0,114998,114998,0,2,1,0.2,True,density_deficit_exceeds_threshold
kitti_mini,000010,KITTI,test,original,0,none,42,0,115875,115875,0,0,0.2575017446,0.2,True,density_deficit_exceeds_threshold
kitti_mini,000010,KITTI,test,random_dropout,0.1,fraction_removed,42,0,104232,104232,0,0,0.3309141661,0.2,True,density_deficit_exceeds_threshold
kitti_mini,000010,KITTI,test,random_dropout,0.3,fraction_removed,42,0,81051,81051,0,0,0.4810886253,0.2,True,density_deficit_exceeds_threshold
kitti_mini,000010,KITTI,test,random_dropout,0.5,fraction_removed,42,0,57666,57666,0,0,0.6314606742,0.2,True,density_deficit_exceeds_threshold
kitti_mini,000010,KITTI,test,sector_dropout,10,degrees,42,0,112986,112986,0,0,0.5311978645,0.2,True,density_deficit_exceeds_threshold
kitti_mini,000010,KITTI,test,sector_dropout,20,degrees,42,0,110136,110136,0,2,1,0.2,True,density_deficit_exceeds_threshold
kitti_mini,000010,KITTI,test,sector_dropout,30,degrees,42,0,107326,107326,0,2,1,0.2,True,density_deficit_exceeds_threshold
kitti_mini,000011,KITTI,calibration,original,0,none,42,0,108004,108004,0,0,0.437449338,0.2,True,density_deficit_exceeds_threshold
kitti_mini,000011,KITTI,calibration,random_dropout,0.1,fraction_removed,42,0,97137,97137,0,0,0.5033774655,0.2,True,density_deficit_exceeds_threshold
kitti_mini,000011,KITTI,calibration,random_dropout,0.3,fraction_removed,42,0,75504,75504,0,0,0.6092947852,0.2,True,density_deficit_exceeds_threshold
kitti_mini,000011,KITTI,calibration,random_dropout,0.5,fraction_removed,42,0,53691,53691,0,0,0.718724669,0.2,True,density_deficit_exceeds_threshold
kitti_mini,000011,KITTI,calibration,sector_dropout,10,degrees,42,0,104852,104852,0,0,0.4809262036,0.2,True,density_deficit_exceeds_threshold
kitti_mini,000011,KITTI,calibration,sector_dropout,20,degrees,42,0,101720,101720,0,2,1,0.2,True,density_deficit_exceeds_threshold
kitti_mini,000011,KITTI,calibration,sector_dropout,30,degrees,42,0,98457,98457,0,2,1,0.2,True,density_deficit_exceeds_threshold
kitti_mini,000012,KITTI,test,original,0,none,42,0,120007,120007,0,0,0.125468499,0.2,False,
kitti_mini,000012,KITTI,test,random_dropout,0.1,fraction_removed,42,0,107936,107936,0,0,0.2100660361,0.2,True,density_deficit_exceeds_threshold
kitti_mini,000012,KITTI,test,random_dropout,0.3,fraction_removed,42,0,83936,83936,0,0,0.3918105958,0.2,True,density_deficit_exceeds_threshold
kitti_mini,000012,KITTI,test,random_dropout,0.5,fraction_removed,42,0,59746,59746,0,0,0.5761692218,0.2,True,density_deficit_exceeds_threshold
kitti_mini,000012,KITTI,test,sector_dropout,10,degrees,42,0,117275,117275,0,0,0.5572238906,0.2,True,density_deficit_exceeds_threshold
kitti_mini,000012,KITTI,test,sector_dropout,20,degrees,42,0,114415,114415,0,2,1,0.2,True,density_deficit_exceeds_threshold
kitti_mini,000012,KITTI,test,sector_dropout,30,degrees,42,0,111302,111302,0,2,1,0.2,True,density_deficit_exceeds_threshold
kitti_mini,000015,KITTI,calibration,original,0,none,42,0,122583,122583,0,0,0.2275975811,0.2,True,density_deficit_exceeds_threshold
kitti_mini,000015,KITTI,calibration,random_dropout,0.1,fraction_removed,42,0,110255,110255,0,0,0.3023639362,0.2,True,density_deficit_exceeds_threshold
kitti_mini,000015,KITTI,calibration,random_dropout,0.3,fraction_removed,42,0,85728,85728,0,0,0.4617921935,0.2,True,density_deficit_exceeds_threshold
kitti_mini,000015,KITTI,calibration,random_dropout,0.5,fraction_removed,42,0,61027,61027,0,0,0.6179219351,0.2,True,density_deficit_exceeds_threshold
kitti_mini,000015,KITTI,calibration,sector_dropout,10,degrees,42,0,119491,119491,0,0,0.5019157088,0.2,True,density_deficit_exceeds_threshold
kitti_mini,000015,KITTI,calibration,sector_dropout,20,degrees,42,0,116309,116309,0,2,1,0.2,True,density_deficit_exceeds_threshold
kitti_mini,000015,KITTI,calibration,sector_dropout,30,degrees,42,0,112922,112922,0,2,1,0.2,True,density_deficit_exceeds_threshold
kitti_mini,000016,KITTI,test,original,0,none,42,0,113070,113070,0,0,0.2336819807,0.2,True,density_deficit_exceeds_threshold
kitti_mini,000016,KITTI,test,random_dropout,0.1,fraction_removed,42,0,101696,101696,0,0,0.3033231828,0.2,True,density_deficit_exceeds_threshold
kitti_mini,000016,KITTI,test,random_dropout,0.3,fraction_removed,42,0,79085,79085,0,0,0.4566397458,0.2,True,density_deficit_exceeds_threshold
kitti_mini,000016,KITTI,test,random_dropout,0.5,fraction_removed,42,0,56269,56269,0,0,0.6126042632,0.2,True,density_deficit_exceeds_threshold
kitti_mini,000016,KITTI,test,sector_dropout,10,degrees,42,0,110084,110084,0,0,0.5395395395,0.2,True,density_deficit_exceeds_threshold
kitti_mini,000016,KITTI,test,sector_dropout,20,degrees,42,0,107282,107282,0,2,1,0.2,True,density_deficit_exceeds_threshold
kitti_mini,000016,KITTI,test,sector_dropout,30,degrees,42,0,104177,104177,0,2,1,0.2,True,density_deficit_exceeds_threshold
kitti_mini,000019,KITTI,calibration,original,0,none,42,0,115697,115697,0,0,0.3797752809,0.2,True,density_deficit_exceeds_threshold
kitti_mini,000019,KITTI,calibration,random_dropout,0.1,fraction_removed,42,0,104075,104075,0,0,0.4443820225,0.2,True,density_deficit_exceeds_threshold
kitti_mini,000019,KITTI,calibration,random_dropout,0.3,fraction_removed,42,0,80920,80920,0,0,0.5710674157,0.2,True,density_deficit_exceeds_threshold
kitti_mini,000019,KITTI,calibration,random_dropout,0.5,fraction_removed,42,0,57574,57574,0,0,0.6907303371,0.2,True,density_deficit_exceeds_threshold
kitti_mini,000019,KITTI,calibration,sector_dropout,10,degrees,42,0,112937,112937,0,0,0.4654654655,0.2,True,density_deficit_exceeds_threshold
kitti_mini,000019,KITTI,calibration,sector_dropout,20,degrees,42,0,109699,109699,0,2,1,0.2,True,density_deficit_exceeds_threshold
kitti_mini,000019,KITTI,calibration,sector_dropout,30,degrees,42,0,106352,106352,0,2,1,0.2,True,density_deficit_exceeds_threshold
kitti_mini,000021,KITTI,test,original,0,none,42,0,125260,125260,0,0,0.1097626272,0.2,False,
kitti_mini,000021,KITTI,test,random_dropout,0.1,fraction_removed,42,0,112663,112663,0,0,0.1904336962,0.2,False,
kitti_mini,000021,KITTI,test,random_dropout,0.3,fraction_removed,42,0,87589,87589,0,0,0.3771194003,0.2,True,density_deficit_exceeds_threshold
kitti_mini,000021,KITTI,test,random_dropout,0.5,fraction_removed,42,0,62348,62348,0,0,0.5545243619,0.2,True,density_deficit_exceeds_threshold
kitti_mini,000021,KITTI,test,sector_dropout,10,degrees,42,0,122350,122350,0,0,0.4925870398,0.2,True,density_deficit_exceeds_threshold
kitti_mini,000021,KITTI,test,sector_dropout,20,degrees,42,0,119279,119279,0,2,1,0.2,True,density_deficit_exceeds_threshold
kitti_mini,000021,KITTI,test,sector_dropout,30,degrees,42,0,115901,115901,0,2,1,0.2,True,density_deficit_exceeds_threshold
kitti_mini,000023,KITTI,calibration,original,0,none,42,0,120412,120412,0,0,0.2112836047,0.2,True,density_deficit_exceeds_threshold
kitti_mini,000023,KITTI,calibration,random_dropout,0.1,fraction_removed,42,0,108295,108295,0,0,0.2828474063,0.2,True,density_deficit_exceeds_threshold
kitti_mini,000023,KITTI,calibration,random_dropout,0.3,fraction_removed,42,0,84216,84216,0,0,0.4335478985,0.2,True,density_deficit_exceeds_threshold
kitti_mini,000023,KITTI,calibration,random_dropout,0.5,fraction_removed,42,0,59941,59941,0,0,0.5940931465,0.2,True,density_deficit_exceeds_threshold
kitti_mini,000023,KITTI,calibration,sector_dropout,10,degrees,42,0,117532,117532,0,0,0.5375375375,0.2,True,density_deficit_exceeds_threshold
kitti_mini,000023,KITTI,calibration,sector_dropout,20,degrees,42,0,114647,114647,0,2,1,0.2,True,density_deficit_exceeds_threshold
kitti_mini,000023,KITTI,calibration,sector_dropout,30,degrees,42,0,111761,111761,0,2,1,0.2,True,density_deficit_exceeds_threshold
kitti_mini,000025,KITTI,test,original,0,none,42,0,115780,115780,0,0,0.4989532449,0.2,True,density_deficit_exceeds_threshold
kitti_mini,000025,KITTI,test,random_dropout,0.1,fraction_removed,42,0,104147,104147,0,0,0.5528262387,0.2,True,density_deficit_exceeds_threshold
kitti_mini,000025,KITTI,test,random_dropout,0.3,fraction_removed,42,0,80980,80980,0,0,0.6519190509,0.2,True,density_deficit_exceeds_threshold
kitti_mini,000025,KITTI,test,random_dropout,0.5,fraction_removed,42,0,57618,57618,0,0,0.747662247,0.2,True,density_deficit_exceeds_threshold
kitti_mini,000025,KITTI,test,sector_dropout,10,degrees,42,0,112768,112768,0,0,0.5059137098,0.2,True,density_deficit_exceeds_threshold
kitti_mini,000025,KITTI,test,sector_dropout,20,degrees,42,0,109681,109681,0,2,1,0.2,True,density_deficit_exceeds_threshold
kitti_mini,000025,KITTI,test,sector_dropout,30,degrees,42,0,106354,106354,0,2,1,0.2,True,density_deficit_exceeds_threshold
kitti_mini,000031,KITTI,calibration,original,0,none,42,0,121291,121291,0,0,0.2161747142,0.2,True,density_deficit_exceeds_threshold
kitti_mini,000031,KITTI,calibration,random_dropout,0.1,fraction_removed,42,0,109094,109094,0,0,0.2987544788,0.2,True,density_deficit_exceeds_threshold
kitti_mini,000031,KITTI,calibration,random_dropout,0.3,fraction_removed,42,0,84836,84836,0,0,0.4741511687,0.2,True,density_deficit_exceeds_threshold
kitti_mini,000031,KITTI,calibration,random_dropout,0.5,fraction_removed,42,0,60380,60380,0,0,0.6215662856,0.2,True,density_deficit_exceeds_threshold
kitti_mini,000031,KITTI,calibration,sector_dropout,10,degrees,42,0,118436,118436,0,0,0.4644644645,0.2,True,density_deficit_exceeds_threshold
kitti_mini,000031,KITTI,calibration,sector_dropout,20,degrees,42,0,115189,115189,0,2,1,0.2,True,density_deficit_exceeds_threshold
kitti_mini,000031,KITTI,calibration,sector_dropout,30,degrees,42,0,111968,111968,0,2,1,0.2,True,density_deficit_exceeds_threshold
kitti_mini,000032,KITTI,test,original,0,none,42,0,118661,118661,0,0,0.3036516854,0.2,True,density_deficit_exceeds_threshold
kitti_mini,000032,KITTI,test,random_dropout,0.1,fraction_removed,42,0,106737,106737,0,0,0.3735955056,0.2,True,density_deficit_exceeds_threshold
kitti_mini,000032,KITTI,test,random_dropout,0.3,fraction_removed,42,0,82996,82996,0,0,0.5095505618,0.2,True,density_deficit_exceeds_threshold
kitti_mini,000032,KITTI,test,random_dropout,0.5,fraction_removed,42,0,59084,59084,0,0,0.6460674157,0.2,True,density_deficit_exceeds_threshold
kitti_mini,000032,KITTI,test,sector_dropout,10,degrees,42,0,115376,115376,0,0,0.4869232051,0.2,True,density_deficit_exceeds_threshold
kitti_mini,000032,KITTI,test,sector_dropout,20,degrees,42,0,112167,112167,0,2,1,0.2,True,density_deficit_exceeds_threshold
kitti_mini,000032,KITTI,test,sector_dropout,30,degrees,42,0,108942,108942,0,2,1,0.2,True,density_deficit_exceeds_threshold
kitti_mini,000043,KITTI,calibration,original,0,none,42,0,122591,122591,0,0,0.1185770751,0.2,False,
kitti_mini,000043,KITTI,calibration,random_dropout,0.1,fraction_removed,42,0,110261,110261,0,0,0.2026350461,0.2,True,density_deficit_exceeds_threshold
kitti_mini,000043,KITTI,calibration,random_dropout,0.3,fraction_removed,42,0,85733,85733,0,0,0.377602108,0.2,True,density_deficit_exceeds_threshold
kitti_mini,000043,KITTI,calibration,random_dropout,0.5,fraction_removed,42,0,61030,61030,0,0,0.5571405414,0.2,True,density_deficit_exceeds_threshold
kitti_mini,000043,KITTI,calibration,sector_dropout,10,degrees,42,0,119700,119700,0,0,0.4659336998,0.2,True,density_deficit_exceeds_threshold
kitti_mini,000043,KITTI,calibration,sector_dropout,20,degrees,42,0,116484,116484,0,2,1,0.2,True,density_deficit_exceeds_threshold
kitti_mini,000043,KITTI,calibration,sector_dropout,30,degrees,42,0,113109,113109,0,2,1,0.2,True,density_deficit_exceeds_threshold
kitti_mini,000048,KITTI,test,original,0,none,42,0,122675,122675,0,0,0.1252311757,0.2,False,
kitti_mini,000048,KITTI,test,random_dropout,0.1,fraction_removed,42,0,110341,110341,0,0,0.2113606341,0.2,True,density_deficit_exceeds_threshold
kitti_mini,000048,KITTI,test,random_dropout,0.3,fraction_removed,42,0,85799,85799,0,0,0.3965653897,0.2,True,density_deficit_exceeds_threshold
kitti_mini,000048,KITTI,test,random_dropout,0.5,fraction_removed,42,0,61084,61084,0,0,0.5717305152,0.2,True,density_deficit_exceeds_threshold
kitti_mini,000048,KITTI,test,sector_dropout,10,degrees,42,0,119639,119639,0,0,0.4619356988,0.2,True,density_deficit_exceeds_threshold
kitti_mini,000048,KITTI,test,sector_dropout,20,degrees,42,0,116394,116394,0,2,1,0.2,True,density_deficit_exceeds_threshold
kitti_mini,000048,KITTI,test,sector_dropout,30,degrees,42,0,113015,113015,0,2,1,0.2,True,density_deficit_exceeds_threshold
kitti_mini,000049,KITTI,calibration,original,0,none,42,0,113691,113691,0,0,0.2917112299,0.2,True,density_deficit_exceeds_threshold
kitti_mini,000049,KITTI,calibration,random_dropout,0.1,fraction_removed,42,0,102244,102244,0,0,0.3612299465,0.2,True,density_deficit_exceeds_threshold
kitti_mini,000049,KITTI,calibration,random_dropout,0.3,fraction_removed,42,0,79510,79510,0,0,0.5016042781,0.2,True,density_deficit_exceeds_threshold
kitti_mini,000049,KITTI,calibration,random_dropout,0.5,fraction_removed,42,0,56570,56570,0,0,0.649197861,0.2,True,density_deficit_exceeds_threshold
kitti_mini,000049,KITTI,calibration,sector_dropout,10,degrees,42,0,110704,110704,0,0,0.4984984985,0.2,True,density_deficit_exceeds_threshold
kitti_mini,000049,KITTI,calibration,sector_dropout,20,degrees,42,0,107599,107599,0,2,1,0.2,True,density_deficit_exceeds_threshold
kitti_mini,000049,KITTI,calibration,sector_dropout,30,degrees,42,0,104368,104368,0,2,1,0.2,True,density_deficit_exceeds_threshold
kitti_mini,000061,KITTI,test,original,0,none,42,0,125247,125247,0,0,0.1957119296,0.2,False,
kitti_mini,000061,KITTI,test,random_dropout,0.1,fraction_removed,42,0,112650,112650,0,0,0.2699285322,0.2,True,density_deficit_exceeds_threshold
kitti_mini,000061,KITTI,test,random_dropout,0.3,fraction_removed,42,0,87580,87580,0,0,0.4395272128,0.2,True,density_deficit_exceeds_threshold
kitti_mini,000061,KITTI,test,random_dropout,0.5,fraction_removed,42,0,62340,62340,0,0,0.6083012644,0.2,True,density_deficit_exceeds_threshold
kitti_mini,000061,KITTI,test,sector_dropout,10,degrees,42,0,121843,121843,0,0,0.4327660994,0.2,True,density_deficit_exceeds_threshold
kitti_mini,000061,KITTI,test,sector_dropout,20,degrees,42,0,118439,118439,0,2,1,0.2,True,density_deficit_exceeds_threshold
kitti_mini,000061,KITTI,test,sector_dropout,30,degrees,42,0,114969,114969,0,2,1,0.2,True,density_deficit_exceeds_threshold
nuscenes_mini_subset,scene-0103_000,scene-0103,calibration,original,0,none,42,90,34752,34752,0,0,0.7826802766,0.2,True,density_deficit_exceeds_threshold
nuscenes_mini_subset,scene-0103_000,scene-0103,calibration,random_dropout,0.1,fraction_removed,42,90,31318,31318,0,0,0.8037537043,0.2,True,density_deficit_exceeds_threshold
nuscenes_mini_subset,scene-0103_000,scene-0103,calibration,random_dropout,0.3,fraction_removed,42,90,24280,24280,0,0,0.8508396444,0.2,True,density_deficit_exceeds_threshold
nuscenes_mini_subset,scene-0103_000,scene-0103,calibration,random_dropout,0.5,fraction_removed,42,90,17300,17300,0,0,0.8946328614,0.2,True,density_deficit_exceeds_threshold
nuscenes_mini_subset,scene-0103_000,scene-0103,calibration,sector_dropout,10,degrees,42,90,34173,34173,0,0,0.7826802766,0.2,True,density_deficit_exceeds_threshold
nuscenes_mini_subset,scene-0103_000,scene-0103,calibration,sector_dropout,20,degrees,42,90,33489,33489,0,2,1,0.2,True,density_deficit_exceeds_threshold
nuscenes_mini_subset,scene-0103_000,scene-0103,calibration,sector_dropout,30,degrees,42,90,32758,32758,0,2,1,0.2,True,density_deficit_exceeds_threshold
nuscenes_mini_subset,scene-0103_001,scene-0103,test,original,0,none,42,90,34688,34688,0,0,0.6483993489,0.2,True,density_deficit_exceeds_threshold
nuscenes_mini_subset,scene-0103_001,scene-0103,test,random_dropout,0.1,fraction_removed,42,90,31260,31260,0,0,0.6858383071,0.2,True,density_deficit_exceeds_threshold
nuscenes_mini_subset,scene-0103_001,scene-0103,test,random_dropout,0.3,fraction_removed,42,90,24237,24237,0,0,0.757460662,0.2,True,density_deficit_exceeds_threshold
nuscenes_mini_subset,scene-0103_001,scene-0103,test,random_dropout,0.5,fraction_removed,42,90,17270,17270,0,0,0.8279978296,0.2,True,density_deficit_exceeds_threshold
nuscenes_mini_subset,scene-0103_001,scene-0103,test,sector_dropout,10,degrees,42,90,34086,34086,0,0,0.6483993489,0.2,True,density_deficit_exceeds_threshold
nuscenes_mini_subset,scene-0103_001,scene-0103,test,sector_dropout,20,degrees,42,90,33401,33401,0,2,1,0.2,True,density_deficit_exceeds_threshold
nuscenes_mini_subset,scene-0103_001,scene-0103,test,sector_dropout,30,degrees,42,90,32666,32666,0,2,1,0.2,True,density_deficit_exceeds_threshold
nuscenes_mini_subset,scene-0103_002,scene-0103,calibration,original,0,none,42,90,34752,34752,0,0,0.6652197504,0.2,True,density_deficit_exceeds_threshold
nuscenes_mini_subset,scene-0103_002,scene-0103,calibration,random_dropout,0.1,fraction_removed,42,90,31318,31318,0,0,0.7015735214,0.2,True,density_deficit_exceeds_threshold
nuscenes_mini_subset,scene-0103_002,scene-0103,calibration,random_dropout,0.3,fraction_removed,42,90,24280,24280,0,0,0.7688551275,0.2,True,density_deficit_exceeds_threshold
nuscenes_mini_subset,scene-0103_002,scene-0103,calibration,random_dropout,0.5,fraction_removed,42,90,17300,17300,0,0,0.8350515464,0.2,True,density_deficit_exceeds_threshold
nuscenes_mini_subset,scene-0103_002,scene-0103,calibration,sector_dropout,10,degrees,42,90,34178,34178,0,0,0.6652197504,0.2,True,density_deficit_exceeds_threshold
nuscenes_mini_subset,scene-0103_002,scene-0103,calibration,sector_dropout,20,degrees,42,90,33497,33497,0,2,1,0.2,True,density_deficit_exceeds_threshold
nuscenes_mini_subset,scene-0103_002,scene-0103,calibration,sector_dropout,30,degrees,42,90,32766,32766,0,2,1,0.2,True,density_deficit_exceeds_threshold
nuscenes_mini_subset,scene-0103_003,scene-0103,test,original,0,none,42,90,34720,34720,0,0,0.6950623983,0.2,True,density_deficit_exceeds_threshold
nuscenes_mini_subset,scene-0103_003,scene-0103,test,random_dropout,0.1,fraction_removed,42,90,31288,31288,0,0,0.7254476397,0.2,True,density_deficit_exceeds_threshold
nuscenes_mini_subset,scene-0103_003,scene-0103,test,random_dropout,0.3,fraction_removed,42,90,24255,24255,0,0,0.788388497,0.2,True,density_deficit_exceeds_threshold
nuscenes_mini_subset,scene-0103_003,scene-0103,test,random_dropout,0.5,fraction_removed,42,90,17283,17283,0,0,0.8475311991,0.2,True,density_deficit_exceeds_threshold
nuscenes_mini_subset,scene-0103_003,scene-0103,test,sector_dropout,10,degrees,42,90,34137,34137,0,0,0.6950623983,0.2,True,density_deficit_exceeds_threshold
nuscenes_mini_subset,scene-0103_003,scene-0103,test,sector_dropout,20,degrees,42,90,33465,33465,0,2,1,0.2,True,density_deficit_exceeds_threshold
nuscenes_mini_subset,scene-0103_003,scene-0103,test,sector_dropout,30,degrees,42,90,32743,32743,0,2,1,0.2,True,density_deficit_exceeds_threshold
nuscenes_mini_subset,scene-0103_004,scene-0103,calibration,original,0,none,42,90,34784,34784,0,0,0.7059142702,0.2,True,density_deficit_exceeds_threshold
nuscenes_mini_subset,scene-0103_004,scene-0103,calibration,random_dropout,0.1,fraction_removed,42,90,31345,31345,0,0,0.7357569181,0.2,True,density_deficit_exceeds_threshold
nuscenes_mini_subset,scene-0103_004,scene-0103,calibration,random_dropout,0.3,fraction_removed,42,90,24300,24300,0,0,0.796527401,0.2,True,density_deficit_exceeds_threshold
nuscenes_mini_subset,scene-0103_004,scene-0103,calibration,random_dropout,0.5,fraction_removed,42,90,17313,17313,0,0,0.8551275095,0.2,True,density_deficit_exceeds_threshold
nuscenes_mini_subset,scene-0103_004,scene-0103,calibration,sector_dropout,10,degrees,42,90,34196,34196,0,0,0.7059142702,0.2,True,density_deficit_exceeds_threshold
nuscenes_mini_subset,scene-0103_004,scene-0103,calibration,sector_dropout,20,degrees,42,90,33528,33528,0,2,1,0.2,True,density_deficit_exceeds_threshold
nuscenes_mini_subset,scene-0103_004,scene-0103,calibration,sector_dropout,30,degrees,42,90,32825,32825,0,2,1,0.2,True,density_deficit_exceeds_threshold
nuscenes_mini_subset,scene-0103_005,scene-0103,test,original,0,none,42,90,34720,34720,0,0,0.3824200913,0.2,True,density_deficit_exceeds_threshold
nuscenes_mini_subset,scene-0103_005,scene-0103,test,random_dropout,0.1,fraction_removed,42,90,31288,31288,0,0,0.4566210046,0.2,True,density_deficit_exceeds_threshold
nuscenes_mini_subset,scene-0103_005,scene-0103,test,random_dropout,0.3,fraction_removed,42,90,24255,24255,0,0,0.5799086758,0.2,True,density_deficit_exceeds_threshold
nuscenes_mini_subset,scene-0103_005,scene-0103,test,random_dropout,0.5,fraction_removed,42,90,17283,17283,0,0,0.7160775371,0.2,True,density_deficit_exceeds_threshold
nuscenes_mini_subset,scene-0103_005,scene-0103,test,sector_dropout,10,degrees,42,90,34105,34105,0,0,0.4887218045,0.2,True,density_deficit_exceeds_threshold
nuscenes_mini_subset,scene-0103_005,scene-0103,test,sector_dropout,20,degrees,42,90,33424,33424,0,2,1,0.2,True,density_deficit_exceeds_threshold
nuscenes_mini_subset,scene-0103_005,scene-0103,test,sector_dropout,30,degrees,42,90,32673,32673,0,2,1,0.2,True,density_deficit_exceeds_threshold
nuscenes_mini_subset,scene-0103_006,scene-0103,calibration,original,0,none,42,90,34688,34688,0,0,0.6939772111,0.2,True,density_deficit_exceeds_threshold
nuscenes_mini_subset,scene-0103_006,scene-0103,calibration,random_dropout,0.1,fraction_removed,42,90,31260,31260,0,0,0.7259902333,0.2,True,density_deficit_exceeds_threshold
nuscenes_mini_subset,scene-0103_006,scene-0103,calibration,random_dropout,0.3,fraction_removed,42,90,24237,24237,0,0,0.7873033098,0.2,True,density_deficit_exceeds_threshold
nuscenes_mini_subset,scene-0103_006,scene-0103,calibration,random_dropout,0.5,fraction_removed,42,90,17270,17270,0,0,0.8491589799,0.2,True,density_deficit_exceeds_threshold
nuscenes_mini_subset,scene-0103_006,scene-0103,calibration,sector_dropout,10,degrees,42,90,34101,34101,0,0,0.6939772111,0.2,True,density_deficit_exceeds_threshold
nuscenes_mini_subset,scene-0103_006,scene-0103,calibration,sector_dropout,20,degrees,42,90,33454,33454,0,2,1,0.2,True,density_deficit_exceeds_threshold
nuscenes_mini_subset,scene-0103_006,scene-0103,calibration,sector_dropout,30,degrees,42,90,32710,32710,0,2,1,0.2,True,density_deficit_exceeds_threshold
nuscenes_mini_subset,scene-0103_007,scene-0103,test,original,0,none,42,90,34688,34688,0,0,0.6543678785,0.2,True,density_deficit_exceeds_threshold
nuscenes_mini_subset,scene-0103_007,scene-0103,test,random_dropout,0.1,fraction_removed,42,90,31260,31260,0,0,0.6907216495,0.2,True,density_deficit_exceeds_threshold
nuscenes_mini_subset,scene-0103_007,scene-0103,test,random_dropout,0.3,fraction_removed,42,90,24237,24237,0,0,0.7612588171,0.2,True,density_deficit_exceeds_threshold
nuscenes_mini_subset,scene-0103_007,scene-0103,test,random_dropout,0.5,fraction_removed,42,90,17270,17270,0,0,0.8334237656,0.2,True,density_deficit_exceeds_threshold
nuscenes_mini_subset,scene-0103_007,scene-0103,test,sector_dropout,10,degrees,42,90,34100,34100,0,0,0.6543678785,0.2,True,density_deficit_exceeds_threshold
nuscenes_mini_subset,scene-0103_007,scene-0103,test,sector_dropout,20,degrees,42,90,33463,33463,0,2,1,0.2,True,density_deficit_exceeds_threshold
nuscenes_mini_subset,scene-0103_007,scene-0103,test,sector_dropout,30,degrees,42,90,32730,32730,0,2,1,0.2,True,density_deficit_exceeds_threshold
nuscenes_mini_subset,scene-0103_008,scene-0103,calibration,original,0,none,42,90,34720,34720,0,0,0.7701679289,0.2,True,density_deficit_exceeds_threshold
nuscenes_mini_subset,scene-0103_008,scene-0103,calibration,random_dropout,0.1,fraction_removed,42,90,31288,31288,0,0,0.7925584458,0.2,True,density_deficit_exceeds_threshold
nuscenes_mini_subset,scene-0103_008,scene-0103,calibration,random_dropout,0.3,fraction_removed,42,90,24255,24255,0,0,0.8393151136,0.2,True,density_deficit_exceeds_threshold
nuscenes_mini_subset,scene-0103_008,scene-0103,calibration,random_dropout,0.5,fraction_removed,42,90,17283,17283,0,0,0.8821205137,0.2,True,density_deficit_exceeds_threshold
nuscenes_mini_subset,scene-0103_008,scene-0103,calibration,sector_dropout,10,degrees,42,90,34166,34166,0,0,0.7701679289,0.2,True,density_deficit_exceeds_threshold
nuscenes_mini_subset,scene-0103_008,scene-0103,calibration,sector_dropout,20,degrees,42,90,33549,33549,0,2,1,0.2,True,density_deficit_exceeds_threshold
nuscenes_mini_subset,scene-0103_008,scene-0103,calibration,sector_dropout,30,degrees,42,90,32831,32831,0,2,1,0.2,True,density_deficit_exceeds_threshold
nuscenes_mini_subset,scene-0103_009,scene-0103,test,original,0,none,42,90,34720,34720,0,0,0.7942048074,0.2,True,density_deficit_exceeds_threshold
nuscenes_mini_subset,scene-0103_009,scene-0103,test,random_dropout,0.1,fraction_removed,42,90,31288,31288,0,0,0.8139611459,0.2,True,density_deficit_exceeds_threshold
nuscenes_mini_subset,scene-0103_009,scene-0103,test,random_dropout,0.3,fraction_removed,42,90,24255,24255,0,0,0.8561080013,0.2,True,density_deficit_exceeds_threshold
nuscenes_mini_subset,scene-0103_009,scene-0103,test,random_dropout,0.5,fraction_removed,42,90,17283,17283,0,0,0.895291406,0.2,True,density_deficit_exceeds_threshold
nuscenes_mini_subset,scene-0103_009,scene-0103,test,sector_dropout,10,degrees,42,90,34174,34174,0,0,0.7942048074,0.2,True,density_deficit_exceeds_threshold
nuscenes_mini_subset,scene-0103_009,scene-0103,test,sector_dropout,20,degrees,42,90,33561,33561,0,2,1,0.2,True,density_deficit_exceeds_threshold
nuscenes_mini_subset,scene-0103_009,scene-0103,test,sector_dropout,30,degrees,42,90,32808,32808,0,2,1,0.2,True,density_deficit_exceeds_threshold
nuscenes_mini_subset,scene-0103_010,scene-0103,calibration,original,0,none,42,90,34720,34720,0,0,0.6728160608,0.2,True,density_deficit_exceeds_threshold
nuscenes_mini_subset,scene-0103_010,scene-0103,calibration,random_dropout,0.1,fraction_removed,42,90,31288,31288,0,0,0.7080846446,0.2,True,density_deficit_exceeds_threshold
nuscenes_mini_subset,scene-0103_010,scene-0103,calibration,random_dropout,0.3,fraction_removed,42,90,24255,24255,0,0,0.7759088443,0.2,True,density_deficit_exceeds_threshold
nuscenes_mini_subset,scene-0103_010,scene-0103,calibration,random_dropout,0.5,fraction_removed,42,90,17283,17283,0,0,0.8426478568,0.2,True,density_deficit_exceeds_threshold
nuscenes_mini_subset,scene-0103_010,scene-0103,calibration,sector_dropout,10,degrees,42,90,34162,34162,0,0,0.6728160608,0.2,True,density_deficit_exceeds_threshold
nuscenes_mini_subset,scene-0103_010,scene-0103,calibration,sector_dropout,20,degrees,42,90,33505,33505,0,2,1,0.2,True,density_deficit_exceeds_threshold
nuscenes_mini_subset,scene-0103_010,scene-0103,calibration,sector_dropout,30,degrees,42,90,32755,32755,0,2,1,0.2,True,density_deficit_exceeds_threshold
nuscenes_mini_subset,scene-0103_011,scene-0103,test,original,0,none,42,90,34688,34688,0,0,0.6842105263,0.2,True,density_deficit_exceeds_threshold
nuscenes_mini_subset,scene-0103_011,scene-0103,test,random_dropout,0.1,fraction_removed,42,90,31260,31260,0,0,0.7178513294,0.2,True,density_deficit_exceeds_threshold
nuscenes_mini_subset,scene-0103_011,scene-0103,test,random_dropout,0.3,fraction_removed,42,90,24237,24237,0,0,0.7851329354,0.2,True,density_deficit_exceeds_threshold
nuscenes_mini_subset,scene-0103_011,scene-0103,test,random_dropout,0.5,fraction_removed,42,90,17270,17270,0,0,0.8491589799,0.2,True,density_deficit_exceeds_threshold
nuscenes_mini_subset,scene-0103_011,scene-0103,test,sector_dropout,10,degrees,42,90,34078,34078,0,0,0.6842105263,0.2,True,density_deficit_exceeds_threshold
nuscenes_mini_subset,scene-0103_011,scene-0103,test,sector_dropout,20,degrees,42,90,33408,33408,0,2,1,0.2,True,density_deficit_exceeds_threshold
nuscenes_mini_subset,scene-0103_011,scene-0103,test,sector_dropout,30,degrees,42,90,32649,32649,0,2,1,0.2,True,density_deficit_exceeds_threshold
nuscenes_mini_subset,scene-0103_012,scene-0103,calibration,original,0,none,42,90,34688,34688,0,0,0.6782419967,0.2,True,density_deficit_exceeds_threshold
nuscenes_mini_subset,scene-0103_012,scene-0103,calibration,random_dropout,0.1,fraction_removed,42,90,31260,31260,0,0,0.7107976126,0.2,True,density_deficit_exceeds_threshold
nuscenes_mini_subset,scene-0103_012,scene-0103,calibration,random_dropout,0.3,fraction_removed,42,90,24237,24237,0,0,0.7780792187,0.2,True,density_deficit_exceeds_threshold
nuscenes_mini_subset,scene-0103_012,scene-0103,calibration,random_dropout,0.5,fraction_removed,42,90,17270,17270,0,0,0.843733044,0.2,True,density_deficit_exceeds_threshold
nuscenes_mini_subset,scene-0103_012,scene-0103,calibration,sector_dropout,10,degrees,42,90,34076,34076,0,0,0.6782419967,0.2,True,density_deficit_exceeds_threshold
nuscenes_mini_subset,scene-0103_012,scene-0103,calibration,sector_dropout,20,degrees,42,90,33380,33380,0,2,1,0.2,True,density_deficit_exceeds_threshold
nuscenes_mini_subset,scene-0103_012,scene-0103,calibration,sector_dropout,30,degrees,42,90,32605,32605,0,2,1,0.2,True,density_deficit_exceeds_threshold
nuscenes_mini_subset,scene-0103_013,scene-0103,test,original,0,none,42,90,34688,34688,0,0,0.2136181575,0.2,True,density_deficit_exceeds_threshold
nuscenes_mini_subset,scene-0103_013,scene-0103,test,random_dropout,0.1,fraction_removed,42,90,31260,31260,0,0,0.2950600801,0.2,True,density_deficit_exceeds_threshold
nuscenes_mini_subset,scene-0103_013,scene-0103,test,random_dropout,0.3,fraction_removed,42,90,24237,24237,0,0,0.4632843792,0.2,True,density_deficit_exceeds_threshold
nuscenes_mini_subset,scene-0103_013,scene-0103,test,random_dropout,0.5,fraction_removed,42,90,17270,17270,0,0,0.6141522029,0.2,True,density_deficit_exceeds_threshold
nuscenes_mini_subset,scene-0103_013,scene-0103,test,sector_dropout,10,degrees,42,90,34061,34061,0,0,0.4736842105,0.2,True,density_deficit_exceeds_threshold
nuscenes_mini_subset,scene-0103_013,scene-0103,test,sector_dropout,20,degrees,42,90,33357,33357,0,2,1,0.2,True,density_deficit_exceeds_threshold
nuscenes_mini_subset,scene-0103_013,scene-0103,test,sector_dropout,30,degrees,42,90,32548,32548,0,2,1,0.2,True,density_deficit_exceeds_threshold
nuscenes_mini_subset,scene-0103_014,scene-0103,calibration,original,0,none,42,90,34720,34720,0,0,0.6196418882,0.2,True,density_deficit_exceeds_threshold
nuscenes_mini_subset,scene-0103_014,scene-0103,calibration,random_dropout,0.1,fraction_removed,42,90,31288,31288,0,0,0.660336408,0.2,True,density_deficit_exceeds_threshold
nuscenes_mini_subset,scene-0103_014,scene-0103,calibration,random_dropout,0.3,fraction_removed,42,90,24255,24255,0,0,0.7379272925,0.2,True,density_deficit_exceeds_threshold
nuscenes_mini_subset,scene-0103_014,scene-0103,calibration,random_dropout,0.5,fraction_removed,42,90,17283,17283,0,0,0.8166033641,0.2,True,density_deficit_exceeds_threshold
nuscenes_mini_subset,scene-0103_014,scene-0103,calibration,sector_dropout,10,degrees,42,90,34073,34073,0,0,0.6196418882,0.2,True,density_deficit_exceeds_threshold
nuscenes_mini_subset,scene-0103_014,scene-0103,calibration,sector_dropout,20,degrees,42,90,33351,33351,0,2,1,0.2,True,density_deficit_exceeds_threshold
nuscenes_mini_subset,scene-0103_014,scene-0103,calibration,sector_dropout,30,degrees,42,90,32523,32523,0,2,1,0.2,True,density_deficit_exceeds_threshold
nuscenes_mini_subset,scene-0103_015,scene-0103,test,original,0,none,42,90,34688,34688,0,0,0.4119196576,0.2,True,density_deficit_exceeds_threshold
nuscenes_mini_subset,scene-0103_015,scene-0103,test,random_dropout,0.1,fraction_removed,42,90,31260,31260,0,0,0.471188673,0.2,True,density_deficit_exceeds_threshold
nuscenes_mini_subset,scene-0103_015,scene-0103,test,random_dropout,0.3,fraction_removed,42,90,24237,24237,0,0,0.5946657886,0.2,True,density_deficit_exceeds_threshold
nuscenes_mini_subset,scene-0103_015,scene-0103,test,random_dropout,0.5,fraction_removed,42,90,17270,17270,0,0,0.7089232796,0.2,True,density_deficit_exceeds_threshold
nuscenes_mini_subset,scene-0103_015,scene-0103,test,sector_dropout,10,degrees,42,90,34032,34032,0,0,0.4736842105,0.2,True,density_deficit_exceeds_threshold
nuscenes_mini_subset,scene-0103_015,scene-0103,test,sector_dropout,20,degrees,42,90,33326,33326,0,2,1,0.2,True,density_deficit_exceeds_threshold
nuscenes_mini_subset,scene-0103_015,scene-0103,test,sector_dropout,30,degrees,42,90,32508,32508,0,2,1,0.2,True,density_deficit_exceeds_threshold
nuscenes_mini_subset,scene-0103_016,scene-0103,calibration,original,0,none,42,90,34720,34720,0,0,0.6652197504,0.2,True,density_deficit_exceeds_threshold
nuscenes_mini_subset,scene-0103_016,scene-0103,calibration,random_dropout,0.1,fraction_removed,42,90,31288,31288,0,0,0.699403147,0.2,True,density_deficit_exceeds_threshold
nuscenes_mini_subset,scene-0103_016,scene-0103,calibration,random_dropout,0.3,fraction_removed,42,90,24255,24255,0,0,0.7677699403,0.2,True,density_deficit_exceeds_threshold
nuscenes_mini_subset,scene-0103_016,scene-0103,calibration,random_dropout,0.5,fraction_removed,42,90,17283,17283,0,0,0.8372219208,0.2,True,density_deficit_exceeds_threshold
nuscenes_mini_subset,scene-0103_016,scene-0103,calibration,sector_dropout,10,degrees,42,90,34055,34055,0,0,0.6652197504,0.2,True,density_deficit_exceeds_threshold
nuscenes_mini_subset,scene-0103_016,scene-0103,calibration,sector_dropout,20,degrees,42,90,33363,33363,0,2,1,0.2,True,density_deficit_exceeds_threshold
nuscenes_mini_subset,scene-0103_016,scene-0103,calibration,sector_dropout,30,degrees,42,90,32545,32545,0,2,1,0.2,True,density_deficit_exceeds_threshold
nuscenes_mini_subset,scene-0103_017,scene-0103,test,original,0,none,42,90,34720,34720,0,0,0.6391752577,0.2,True,density_deficit_exceeds_threshold
nuscenes_mini_subset,scene-0103_017,scene-0103,test,random_dropout,0.1,fraction_removed,42,90,31288,31288,0,0,0.6771568095,0.2,True,density_deficit_exceeds_threshold
nuscenes_mini_subset,scene-0103_017,scene-0103,test,random_dropout,0.3,fraction_removed,42,90,24255,24255,0,0,0.7514921324,0.2,True,density_deficit_exceeds_threshold
nuscenes_mini_subset,scene-0103_017,scene-0103,test,random_dropout,0.5,fraction_removed,42,90,17283,17283,0,0,0.8214867065,0.2,True,density_deficit_exceeds_threshold
nuscenes_mini_subset,scene-0103_017,scene-0103,test,sector_dropout,10,degrees,42,90,34063,34063,0,0,0.6391752577,0.2,True,density_deficit_exceeds_threshold
nuscenes_mini_subset,scene-0103_017,scene-0103,test,sector_dropout,20,degrees,42,90,33366,33366,0,2,1,0.2,True,density_deficit_exceeds_threshold
nuscenes_mini_subset,scene-0103_017,scene-0103,test,sector_dropout,30,degrees,42,90,32561,32561,0,2,1,0.2,True,density_deficit_exceeds_threshold
nuscenes_mini_subset,scene-0103_018,scene-0103,calibration,original,0,none,42,90,34784,34784,0,0,0.5492262101,0.2,True,density_deficit_exceeds_threshold
nuscenes_mini_subset,scene-0103_018,scene-0103,calibration,random_dropout,0.1,fraction_removed,42,90,31345,31345,0,0,0.5956536055,0.2,True,density_deficit_exceeds_threshold
nuscenes_mini_subset,scene-0103_018,scene-0103,calibration,random_dropout,0.3,fraction_removed,42,90,24300,24300,0,0,0.6957523872,0.2,True,density_deficit_exceeds_threshold
nuscenes_mini_subset,scene-0103_018,scene-0103,calibration,random_dropout,0.5,fraction_removed,42,90,17313,17313,0,0,0.7816924597,0.2,True,density_deficit_exceeds_threshold
nuscenes_mini_subset,scene-0103_018,scene-0103,calibration,sector_dropout,10,degrees,42,90,34149,34149,0,0,0.5492262101,0.2,True,density_deficit_exceeds_threshold
nuscenes_mini_subset,scene-0103_018,scene-0103,calibration,sector_dropout,20,degrees,42,90,33454,33454,0,2,1,0.2,True,density_deficit_exceeds_threshold
nuscenes_mini_subset,scene-0103_018,scene-0103,calibration,sector_dropout,30,degrees,42,90,32635,32635,0,2,1,0.2,True,density_deficit_exceeds_threshold
nuscenes_mini_subset,scene-0103_019,scene-0103,test,original,0,none,42,90,34784,34784,0,0,0.6077048291,0.2,True,density_deficit_exceeds_threshold
nuscenes_mini_subset,scene-0103_019,scene-0103,test,random_dropout,0.1,fraction_removed,42,90,31345,31345,0,0,0.6483993489,0.2,True,density_deficit_exceeds_threshold
nuscenes_mini_subset,scene-0103_019,scene-0103,test,random_dropout,0.3,fraction_removed,42,90,24300,24300,0,0,0.7303309821,0.2,True,density_deficit_exceeds_threshold
nuscenes_mini_subset,scene-0103_019,scene-0103,test,random_dropout,0.5,fraction_removed,42,90,17313,17313,0,0,0.8122626153,0.2,True,density_deficit_exceeds_threshold
nuscenes_mini_subset,scene-0103_019,scene-0103,test,sector_dropout,10,degrees,42,90,34123,34123,0,0,0.6077048291,0.2,True,density_deficit_exceeds_threshold
nuscenes_mini_subset,scene-0103_019,scene-0103,test,sector_dropout,20,degrees,42,90,33427,33427,0,2,1,0.2,True,density_deficit_exceeds_threshold
nuscenes_mini_subset,scene-0103_019,scene-0103,test,sector_dropout,30,degrees,42,90,32594,32594,0,2,1,0.2,True,density_deficit_exceeds_threshold
nuscenes_mini_subset,scene-0103_020,scene-0103,calibration,original,0,none,42,90,34752,34752,0,0,0.4498100922,0.2,True,density_deficit_exceeds_threshold
nuscenes_mini_subset,scene-0103_020,scene-0103,calibration,random_dropout,0.1,fraction_removed,42,90,31318,31318,0,0,0.5024416712,0.2,True,density_deficit_exceeds_threshold
nuscenes_mini_subset,scene-0103_020,scene-0103,calibration,random_dropout,0.3,fraction_removed,42,90,24280,24280,0,0,0.6169289202,0.2,True,density_deficit_exceeds_threshold
nuscenes_mini_subset,scene-0103_020,scene-0103,calibration,random_dropout,0.5,fraction_removed,42,90,17300,17300,0,0,0.7308735757,0.2,True,density_deficit_exceeds_threshold
nuscenes_mini_subset,scene-0103_020,scene-0103,calibration,sector_dropout,10,degrees,42,90,34095,34095,0,0,0.4751879699,0.2,True,density_deficit_exceeds_threshold
nuscenes_mini_subset,scene-0103_020,scene-0103,calibration,sector_dropout,20,degrees,42,90,33395,33395,0,2,1,0.2,True,density_deficit_exceeds_threshold
nuscenes_mini_subset,scene-0103_020,scene-0103,calibration,sector_dropout,30,degrees,42,90,32563,32563,0,2,1,0.2,True,density_deficit_exceeds_threshold
nuscenes_mini_subset,scene-0103_021,scene-0103,test,original,0,none,42,90,34752,34752,0,0,0.6733586544,0.2,True,density_deficit_exceeds_threshold
nuscenes_mini_subset,scene-0103_021,scene-0103,test,random_dropout,0.1,fraction_removed,42,90,31318,31318,0,0,0.7091698318,0.2,True,density_deficit_exceeds_threshold
nuscenes_mini_subset,scene-0103_021,scene-0103,test,random_dropout,0.3,fraction_removed,42,90,24280,24280,0,0,0.7764514379,0.2,True,density_deficit_exceeds_threshold
nuscenes_mini_subset,scene-0103_021,scene-0103,test,random_dropout,0.5,fraction_removed,42,90,17300,17300,0,0,0.8415626696,0.2,True,density_deficit_exceeds_threshold
nuscenes_mini_subset,scene-0103_021,scene-0103,test,sector_dropout,10,degrees,42,90,34105,34105,0,0,0.6733586544,0.2,True,density_deficit_exceeds_threshold
nuscenes_mini_subset,scene-0103_021,scene-0103,test,sector_dropout,20,degrees,42,90,33414,33414,0,2,1,0.2,True,density_deficit_exceeds_threshold
nuscenes_mini_subset,scene-0103_021,scene-0103,test,sector_dropout,30,degrees,42,90,32584,32584,0,2,1,0.2,True,density_deficit_exceeds_threshold
nuscenes_mini_subset,scene-0103_022,scene-0103,calibration,original,0,none,42,90,34752,34752,0,0,0.6435160065,0.2,True,density_deficit_exceeds_threshold
nuscenes_mini_subset,scene-0103_022,scene-0103,calibration,random_dropout,0.1,fraction_removed,42,90,31318,31318,0,0,0.6809549647,0.2,True,density_deficit_exceeds_threshold
nuscenes_mini_subset,scene-0103_022,scene-0103,calibration,random_dropout,0.3,fraction_removed,42,90,24280,24280,0,0,0.7525773196,0.2,True,density_deficit_exceeds_threshold
nuscenes_mini_subset,scene-0103_022,scene-0103,calibration,random_dropout,0.5,fraction_removed,42,90,17300,17300,0,0,0.8220293001,0.2,True,density_deficit_exceeds_threshold
nuscenes_mini_subset,scene-0103_022,scene-0103,calibration,sector_dropout,10,degrees,42,90,34111,34111,0,0,0.6435160065,0.2,True,density_deficit_exceeds_threshold
nuscenes_mini_subset,scene-0103_022,scene-0103,calibration,sector_dropout,20,degrees,42,90,33441,33441,0,2,1,0.2,True,density_deficit_exceeds_threshold
nuscenes_mini_subset,scene-0103_022,scene-0103,calibration,sector_dropout,30,degrees,42,90,32621,32621,0,2,1,0.2,True,density_deficit_exceeds_threshold
nuscenes_mini_subset,scene-0103_023,scene-0103,test,original,0,none,42,90,34720,34720,0,0,0.6272637471,0.2,True,density_deficit_exceeds_threshold
nuscenes_mini_subset,scene-0103_023,scene-0103,test,random_dropout,0.1,fraction_removed,42,90,31288,31288,0,0,0.6631544287,0.2,True,density_deficit_exceeds_threshold
nuscenes_mini_subset,scene-0103_023,scene-0103,test,random_dropout,0.3,fraction_removed,42,90,24255,24255,0,0,0.7349357919,0.2,True,density_deficit_exceeds_threshold
nuscenes_mini_subset,scene-0103_023,scene-0103,test,random_dropout,0.5,fraction_removed,42,90,17283,17283,0,0,0.8123147843,0.2,True,density_deficit_exceeds_threshold
nuscenes_mini_subset,scene-0103_023,scene-0103,test,sector_dropout,10,degrees,42,90,34089,34089,0,0,0.6272637471,0.2,True,density_deficit_exceeds_threshold
nuscenes_mini_subset,scene-0103_023,scene-0103,test,sector_dropout,20,degrees,42,90,33403,33403,0,2,1,0.2,True,density_deficit_exceeds_threshold
nuscenes_mini_subset,scene-0103_023,scene-0103,test,sector_dropout,30,degrees,42,90,32595,32595,0,2,1,0.2,True,density_deficit_exceeds_threshold
nuscenes_mini_subset,scene-0103_024,scene-0103,calibration,original,0,none,42,90,34688,34688,0,0,0.576776994,0.2,True,density_deficit_exceeds_threshold
nuscenes_mini_subset,scene-0103_024,scene-0103,calibration,random_dropout,0.1,fraction_removed,42,90,31260,31260,0,0,0.6180141074,0.2,True,density_deficit_exceeds_threshold
nuscenes_mini_subset,scene-0103_024,scene-0103,calibration,random_dropout,0.3,fraction_removed,42,90,24237,24237,0,0,0.7069994574,0.2,True,density_deficit_exceeds_threshold
nuscenes_mini_subset,scene-0103_024,scene-0103,calibration,random_dropout,0.5,fraction_removed,42,90,17270,17270,0,0,0.796527401,0.2,True,density_deficit_exceeds_threshold
nuscenes_mini_subset,scene-0103_024,scene-0103,calibration,sector_dropout,10,degrees,42,90,34055,34055,0,0,0.576776994,0.2,True,density_deficit_exceeds_threshold
nuscenes_mini_subset,scene-0103_024,scene-0103,calibration,sector_dropout,20,degrees,42,90,33385,33385,0,2,1,0.2,True,density_deficit_exceeds_threshold
nuscenes_mini_subset,scene-0103_024,scene-0103,calibration,sector_dropout,30,degrees,42,90,32584,32584,0,2,1,0.2,True,density_deficit_exceeds_threshold
nuscenes_mini_subset,scene-0103_025,scene-0103,test,original,0,none,42,90,34688,34688,0,0,0.7902535397,0.2,True,density_deficit_exceeds_threshold
nuscenes_mini_subset,scene-0103_025,scene-0103,test,random_dropout,0.1,fraction_removed,42,90,31260,31260,0,0,0.8106684228,0.2,True,density_deficit_exceeds_threshold
nuscenes_mini_subset,scene-0103_025,scene-0103,test,random_dropout,0.3,fraction_removed,42,90,24237,24237,0,0,0.8505103721,0.2,True,density_deficit_exceeds_threshold
nuscenes_mini_subset,scene-0103_025,scene-0103,test,random_dropout,0.5,fraction_removed,42,90,17270,17270,0,0,0.8913401383,0.2,True,density_deficit_exceeds_threshold
nuscenes_mini_subset,scene-0103_025,scene-0103,test,sector_dropout,10,degrees,42,90,34068,34068,0,0,0.7902535397,0.2,True,density_deficit_exceeds_threshold
nuscenes_mini_subset,scene-0103_025,scene-0103,test,sector_dropout,20,degrees,42,90,33409,33409,0,2,1,0.2,True,density_deficit_exceeds_threshold
nuscenes_mini_subset,scene-0103_025,scene-0103,test,sector_dropout,30,degrees,42,90,32630,32630,0,2,1,0.2,True,density_deficit_exceeds_threshold
nuscenes_mini_subset,scene-0103_026,scene-0103,calibration,original,0,none,42,90,34688,34688,0,0,0.773460652,0.2,True,density_deficit_exceeds_threshold
nuscenes_mini_subset,scene-0103_026,scene-0103,calibration,random_dropout,0.1,fraction_removed,42,90,31260,31260,0,0,0.7945340797,0.2,True,density_deficit_exceeds_threshold
nuscenes_mini_subset,scene-0103_026,scene-0103,calibration,random_dropout,0.3,fraction_removed,42,90,24237,24237,0,0,0.8406322028,0.2,True,density_deficit_exceeds_threshold
nuscenes_mini_subset,scene-0103_026,scene-0103,calibration,random_dropout,0.5,fraction_removed,42,90,17270,17270,0,0,0.8877181429,0.2,True,density_deficit_exceeds_threshold
nuscenes_mini_subset,scene-0103_026,scene-0103,calibration,sector_dropout,10,degrees,42,90,34086,34086,0,0,0.773460652,0.2,True,density_deficit_exceeds_threshold
nuscenes_mini_subset,scene-0103_026,scene-0103,calibration,sector_dropout,20,degrees,42,90,33423,33423,0,2,1,0.2,True,density_deficit_exceeds_threshold
nuscenes_mini_subset,scene-0103_026,scene-0103,calibration,sector_dropout,30,degrees,42,90,32672,32672,0,2,1,0.2,True,density_deficit_exceeds_threshold
nuscenes_mini_subset,scene-0103_027,scene-0103,test,original,0,none,42,90,34752,34752,0,0,0.6521975041,0.2,True,density_deficit_exceeds_threshold
nuscenes_mini_subset,scene-0103_027,scene-0103,test,random_dropout,0.1,fraction_removed,42,90,31318,31318,0,0,0.6874660879,0.2,True,density_deficit_exceeds_threshold
nuscenes_mini_subset,scene-0103_027,scene-0103,test,random_dropout,0.3,fraction_removed,42,90,24280,24280,0,0,0.7569180684,0.2,True,density_deficit_exceeds_threshold
nuscenes_mini_subset,scene-0103_027,scene-0103,test,random_dropout,0.5,fraction_removed,42,90,17300,17300,0,0,0.8263700488,0.2,True,density_deficit_exceeds_threshold
nuscenes_mini_subset,scene-0103_027,scene-0103,test,sector_dropout,10,degrees,42,90,34167,34167,0,0,0.6521975041,0.2,True,density_deficit_exceeds_threshold
nuscenes_mini_subset,scene-0103_027,scene-0103,test,sector_dropout,20,degrees,42,90,33521,33521,0,2,1,0.2,True,density_deficit_exceeds_threshold
nuscenes_mini_subset,scene-0103_027,scene-0103,test,sector_dropout,30,degrees,42,90,32768,32768,0,2,1,0.2,True,density_deficit_exceeds_threshold
nuscenes_mini_subset,scene-0103_028,scene-0103,calibration,original,0,none,42,90,34720,34720,0,0,0.7843266381,0.2,True,density_deficit_exceeds_threshold
nuscenes_mini_subset,scene-0103_028,scene-0103,calibration,random_dropout,0.1,fraction_removed,42,90,31288,31288,0,0,0.8050707935,0.2,True,density_deficit_exceeds_threshold
nuscenes_mini_subset,scene-0103_028,scene-0103,calibration,random_dropout,0.3,fraction_removed,42,90,24255,24255,0,0,0.8482054659,0.2,True,density_deficit_exceeds_threshold
nuscenes_mini_subset,scene-0103_028,scene-0103,calibration,random_dropout,0.5,fraction_removed,42,90,17283,17283,0,0,0.8890352321,0.2,True,density_deficit_exceeds_threshold
nuscenes_mini_subset,scene-0103_028,scene-0103,calibration,sector_dropout,10,degrees,42,90,34151,34151,0,0,0.7843266381,0.2,True,density_deficit_exceeds_threshold
nuscenes_mini_subset,scene-0103_028,scene-0103,calibration,sector_dropout,20,degrees,42,90,33510,33510,0,2,1,0.2,True,density_deficit_exceeds_threshold
nuscenes_mini_subset,scene-0103_028,scene-0103,calibration,sector_dropout,30,degrees,42,90,32755,32755,0,2,1,0.2,True,density_deficit_exceeds_threshold
nuscenes_mini_subset,scene-0103_029,scene-0103,test,original,0,none,42,90,34720,34720,0,0,0.4134563212,0.2,True,density_deficit_exceeds_threshold
nuscenes_mini_subset,scene-0103_029,scene-0103,test,random_dropout,0.1,fraction_removed,42,90,31288,31288,0,0,0.4742268041,0.2,True,density_deficit_exceeds_threshold
nuscenes_mini_subset,scene-0103_029,scene-0103,test,random_dropout,0.3,fraction_removed,42,90,24255,24255,0,0,0.5957677699,0.2,True,density_deficit_exceeds_threshold
nuscenes_mini_subset,scene-0103_029,scene-0103,test,random_dropout,0.5,fraction_removed,42,90,17283,17283,0,0,0.7145957678,0.2,True,density_deficit_exceeds_threshold
nuscenes_mini_subset,scene-0103_029,scene-0103,test,sector_dropout,10,degrees,42,90,34160,34160,0,0,0.5428571429,0.2,True,density_deficit_exceeds_threshold
nuscenes_mini_subset,scene-0103_029,scene-0103,test,sector_dropout,20,degrees,42,90,33514,33514,0,2,1,0.2,True,density_deficit_exceeds_threshold
nuscenes_mini_subset,scene-0103_029,scene-0103,test,sector_dropout,30,degrees,42,90,32798,32798,0,2,1,0.2,True,density_deficit_exceeds_threshold
nuscenes_mini_subset,scene-0103_030,scene-0103,calibration,original,0,none,42,90,34688,34688,0,0,0.8106684228,0.2,True,density_deficit_exceeds_threshold
nuscenes_mini_subset,scene-0103_030,scene-0103,calibration,random_dropout,0.1,fraction_removed,42,90,31260,31260,0,0,0.8297662167,0.2,True,density_deficit_exceeds_threshold
nuscenes_mini_subset,scene-0103_030,scene-0103,calibration,random_dropout,0.3,fraction_removed,42,90,24237,24237,0,0,0.8663154429,0.2,True,density_deficit_exceeds_threshold
nuscenes_mini_subset,scene-0103_030,scene-0103,calibration,random_dropout,0.5,fraction_removed,42,90,17270,17270,0,0,0.9031939414,0.2,True,density_deficit_exceeds_threshold
nuscenes_mini_subset,scene-0103_030,scene-0103,calibration,sector_dropout,10,degrees,42,90,34127,34127,0,0,0.8106684228,0.2,True,density_deficit_exceeds_threshold
nuscenes_mini_subset,scene-0103_030,scene-0103,calibration,sector_dropout,20,degrees,42,90,33482,33482,0,2,1,0.2,True,density_deficit_exceeds_threshold
nuscenes_mini_subset,scene-0103_030,scene-0103,calibration,sector_dropout,30,degrees,42,90,32731,32731,0,2,1,0.2,True,density_deficit_exceeds_threshold
nuscenes_mini_subset,scene-0103_031,scene-0103,test,original,0,none,42,90,34688,34688,0,0,0.8103391505,0.2,True,density_deficit_exceeds_threshold
nuscenes_mini_subset,scene-0103_031,scene-0103,test,random_dropout,0.1,fraction_removed,42,90,31260,31260,0,0,0.8287783997,0.2,True,density_deficit_exceeds_threshold
nuscenes_mini_subset,scene-0103_031,scene-0103,test,random_dropout,0.3,fraction_removed,42,90,24237,24237,0,0,0.8653276259,0.2,True,density_deficit_exceeds_threshold
nuscenes_mini_subset,scene-0103_031,scene-0103,test,random_dropout,0.5,fraction_removed,42,90,17270,17270,0,0,0.9028646691,0.2,True,density_deficit_exceeds_threshold
nuscenes_mini_subset,scene-0103_031,scene-0103,test,sector_dropout,10,degrees,42,90,34138,34138,0,0,0.8103391505,0.2,True,density_deficit_exceeds_threshold
nuscenes_mini_subset,scene-0103_031,scene-0103,test,sector_dropout,20,degrees,42,90,33506,33506,0,2,1,0.2,True,density_deficit_exceeds_threshold
nuscenes_mini_subset,scene-0103_031,scene-0103,test,sector_dropout,30,degrees,42,90,32761,32761,0,2,1,0.2,True,density_deficit_exceeds_threshold
nuscenes_mini_subset,scene-0103_032,scene-0103,calibration,original,0,none,42,90,34752,34752,0,0,0.8109976951,0.2,True,density_deficit_exceeds_threshold
nuscenes_mini_subset,scene-0103_032,scene-0103,calibration,random_dropout,0.1,fraction_removed,42,90,31318,31318,0,0,0.8297662167,0.2,True,density_deficit_exceeds_threshold
nuscenes_mini_subset,scene-0103_032,scene-0103,calibration,random_dropout,0.3,fraction_removed,42,90,24280,24280,0,0,0.8676325321,0.2,True,density_deficit_exceeds_threshold
nuscenes_mini_subset,scene-0103_032,scene-0103,calibration,random_dropout,0.5,fraction_removed,42,90,17300,17300,0,0,0.9048403029,0.2,True,density_deficit_exceeds_threshold
nuscenes_mini_subset,scene-0103_032,scene-0103,calibration,sector_dropout,10,degrees,42,90,34206,34206,0,0,0.8109976951,0.2,True,density_deficit_exceeds_threshold
nuscenes_mini_subset,scene-0103_032,scene-0103,calibration,sector_dropout,20,degrees,42,90,33570,33570,0,2,1,0.2,True,density_deficit_exceeds_threshold
nuscenes_mini_subset,scene-0103_032,scene-0103,calibration,sector_dropout,30,degrees,42,90,32828,32828,0,2,1,0.2,True,density_deficit_exceeds_threshold
nuscenes_mini_subset,scene-0103_033,scene-0103,test,original,0,none,42,90,34784,34784,0,0,0.8152782351,0.2,True,density_deficit_exceeds_threshold
nuscenes_mini_subset,scene-0103_033,scene-0103,test,random_dropout,0.1,fraction_removed,42,90,31345,31345,0,0,0.8353638459,0.2,True,density_deficit_exceeds_threshold
nuscenes_mini_subset,scene-0103_033,scene-0103,test,random_dropout,0.3,fraction_removed,42,90,24300,24300,0,0,0.8742179783,0.2,True,density_deficit_exceeds_threshold
nuscenes_mini_subset,scene-0103_033,scene-0103,test,random_dropout,0.5,fraction_removed,42,90,17313,17313,0,0,0.9107672045,0.2,True,density_deficit_exceeds_threshold
nuscenes_mini_subset,scene-0103_033,scene-0103,test,sector_dropout,10,degrees,42,90,34224,34224,0,0,0.8152782351,0.2,True,density_deficit_exceeds_threshold
nuscenes_mini_subset,scene-0103_033,scene-0103,test,sector_dropout,20,degrees,42,90,33602,33602,0,2,1,0.2,True,density_deficit_exceeds_threshold
nuscenes_mini_subset,scene-0103_033,scene-0103,test,sector_dropout,30,degrees,42,90,32854,32854,0,2,1,0.2,True,density_deficit_exceeds_threshold
nuscenes_mini_subset,scene-0103_034,scene-0103,calibration,original,0,none,42,90,34688,34688,0,0,0.2034902865,0.2,True,density_deficit_exceeds_threshold
nuscenes_mini_subset,scene-0103_034,scene-0103,calibration,random_dropout,0.1,fraction_removed,42,90,31260,31260,0,0,0.2835034574,0.2,True,density_deficit_exceeds_threshold
nuscenes_mini_subset,scene-0103_034,scene-0103,calibration,random_dropout,0.3,fraction_removed,42,90,24237,24237,0,0,0.4445176161,0.2,True,density_deficit_exceeds_threshold
nuscenes_mini_subset,scene-0103_034,scene-0103,calibration,random_dropout,0.5,fraction_removed,42,90,17270,17270,0,0,0.6195488722,0.2,True,density_deficit_exceeds_threshold
nuscenes_mini_subset,scene-0103_034,scene-0103,calibration,sector_dropout,10,degrees,42,90,34149,34149,0,0,0.5714285714,0.2,True,density_deficit_exceeds_threshold
nuscenes_mini_subset,scene-0103_034,scene-0103,calibration,sector_dropout,20,degrees,42,90,33512,33512,0,2,1,0.2,True,density_deficit_exceeds_threshold
nuscenes_mini_subset,scene-0103_034,scene-0103,calibration,sector_dropout,30,degrees,42,90,32762,32762,0,2,1,0.2,True,density_deficit_exceeds_threshold
nuscenes_mini_subset,scene-0103_035,scene-0103,test,original,0,none,42,90,34720,34720,0,0,0.8189002305,0.2,True,density_deficit_exceeds_threshold
nuscenes_mini_subset,scene-0103_035,scene-0103,test,random_dropout,0.1,fraction_removed,42,90,31288,31288,0,0,0.8363516628,0.2,True,density_deficit_exceeds_threshold
nuscenes_mini_subset,scene-0103_035,scene-0103,test,random_dropout,0.3,fraction_removed,42,90,24255,24255,0,0,0.8709252552,0.2,True,density_deficit_exceeds_threshold
nuscenes_mini_subset,scene-0103_035,scene-0103,test,random_dropout,0.5,fraction_removed,42,90,17283,17283,0,0,0.9061573922,0.2,True,density_deficit_exceeds_threshold
nuscenes_mini_subset,scene-0103_035,scene-0103,test,sector_dropout,10,degrees,42,90,34161,34161,0,0,0.8189002305,0.2,True,density_deficit_exceeds_threshold
nuscenes_mini_subset,scene-0103_035,scene-0103,test,sector_dropout,20,degrees,42,90,33562,33562,0,2,1,0.2,True,density_deficit_exceeds_threshold
nuscenes_mini_subset,scene-0103_035,scene-0103,test,sector_dropout,30,degrees,42,90,32824,32824,0,2,1,0.2,True,density_deficit_exceeds_threshold
nuscenes_mini_subset,scene-0103_036,scene-0103,calibration,original,0,none,42,90,34752,34752,0,0,0.8096806059,0.2,True,density_deficit_exceeds_threshold
nuscenes_mini_subset,scene-0103_036,scene-0103,calibration,random_dropout,0.1,fraction_removed,42,90,31318,31318,0,0,0.8297662167,0.2,True,density_deficit_exceeds_threshold
nuscenes_mini_subset,scene-0103_036,scene-0103,calibration,random_dropout,0.3,fraction_removed,42,90,24280,24280,0,0,0.869608166,0.2,True,density_deficit_exceeds_threshold
nuscenes_mini_subset,scene-0103_036,scene-0103,calibration,random_dropout,0.5,fraction_removed,42,90,17300,17300,0,0,0.9061573922,0.2,True,density_deficit_exceeds_threshold
nuscenes_mini_subset,scene-0103_036,scene-0103,calibration,sector_dropout,10,degrees,42,90,34202,34202,0,0,0.8096806059,0.2,True,density_deficit_exceeds_threshold
nuscenes_mini_subset,scene-0103_036,scene-0103,calibration,sector_dropout,20,degrees,42,90,33570,33570,0,2,1,0.2,True,density_deficit_exceeds_threshold
nuscenes_mini_subset,scene-0103_036,scene-0103,calibration,sector_dropout,30,degrees,42,90,32829,32829,0,2,1,0.2,True,density_deficit_exceeds_threshold
nuscenes_mini_subset,scene-0103_037,scene-0103,test,original,0,none,42,90,34720,34720,0,0,0.811985512,0.2,True,density_deficit_exceeds_threshold
nuscenes_mini_subset,scene-0103_037,scene-0103,test,random_dropout,0.1,fraction_removed,42,90,31288,31288,0,0,0.8310833059,0.2,True,density_deficit_exceeds_threshold
nuscenes_mini_subset,scene-0103_037,scene-0103,test,random_dropout,0.3,fraction_removed,42,90,24255,24255,0,0,0.8679618044,0.2,True,density_deficit_exceeds_threshold
nuscenes_mini_subset,scene-0103_037,scene-0103,test,random_dropout,0.5,fraction_removed,42,90,17283,17283,0,0,0.9045110306,0.2,True,density_deficit_exceeds_threshold
nuscenes_mini_subset,scene-0103_037,scene-0103,test,sector_dropout,10,degrees,42,90,34170,34170,0,0,0.811985512,0.2,True,density_deficit_exceeds_threshold
nuscenes_mini_subset,scene-0103_037,scene-0103,test,sector_dropout,20,degrees,42,90,33573,33573,0,2,1,0.2,True,density_deficit_exceeds_threshold
nuscenes_mini_subset,scene-0103_037,scene-0103,test,sector_dropout,30,degrees,42,90,32829,32829,0,2,1,0.2,True,density_deficit_exceeds_threshold
nuscenes_mini_subset,scene-0103_038,scene-0103,calibration,original,0,none,42,90,34752,34752,0,0,0.6424308193,0.2,True,density_deficit_exceeds_threshold
nuscenes_mini_subset,scene-0103_038,scene-0103,calibration,random_dropout,0.1,fraction_removed,42,90,31318,31318,0,0,0.6825827455,0.2,True,density_deficit_exceeds_threshold
nuscenes_mini_subset,scene-0103_038,scene-0103,calibration,random_dropout,0.3,fraction_removed,42,90,24280,24280,0,0,0.7542051004,0.2,True,density_deficit_exceeds_threshold
nuscenes_mini_subset,scene-0103_038,scene-0103,calibration,random_dropout,0.5,fraction_removed,42,90,17300,17300,0,0,0.8285404232,0.2,True,density_deficit_exceeds_threshold
nuscenes_mini_subset,scene-0103_038,scene-0103,calibration,sector_dropout,10,degrees,42,90,34195,34195,0,0,0.6424308193,0.2,True,density_deficit_exceeds_threshold
nuscenes_mini_subset,scene-0103_038,scene-0103,calibration,sector_dropout,20,degrees,42,90,33560,33560,0,2,1,0.2,True,density_deficit_exceeds_threshold
nuscenes_mini_subset,scene-0103_038,scene-0103,calibration,sector_dropout,30,degrees,42,90,32820,32820,0,2,1,0.2,True,density_deficit_exceeds_threshold
nuscenes_mini_subset,scene-0103_039,scene-0103,test,original,0,none,42,90,34720,34720,0,0,0.8179124136,0.2,True,density_deficit_exceeds_threshold
nuscenes_mini_subset,scene-0103_039,scene-0103,test,random_dropout,0.1,fraction_removed,42,90,31288,31288,0,0,0.8366809351,0.2,True,density_deficit_exceeds_threshold
nuscenes_mini_subset,scene-0103_039,scene-0103,test,random_dropout,0.3,fraction_removed,42,90,24255,24255,0,0,0.8722423444,0.2,True,density_deficit_exceeds_threshold
nuscenes_mini_subset,scene-0103_039,scene-0103,test,random_dropout,0.5,fraction_removed,42,90,17283,17283,0,0,0.908133026,0.2,True,density_deficit_exceeds_threshold
nuscenes_mini_subset,scene-0103_039,scene-0103,test,sector_dropout,10,degrees,42,90,34189,34189,0,0,0.8179124136,0.2,True,density_deficit_exceeds_threshold
nuscenes_mini_subset,scene-0103_039,scene-0103,test,sector_dropout,20,degrees,42,90,33586,33586,0,2,1,0.2,True,density_deficit_exceeds_threshold
nuscenes_mini_subset,scene-0103_039,scene-0103,test,sector_dropout,30,degrees,42,90,32845,32845,0,2,1,0.2,True,density_deficit_exceeds_threshold
nuscenes_mini_subset,scene-1094_000,scene-1094,calibration,original,0,none,42,90,34400,34400,0,0,0.5802997859,0.2,True,density_deficit_exceeds_threshold
nuscenes_mini_subset,scene-1094_000,scene-1094,calibration,random_dropout,0.1,fraction_removed,42,90,31003,31003,0,0,0.6209850107,0.2,True,density_deficit_exceeds_threshold
nuscenes_mini_subset,scene-1094_000,scene-1094,calibration,random_dropout,0.3,fraction_removed,42,90,24033,24033,0,0,0.7194860814,0.2,True,density_deficit_exceeds_threshold
nuscenes_mini_subset,scene-1094_000,scene-1094,calibration,random_dropout,0.5,fraction_removed,42,90,17119,17119,0,0,0.8094218415,0.2,True,density_deficit_exceeds_threshold
nuscenes_mini_subset,scene-1094_000,scene-1094,calibration,sector_dropout,10,degrees,42,90,33517,33517,0,0,0.5802997859,0.2,True,density_deficit_exceeds_threshold
nuscenes_mini_subset,scene-1094_000,scene-1094,calibration,sector_dropout,20,degrees,42,90,32616,32616,0,2,1,0.2,True,density_deficit_exceeds_threshold
nuscenes_mini_subset,scene-1094_000,scene-1094,calibration,sector_dropout,30,degrees,42,90,31737,31737,0,2,1,0.2,True,density_deficit_exceeds_threshold
nuscenes_mini_subset,scene-1094_001,scene-1094,test,original,0,none,42,90,34688,34688,0,0,0.5728051392,0.2,True,density_deficit_exceeds_threshold
nuscenes_mini_subset,scene-1094_001,scene-1094,test,random_dropout,0.1,fraction_removed,42,90,31260,31260,0,0,0.6102783726,0.2,True,density_deficit_exceeds_threshold
nuscenes_mini_subset,scene-1094_001,scene-1094,test,random_dropout,0.3,fraction_removed,42,90,24237,24237,0,0,0.7012847966,0.2,True,density_deficit_exceeds_threshold
nuscenes_mini_subset,scene-1094_001,scene-1094,test,random_dropout,0.5,fraction_removed,42,90,17270,17270,0,0,0.7890792291,0.2,True,density_deficit_exceeds_threshold
nuscenes_mini_subset,scene-1094_001,scene-1094,test,sector_dropout,10,degrees,42,90,33800,33800,0,0,0.5728051392,0.2,True,density_deficit_exceeds_threshold
nuscenes_mini_subset,scene-1094_001,scene-1094,test,sector_dropout,20,degrees,42,90,32888,32888,0,2,1,0.2,True,density_deficit_exceeds_threshold
nuscenes_mini_subset,scene-1094_001,scene-1094,test,sector_dropout,30,degrees,42,90,32011,32011,0,2,1,0.2,True,density_deficit_exceeds_threshold
nuscenes_mini_subset,scene-1094_002,scene-1094,calibration,original,0,none,42,90,34720,34720,0,0,0.579489962,0.2,True,density_deficit_exceeds_threshold
nuscenes_mini_subset,scene-1094_002,scene-1094,calibration,random_dropout,0.1,fraction_removed,42,90,31288,31288,0,0,0.6223548562,0.2,True,density_deficit_exceeds_threshold
nuscenes_mini_subset,scene-1094_002,scene-1094,calibration,random_dropout,0.3,fraction_removed,42,90,24255,24255,0,0,0.710255019,0.2,True,density_deficit_exceeds_threshold
nuscenes_mini_subset,scene-1094_002,scene-1094,calibration,random_dropout,0.5,fraction_removed,42,90,17283,17283,0,0,0.7894736842,0.2,True,density_deficit_exceeds_threshold
nuscenes_mini_subset,scene-1094_002,scene-1094,calibration,sector_dropout,10,degrees,42,90,33827,33827,0,0,0.579489962,0.2,True,density_deficit_exceeds_threshold
nuscenes_mini_subset,scene-1094_002,scene-1094,calibration,sector_dropout,20,degrees,42,90,32927,32927,0,2,1,0.2,True,density_deficit_exceeds_threshold
nuscenes_mini_subset,scene-1094_002,scene-1094,calibration,sector_dropout,30,degrees,42,90,32040,32040,0,2,1,0.2,True,density_deficit_exceeds_threshold
nuscenes_mini_subset,scene-1094_003,scene-1094,test,original,0,none,42,90,34688,34688,0,0,0.5979381443,0.2,True,density_deficit_exceeds_threshold
nuscenes_mini_subset,scene-1094_003,scene-1094,test,random_dropout,0.1,fraction_removed,42,90,31260,31260,0,0,0.6424308193,0.2,True,density_deficit_exceeds_threshold
nuscenes_mini_subset,scene-1094_003,scene-1094,test,random_dropout,0.3,fraction_removed,42,90,24237,24237,0,0,0.7249050461,0.2,True,density_deficit_exceeds_threshold
nuscenes_mini_subset,scene-1094_003,scene-1094,test,random_dropout,0.5,fraction_removed,42,90,17270,17270,0,0,0.8041237113,0.2,True,density_deficit_exceeds_threshold
nuscenes_mini_subset,scene-1094_003,scene-1094,test,sector_dropout,10,degrees,42,90,33781,33781,0,0,0.5979381443,0.2,True,density_deficit_exceeds_threshold
nuscenes_mini_subset,scene-1094_003,scene-1094,test,sector_dropout,20,degrees,42,90,32881,32881,0,2,1,0.2,True,density_deficit_exceeds_threshold
nuscenes_mini_subset,scene-1094_003,scene-1094,test,sector_dropout,30,degrees,42,90,31999,31999,0,2,1,0.2,True,density_deficit_exceeds_threshold
nuscenes_mini_subset,scene-1094_004,scene-1094,calibration,original,0,none,42,90,34720,34720,0,0,0.6087900163,0.2,True,density_deficit_exceeds_threshold
nuscenes_mini_subset,scene-1094_004,scene-1094,calibration,random_dropout,0.1,fraction_removed,42,90,31288,31288,0,0,0.6478567553,0.2,True,density_deficit_exceeds_threshold
nuscenes_mini_subset,scene-1094_004,scene-1094,calibration,random_dropout,0.3,fraction_removed,42,90,24255,24255,0,0,0.7308735757,0.2,True,density_deficit_exceeds_threshold
nuscenes_mini_subset,scene-1094_004,scene-1094,calibration,random_dropout,0.5,fraction_removed,42,90,17283,17283,0,0,0.8090070537,0.2,True,density_deficit_exceeds_threshold
nuscenes_mini_subset,scene-1094_004,scene-1094,calibration,sector_dropout,10,degrees,42,90,33834,33834,0,0,0.6087900163,0.2,True,density_deficit_exceeds_threshold
nuscenes_mini_subset,scene-1094_004,scene-1094,calibration,sector_dropout,20,degrees,42,90,32932,32932,0,2,1,0.2,True,density_deficit_exceeds_threshold
nuscenes_mini_subset,scene-1094_004,scene-1094,calibration,sector_dropout,30,degrees,42,90,32053,32053,0,2,1,0.2,True,density_deficit_exceeds_threshold
nuscenes_mini_subset,scene-1094_005,scene-1094,test,original,0,none,42,90,34752,34752,0,0,0.6277807922,0.2,True,density_deficit_exceeds_threshold
nuscenes_mini_subset,scene-1094_005,scene-1094,test,random_dropout,0.1,fraction_removed,42,90,31318,31318,0,0,0.6668475312,0.2,True,density_deficit_exceeds_threshold
nuscenes_mini_subset,scene-1094_005,scene-1094,test,random_dropout,0.3,fraction_removed,42,90,24280,24280,0,0,0.7406402604,0.2,True,density_deficit_exceeds_threshold
nuscenes_mini_subset,scene-1094_005,scene-1094,test,random_dropout,0.5,fraction_removed,42,90,17300,17300,0,0,0.8133478025,0.2,True,density_deficit_exceeds_threshold
nuscenes_mini_subset,scene-1094_005,scene-1094,test,sector_dropout,10,degrees,42,90,33885,33885,0,0,0.6277807922,0.2,True,density_deficit_exceeds_threshold
nuscenes_mini_subset,scene-1094_005,scene-1094,test,sector_dropout,20,degrees,42,90,32989,32989,0,2,1,0.2,True,density_deficit_exceeds_threshold
nuscenes_mini_subset,scene-1094_005,scene-1094,test,sector_dropout,30,degrees,42,90,32119,32119,0,2,1,0.2,True,density_deficit_exceeds_threshold
nuscenes_mini_subset,scene-1094_006,scene-1094,calibration,original,0,none,42,90,34688,34688,0,0,0.6065195917,0.2,True,density_deficit_exceeds_threshold
nuscenes_mini_subset,scene-1094_006,scene-1094,calibration,random_dropout,0.1,fraction_removed,42,90,31260,31260,0,0,0.6473493579,0.2,True,density_deficit_exceeds_threshold
nuscenes_mini_subset,scene-1094_006,scene-1094,calibration,random_dropout,0.3,fraction_removed,42,90,24237,24237,0,0,0.7299967073,0.2,True,density_deficit_exceeds_threshold
nuscenes_mini_subset,scene-1094_006,scene-1094,calibration,random_dropout,0.5,fraction_removed,42,90,17270,17270,0,0,0.8027658874,0.2,True,density_deficit_exceeds_threshold
nuscenes_mini_subset,scene-1094_006,scene-1094,calibration,sector_dropout,10,degrees,42,90,33800,33800,0,0,0.6065195917,0.2,True,density_deficit_exceeds_threshold
nuscenes_mini_subset,scene-1094_006,scene-1094,calibration,sector_dropout,20,degrees,42,90,32901,32901,0,2,1,0.2,True,density_deficit_exceeds_threshold
nuscenes_mini_subset,scene-1094_006,scene-1094,calibration,sector_dropout,30,degrees,42,90,32055,32055,0,2,1,0.2,True,density_deficit_exceeds_threshold
nuscenes_mini_subset,scene-1094_007,scene-1094,test,original,0,none,42,90,34720,34720,0,0,0.6549104721,0.2,True,density_deficit_exceeds_threshold
nuscenes_mini_subset,scene-1094_007,scene-1094,test,random_dropout,0.1,fraction_removed,42,90,31288,31288,0,0,0.6912642431,0.2,True,density_deficit_exceeds_threshold
nuscenes_mini_subset,scene-1094_007,scene-1094,test,random_dropout,0.3,fraction_removed,42,90,24255,24255,0,0,0.7655995659,0.2,True,density_deficit_exceeds_threshold
nuscenes_mini_subset,scene-1094_007,scene-1094,test,random_dropout,0.5,fraction_removed,42,90,17283,17283,0,0,0.8339663592,0.2,True,density_deficit_exceeds_threshold
nuscenes_mini_subset,scene-1094_007,scene-1094,test,sector_dropout,10,degrees,42,90,33837,33837,0,0,0.6549104721,0.2,True,density_deficit_exceeds_threshold
nuscenes_mini_subset,scene-1094_007,scene-1094,test,sector_dropout,20,degrees,42,90,32944,32944,0,2,1,0.2,True,density_deficit_exceeds_threshold
nuscenes_mini_subset,scene-1094_007,scene-1094,test,sector_dropout,30,degrees,42,90,32071,32071,0,2,1,0.2,True,density_deficit_exceeds_threshold
nuscenes_mini_subset,scene-1094_008,scene-1094,calibration,original,0,none,42,90,34752,34752,0,0,0.634834509,0.2,True,density_deficit_exceeds_threshold
nuscenes_mini_subset,scene-1094_008,scene-1094,calibration,random_dropout,0.1,fraction_removed,42,90,31318,31318,0,0,0.6755290288,0.2,True,density_deficit_exceeds_threshold
nuscenes_mini_subset,scene-1094_008,scene-1094,calibration,random_dropout,0.3,fraction_removed,42,90,24280,24280,0,0,0.7471513836,0.2,True,density_deficit_exceeds_threshold
nuscenes_mini_subset,scene-1094_008,scene-1094,calibration,random_dropout,0.5,fraction_removed,42,90,17300,17300,0,0,0.8209441129,0.2,True,density_deficit_exceeds_threshold
nuscenes_mini_subset,scene-1094_008,scene-1094,calibration,sector_dropout,10,degrees,42,90,33863,33863,0,0,0.634834509,0.2,True,density_deficit_exceeds_threshold
nuscenes_mini_subset,scene-1094_008,scene-1094,calibration,sector_dropout,20,degrees,42,90,32975,32975,0,2,1,0.2,True,density_deficit_exceeds_threshold
nuscenes_mini_subset,scene-1094_008,scene-1094,calibration,sector_dropout,30,degrees,42,90,32115,32115,0,2,1,0.2,True,density_deficit_exceeds_threshold
nuscenes_mini_subset,scene-1094_009,scene-1094,test,original,0,none,42,90,34720,34720,0,0,0.7593019427,0.2,True,density_deficit_exceeds_threshold
nuscenes_mini_subset,scene-1094_009,scene-1094,test,random_dropout,0.1,fraction_removed,42,90,31288,31288,0,0,0.7826802766,0.2,True,density_deficit_exceeds_threshold
nuscenes_mini_subset,scene-1094_009,scene-1094,test,random_dropout,0.3,fraction_removed,42,90,24255,24255,0,0,0.8307540336,0.2,True,density_deficit_exceeds_threshold
nuscenes_mini_subset,scene-1094_009,scene-1094,test,random_dropout,0.5,fraction_removed,42,90,17283,17283,0,0,0.873888706,0.2,True,density_deficit_exceeds_threshold
nuscenes_mini_subset,scene-1094_009,scene-1094,test,sector_dropout,10,degrees,42,90,33837,33837,0,0,0.7593019427,0.2,True,density_deficit_exceeds_threshold
nuscenes_mini_subset,scene-1094_009,scene-1094,test,sector_dropout,20,degrees,42,90,32958,32958,0,2,1,0.2,True,density_deficit_exceeds_threshold
nuscenes_mini_subset,scene-1094_009,scene-1094,test,sector_dropout,30,degrees,42,90,32071,32071,0,2,1,0.2,True,density_deficit_exceeds_threshold
nuscenes_mini_subset,scene-1094_010,scene-1094,calibration,original,0,none,42,90,34688,34688,0,0,0.7780704643,0.2,True,density_deficit_exceeds_threshold
nuscenes_mini_subset,scene-1094_010,scene-1094,calibration,random_dropout,0.1,fraction_removed,42,90,31260,31260,0,0,0.7981560751,0.2,True,density_deficit_exceeds_threshold
nuscenes_mini_subset,scene-1094_010,scene-1094,calibration,random_dropout,0.3,fraction_removed,42,90,24237,24237,0,0,0.8419492921,0.2,True,density_deficit_exceeds_threshold
nuscenes_mini_subset,scene-1094_010,scene-1094,calibration,random_dropout,0.5,fraction_removed,42,90,17270,17270,0,0,0.8847546921,0.2,True,density_deficit_exceeds_threshold
nuscenes_mini_subset,scene-1094_010,scene-1094,calibration,sector_dropout,10,degrees,42,90,33837,33837,0,0,0.7780704643,0.2,True,density_deficit_exceeds_threshold
nuscenes_mini_subset,scene-1094_010,scene-1094,calibration,sector_dropout,20,degrees,42,90,32942,32942,0,2,1,0.2,True,density_deficit_exceeds_threshold
nuscenes_mini_subset,scene-1094_010,scene-1094,calibration,sector_dropout,30,degrees,42,90,32064,32064,0,2,1,0.2,True,density_deficit_exceeds_threshold
nuscenes_mini_subset,scene-1094_011,scene-1094,test,original,0,none,42,90,34688,34688,0,0,0.8024366151,0.2,True,density_deficit_exceeds_threshold
nuscenes_mini_subset,scene-1094_011,scene-1094,test,random_dropout,0.1,fraction_removed,42,90,31260,31260,0,0,0.8212051366,0.2,True,density_deficit_exceeds_threshold
nuscenes_mini_subset,scene-1094_011,scene-1094,test,random_dropout,0.3,fraction_removed,42,90,24237,24237,0,0,0.860059269,0.2,True,density_deficit_exceeds_threshold
nuscenes_mini_subset,scene-1094_011,scene-1094,test,random_dropout,0.5,fraction_removed,42,90,17270,17270,0,0,0.8992426737,0.2,True,density_deficit_exceeds_threshold
nuscenes_mini_subset,scene-1094_011,scene-1094,test,sector_dropout,10,degrees,42,90,33810,33810,0,0,0.8024366151,0.2,True,density_deficit_exceeds_threshold
nuscenes_mini_subset,scene-1094_011,scene-1094,test,sector_dropout,20,degrees,42,90,32933,32933,0,2,1,0.2,True,density_deficit_exceeds_threshold
nuscenes_mini_subset,scene-1094_011,scene-1094,test,sector_dropout,30,degrees,42,90,32075,32075,0,2,1,0.2,True,density_deficit_exceeds_threshold
nuscenes_mini_subset,scene-1094_012,scene-1094,calibration,original,0,none,42,90,34752,34752,0,0,0.7830095489,0.2,True,density_deficit_exceeds_threshold
nuscenes_mini_subset,scene-1094_012,scene-1094,calibration,random_dropout,0.1,fraction_removed,42,90,31318,31318,0,0,0.8040829766,0.2,True,density_deficit_exceeds_threshold
nuscenes_mini_subset,scene-1094_012,scene-1094,calibration,random_dropout,0.3,fraction_removed,42,90,24280,24280,0,0,0.8495225552,0.2,True,density_deficit_exceeds_threshold
nuscenes_mini_subset,scene-1094_012,scene-1094,calibration,random_dropout,0.5,fraction_removed,42,90,17300,17300,0,0,0.8890352321,0.2,True,density_deficit_exceeds_threshold
nuscenes_mini_subset,scene-1094_012,scene-1094,calibration,sector_dropout,10,degrees,42,90,33898,33898,0,0,0.7830095489,0.2,True,density_deficit_exceeds_threshold
nuscenes_mini_subset,scene-1094_012,scene-1094,calibration,sector_dropout,20,degrees,42,90,33019,33019,0,2,1,0.2,True,density_deficit_exceeds_threshold
nuscenes_mini_subset,scene-1094_012,scene-1094,calibration,sector_dropout,30,degrees,42,90,32147,32147,0,2,1,0.2,True,density_deficit_exceeds_threshold
nuscenes_mini_subset,scene-1094_013,scene-1094,test,original,0,none,42,90,34752,34752,0,0,0.7451432335,0.2,True,density_deficit_exceeds_threshold
nuscenes_mini_subset,scene-1094_013,scene-1094,test,random_dropout,0.1,fraction_removed,42,90,31318,31318,0,0,0.7685215673,0.2,True,density_deficit_exceeds_threshold
nuscenes_mini_subset,scene-1094_013,scene-1094,test,random_dropout,0.3,fraction_removed,42,90,24280,24280,0,0,0.8208758643,0.2,True,density_deficit_exceeds_threshold
nuscenes_mini_subset,scene-1094_013,scene-1094,test,random_dropout,0.5,fraction_removed,42,90,17300,17300,0,0,0.8699374383,0.2,True,density_deficit_exceeds_threshold
nuscenes_mini_subset,scene-1094_013,scene-1094,test,sector_dropout,10,degrees,42,90,33875,33875,0,0,0.7451432335,0.2,True,density_deficit_exceeds_threshold
nuscenes_mini_subset,scene-1094_013,scene-1094,test,sector_dropout,20,degrees,42,90,33042,33042,0,2,1,0.2,True,density_deficit_exceeds_threshold
nuscenes_mini_subset,scene-1094_013,scene-1094,test,sector_dropout,30,degrees,42,90,32252,32252,0,2,1,0.2,True,density_deficit_exceeds_threshold
nuscenes_mini_subset,scene-1094_014,scene-1094,calibration,original,0,none,42,90,34720,34720,0,0,0.7843266381,0.2,True,density_deficit_exceeds_threshold
nuscenes_mini_subset,scene-1094_014,scene-1094,calibration,random_dropout,0.1,fraction_removed,42,90,31288,31288,0,0,0.8044122489,0.2,True,density_deficit_exceeds_threshold
nuscenes_mini_subset,scene-1094_014,scene-1094,calibration,random_dropout,0.3,fraction_removed,42,90,24255,24255,0,0,0.8505103721,0.2,True,density_deficit_exceeds_threshold
nuscenes_mini_subset,scene-1094_014,scene-1094,calibration,random_dropout,0.5,fraction_removed,42,90,17283,17283,0,0,0.8923279552,0.2,True,density_deficit_exceeds_threshold
nuscenes_mini_subset,scene-1094_014,scene-1094,calibration,sector_dropout,10,degrees,42,90,34007,34007,0,0,0.7843266381,0.2,True,density_deficit_exceeds_threshold
nuscenes_mini_subset,scene-1094_014,scene-1094,calibration,sector_dropout,20,degrees,42,90,33264,33264,0,2,1,0.2,True,density_deficit_exceeds_threshold
nuscenes_mini_subset,scene-1094_014,scene-1094,calibration,sector_dropout,30,degrees,42,90,32493,32493,0,2,1,0.2,True,density_deficit_exceeds_threshold
nuscenes_mini_subset,scene-1094_015,scene-1094,test,original,0,none,42,90,34752,34752,0,0,0.7823510043,0.2,True,density_deficit_exceeds_threshold
nuscenes_mini_subset,scene-1094_015,scene-1094,test,random_dropout,0.1,fraction_removed,42,90,31318,31318,0,0,0.8027658874,0.2,True,density_deficit_exceeds_threshold
nuscenes_mini_subset,scene-1094_015,scene-1094,test,random_dropout,0.3,fraction_removed,42,90,24280,24280,0,0,0.8478761936,0.2,True,density_deficit_exceeds_threshold
nuscenes_mini_subset,scene-1094_015,scene-1094,test,random_dropout,0.5,fraction_removed,42,90,17300,17300,0,0,0.8906815937,0.2,True,density_deficit_exceeds_threshold
nuscenes_mini_subset,scene-1094_015,scene-1094,test,sector_dropout,10,degrees,42,90,34072,34072,0,0,0.7823510043,0.2,True,density_deficit_exceeds_threshold
nuscenes_mini_subset,scene-1094_015,scene-1094,test,sector_dropout,20,degrees,42,90,33368,33368,0,2,1,0.2,True,density_deficit_exceeds_threshold
nuscenes_mini_subset,scene-1094_015,scene-1094,test,sector_dropout,30,degrees,42,90,32709,32709,0,2,1,0.2,True,density_deficit_exceeds_threshold
nuscenes_mini_subset,scene-1094_016,scene-1094,calibration,original,0,none,42,90,34816,34816,0,0,0.7461310504,0.2,True,density_deficit_exceeds_threshold
nuscenes_mini_subset,scene-1094_016,scene-1094,calibration,random_dropout,0.1,fraction_removed,42,90,31375,31375,0,0,0.7698386566,0.2,True,density_deficit_exceeds_threshold
nuscenes_mini_subset,scene-1094_016,scene-1094,calibration,random_dropout,0.3,fraction_removed,42,90,24320,24320,0,0,0.8261442213,0.2,True,density_deficit_exceeds_threshold
nuscenes_mini_subset,scene-1094_016,scene-1094,calibration,random_dropout,0.5,fraction_removed,42,90,17326,17326,0,0,0.8768521567,0.2,True,density_deficit_exceeds_threshold
nuscenes_mini_subset,scene-1094_016,scene-1094,calibration,sector_dropout,10,degrees,42,90,34137,34137,0,0,0.7461310504,0.2,True,density_deficit_exceeds_threshold
nuscenes_mini_subset,scene-1094_016,scene-1094,calibration,sector_dropout,20,degrees,42,90,33471,33471,0,2,1,0.2,True,density_deficit_exceeds_threshold
nuscenes_mini_subset,scene-1094_016,scene-1094,calibration,sector_dropout,30,degrees,42,90,32746,32746,0,2,1,0.2,True,density_deficit_exceeds_threshold
nuscenes_mini_subset,scene-1094_017,scene-1094,test,original,0,none,42,90,34752,34752,0,0,0.7411919658,0.2,True,density_deficit_exceeds_threshold
nuscenes_mini_subset,scene-1094_017,scene-1094,test,random_dropout,0.1,fraction_removed,42,90,31318,31318,0,0,0.7652288443,0.2,True,density_deficit_exceeds_threshold
nuscenes_mini_subset,scene-1094_017,scene-1094,test,random_dropout,0.3,fraction_removed,42,90,24280,24280,0,0,0.8198880474,0.2,True,density_deficit_exceeds_threshold
nuscenes_mini_subset,scene-1094_017,scene-1094,test,random_dropout,0.5,fraction_removed,42,90,17300,17300,0,0,0.8709252552,0.2,True,density_deficit_exceeds_threshold
nuscenes_mini_subset,scene-1094_017,scene-1094,test,sector_dropout,10,degrees,42,90,34096,34096,0,0,0.7411919658,0.2,True,density_deficit_exceeds_threshold
nuscenes_mini_subset,scene-1094_017,scene-1094,test,sector_dropout,20,degrees,42,90,33353,33353,0,2,1,0.2,True,density_deficit_exceeds_threshold
nuscenes_mini_subset,scene-1094_017,scene-1094,test,sector_dropout,30,degrees,42,90,32645,32645,0,2,1,0.2,True,density_deficit_exceeds_threshold
nuscenes_mini_subset,scene-1094_018,scene-1094,calibration,original,0,none,42,90,34688,34688,0,0,0.7290088904,0.2,True,density_deficit_exceeds_threshold
nuscenes_mini_subset,scene-1094_018,scene-1094,calibration,random_dropout,0.1,fraction_removed,42,90,31260,31260,0,0,0.7540335858,0.2,True,density_deficit_exceeds_threshold
nuscenes_mini_subset,scene-1094_018,scene-1094,calibration,random_dropout,0.3,fraction_removed,42,90,24237,24237,0,0,0.8106684228,0.2,True,density_deficit_exceeds_threshold
nuscenes_mini_subset,scene-1094_018,scene-1094,calibration,random_dropout,0.5,fraction_removed,42,90,17270,17270,0,0,0.8610470859,0.2,True,density_deficit_exceeds_threshold
nuscenes_mini_subset,scene-1094_018,scene-1094,calibration,sector_dropout,10,degrees,42,90,34081,34081,0,0,0.7290088904,0.2,True,density_deficit_exceeds_threshold
nuscenes_mini_subset,scene-1094_018,scene-1094,calibration,sector_dropout,20,degrees,42,90,33332,33332,0,2,1,0.2,True,density_deficit_exceeds_threshold
nuscenes_mini_subset,scene-1094_018,scene-1094,calibration,sector_dropout,30,degrees,42,90,32612,32612,0,2,1,0.2,True,density_deficit_exceeds_threshold
nuscenes_mini_subset,scene-1094_019,scene-1094,test,original,0,none,42,90,34688,34688,0,0,0.7313137965,0.2,True,density_deficit_exceeds_threshold
nuscenes_mini_subset,scene-1094_019,scene-1094,test,random_dropout,0.1,fraction_removed,42,90,31260,31260,0,0,0.7560092196,0.2,True,density_deficit_exceeds_threshold
nuscenes_mini_subset,scene-1094_019,scene-1094,test,random_dropout,0.3,fraction_removed,42,90,24237,24237,0,0,0.8116562397,0.2,True,density_deficit_exceeds_threshold
nuscenes_mini_subset,scene-1094_019,scene-1094,test,random_dropout,0.5,fraction_removed,42,90,17270,17270,0,0,0.8640105367,0.2,True,density_deficit_exceeds_threshold
nuscenes_mini_subset,scene-1094_019,scene-1094,test,sector_dropout,10,degrees,42,90,34078,34078,0,0,0.7313137965,0.2,True,density_deficit_exceeds_threshold
nuscenes_mini_subset,scene-1094_019,scene-1094,test,sector_dropout,20,degrees,42,90,33325,33325,0,2,1,0.2,True,density_deficit_exceeds_threshold
nuscenes_mini_subset,scene-1094_019,scene-1094,test,sector_dropout,30,degrees,42,90,32571,32571,0,2,1,0.2,True,density_deficit_exceeds_threshold
nuscenes_mini_subset,scene-1094_020,scene-1094,calibration,original,0,none,42,90,34720,34720,0,0,0.7385577873,0.2,True,density_deficit_exceeds_threshold
nuscenes_mini_subset,scene-1094_020,scene-1094,calibration,random_dropout,0.1,fraction_removed,42,90,31288,31288,0,0,0.7609483042,0.2,True,density_deficit_exceeds_threshold
nuscenes_mini_subset,scene-1094_020,scene-1094,calibration,random_dropout,0.3,fraction_removed,42,90,24255,24255,0,0,0.8159367797,0.2,True,density_deficit_exceeds_threshold
nuscenes_mini_subset,scene-1094_020,scene-1094,calibration,random_dropout,0.5,fraction_removed,42,90,17283,17283,0,0,0.8682910767,0.2,True,density_deficit_exceeds_threshold
nuscenes_mini_subset,scene-1094_020,scene-1094,calibration,sector_dropout,10,degrees,42,90,34089,34089,0,0,0.7385577873,0.2,True,density_deficit_exceeds_threshold
nuscenes_mini_subset,scene-1094_020,scene-1094,calibration,sector_dropout,20,degrees,42,90,33382,33382,0,2,1,0.2,True,density_deficit_exceeds_threshold
nuscenes_mini_subset,scene-1094_020,scene-1094,calibration,sector_dropout,30,degrees,42,90,32620,32620,0,2,1,0.2,True,density_deficit_exceeds_threshold
nuscenes_mini_subset,scene-1094_021,scene-1094,test,original,0,none,42,90,34688,34688,0,0,0.6386326641,0.2,True,density_deficit_exceeds_threshold
nuscenes_mini_subset,scene-1094_021,scene-1094,test,random_dropout,0.1,fraction_removed,42,90,31260,31260,0,0,0.6798697775,0.2,True,density_deficit_exceeds_threshold
nuscenes_mini_subset,scene-1094_021,scene-1094,test,random_dropout,0.3,fraction_removed,42,90,24237,24237,0,0,0.7542051004,0.2,True,density_deficit_exceeds_threshold
nuscenes_mini_subset,scene-1094_021,scene-1094,test,random_dropout,0.5,fraction_removed,42,90,17270,17270,0,0,0.8241996744,0.2,True,density_deficit_exceeds_threshold
nuscenes_mini_subset,scene-1094_021,scene-1094,test,sector_dropout,10,degrees,42,90,34068,34068,0,0,0.6386326641,0.2,True,density_deficit_exceeds_threshold
nuscenes_mini_subset,scene-1094_021,scene-1094,test,sector_dropout,20,degrees,42,90,33364,33364,0,2,1,0.2,True,density_deficit_exceeds_threshold
nuscenes_mini_subset,scene-1094_021,scene-1094,test,sector_dropout,30,degrees,42,90,32597,32597,0,2,1,0.2,True,density_deficit_exceeds_threshold
nuscenes_mini_subset,scene-1094_022,scene-1094,calibration,original,0,none,42,90,34656,34656,0,0,0.3233454067,0.2,True,density_deficit_exceeds_threshold
nuscenes_mini_subset,scene-1094_022,scene-1094,calibration,random_dropout,0.1,fraction_removed,42,90,31230,31230,0,0,0.3852486006,0.2,True,density_deficit_exceeds_threshold
nuscenes_mini_subset,scene-1094_022,scene-1094,calibration,random_dropout,0.3,fraction_removed,42,90,24211,24211,0,0,0.5172867962,0.2,True,density_deficit_exceeds_threshold
nuscenes_mini_subset,scene-1094_022,scene-1094,calibration,random_dropout,0.5,fraction_removed,42,90,17250,17250,0,0,0.6516298979,0.2,True,density_deficit_exceeds_threshold
nuscenes_mini_subset,scene-1094_022,scene-1094,calibration,sector_dropout,10,degrees,42,90,34058,34058,0,0,0.5187250996,0.2,True,density_deficit_exceeds_threshold
nuscenes_mini_subset,scene-1094_022,scene-1094,calibration,sector_dropout,20,degrees,42,90,33348,33348,0,2,1,0.2,True,density_deficit_exceeds_threshold
nuscenes_mini_subset,scene-1094_022,scene-1094,calibration,sector_dropout,30,degrees,42,90,32573,32573,0,2,1,0.2,True,density_deficit_exceeds_threshold
nuscenes_mini_subset,scene-1094_023,scene-1094,test,original,0,none,42,90,34688,34688,0,0,0.6858383071,0.2,True,density_deficit_exceeds_threshold
nuscenes_mini_subset,scene-1094_023,scene-1094,test,random_dropout,0.1,fraction_removed,42,90,31260,31260,0,0,0.7211068909,0.2,True,density_deficit_exceeds_threshold
nuscenes_mini_subset,scene-1094_023,scene-1094,test,random_dropout,0.3,fraction_removed,42,90,24237,24237,0,0,0.7873033098,0.2,True,density_deficit_exceeds_threshold
nuscenes_mini_subset,scene-1094_023,scene-1094,test,random_dropout,0.5,fraction_removed,42,90,17270,17270,0,0,0.8513293543,0.2,True,density_deficit_exceeds_threshold
nuscenes_mini_subset,scene-1094_023,scene-1094,test,sector_dropout,10,degrees,42,90,34084,34084,0,0,0.6858383071,0.2,True,density_deficit_exceeds_threshold
nuscenes_mini_subset,scene-1094_023,scene-1094,test,sector_dropout,20,degrees,42,90,33415,33415,0,2,1,0.2,True,density_deficit_exceeds_threshold
nuscenes_mini_subset,scene-1094_023,scene-1094,test,sector_dropout,30,degrees,42,90,32647,32647,0,2,1,0.2,True,density_deficit_exceeds_threshold
nuscenes_mini_subset,scene-1094_024,scene-1094,calibration,original,0,none,42,90,34688,34688,0,0,0.7451432335,0.2,True,density_deficit_exceeds_threshold
nuscenes_mini_subset,scene-1094_024,scene-1094,calibration,random_dropout,0.1,fraction_removed,42,90,31260,31260,0,0,0.7675337504,0.2,True,density_deficit_exceeds_threshold
nuscenes_mini_subset,scene-1094_024,scene-1094,calibration,random_dropout,0.3,fraction_removed,42,90,24237,24237,0,0,0.8202173197,0.2,True,density_deficit_exceeds_threshold
nuscenes_mini_subset,scene-1094_024,scene-1094,calibration,random_dropout,0.5,fraction_removed,42,90,17270,17270,0,0,0.8702667106,0.2,True,density_deficit_exceeds_threshold
nuscenes_mini_subset,scene-1094_024,scene-1094,calibration,sector_dropout,10,degrees,42,90,34056,34056,0,0,0.7451432335,0.2,True,density_deficit_exceeds_threshold
nuscenes_mini_subset,scene-1094_024,scene-1094,calibration,sector_dropout,20,degrees,42,90,33399,33399,0,2,1,0.2,True,density_deficit_exceeds_threshold
nuscenes_mini_subset,scene-1094_024,scene-1094,calibration,sector_dropout,30,degrees,42,90,32635,32635,0,2,1,0.2,True,density_deficit_exceeds_threshold
nuscenes_mini_subset,scene-1094_025,scene-1094,test,original,0,none,42,90,34720,34720,0,0,0.4915897992,0.2,True,density_deficit_exceeds_threshold
nuscenes_mini_subset,scene-1094_025,scene-1094,test,random_dropout,0.1,fraction_removed,42,90,31288,31288,0,0,0.5463917526,0.2,True,density_deficit_exceeds_threshold
nuscenes_mini_subset,scene-1094_025,scene-1094,test,random_dropout,0.3,fraction_removed,42,90,24255,24255,0,0,0.6473141617,0.2,True,density_deficit_exceeds_threshold
nuscenes_mini_subset,scene-1094_025,scene-1094,test,random_dropout,0.5,fraction_removed,42,90,17283,17283,0,0,0.7498643516,0.2,True,density_deficit_exceeds_threshold
nuscenes_mini_subset,scene-1094_025,scene-1094,test,sector_dropout,10,degrees,42,90,34099,34099,0,0,0.5235059761,0.2,True,density_deficit_exceeds_threshold
nuscenes_mini_subset,scene-1094_025,scene-1094,test,sector_dropout,20,degrees,42,90,33446,33446,0,2,1,0.2,True,density_deficit_exceeds_threshold
nuscenes_mini_subset,scene-1094_025,scene-1094,test,sector_dropout,30,degrees,42,90,32699,32699,0,2,1,0.2,True,density_deficit_exceeds_threshold
nuscenes_mini_subset,scene-1094_026,scene-1094,calibration,original,0,none,42,90,34752,34752,0,0,0.7533750412,0.2,True,density_deficit_exceeds_threshold
nuscenes_mini_subset,scene-1094_026,scene-1094,calibration,random_dropout,0.1,fraction_removed,42,90,31318,31318,0,0,0.7747777412,0.2,True,density_deficit_exceeds_threshold
nuscenes_mini_subset,scene-1094_026,scene-1094,calibration,random_dropout,0.3,fraction_removed,42,90,24280,24280,0,0,0.829107672,0.2,True,density_deficit_exceeds_threshold
nuscenes_mini_subset,scene-1094_026,scene-1094,calibration,random_dropout,0.5,fraction_removed,42,90,17300,17300,0,0,0.8765228844,0.2,True,density_deficit_exceeds_threshold
nuscenes_mini_subset,scene-1094_026,scene-1094,calibration,sector_dropout,10,degrees,42,90,34119,34119,0,0,0.7533750412,0.2,True,density_deficit_exceeds_threshold
nuscenes_mini_subset,scene-1094_026,scene-1094,calibration,sector_dropout,20,degrees,42,90,33461,33461,0,2,1,0.2,True,density_deficit_exceeds_threshold
nuscenes_mini_subset,scene-1094_026,scene-1094,calibration,sector_dropout,30,degrees,42,90,32705,32705,0,2,1,0.2,True,density_deficit_exceeds_threshold
nuscenes_mini_subset,scene-1094_027,scene-1094,test,original,0,none,42,90,34752,34752,0,0,0.1971830986,0.2,False,
nuscenes_mini_subset,scene-1094_027,scene-1094,test,random_dropout,0.1,fraction_removed,42,90,31318,31318,0,0,0.2688860435,0.2,True,density_deficit_exceeds_threshold
nuscenes_mini_subset,scene-1094_027,scene-1094,test,random_dropout,0.3,fraction_removed,42,90,24280,24280,0,0,0.4302176697,0.2,True,density_deficit_exceeds_threshold
nuscenes_mini_subset,scene-1094_027,scene-1094,test,random_dropout,0.5,fraction_removed,42,90,17300,17300,0,0,0.609475032,0.2,True,density_deficit_exceeds_threshold
nuscenes_mini_subset,scene-1094_027,scene-1094,test,sector_dropout,10,degrees,42,90,34103,34103,0,0,0.5235059761,0.2,True,density_deficit_exceeds_threshold
nuscenes_mini_subset,scene-1094_027,scene-1094,test,sector_dropout,20,degrees,42,90,33451,33451,0,2,1,0.2,True,density_deficit_exceeds_threshold
nuscenes_mini_subset,scene-1094_027,scene-1094,test,sector_dropout,30,degrees,42,90,32683,32683,0,2,1,0.2,True,density_deficit_exceeds_threshold
nuscenes_mini_subset,scene-1094_028,scene-1094,calibration,original,0,none,42,90,34752,34752,0,0,0.6635919696,0.2,True,density_deficit_exceeds_threshold
nuscenes_mini_subset,scene-1094_028,scene-1094,calibration,random_dropout,0.1,fraction_removed,42,90,31318,31318,0,0,0.6977753663,0.2,True,density_deficit_exceeds_threshold
nuscenes_mini_subset,scene-1094_028,scene-1094,calibration,random_dropout,0.3,fraction_removed,42,90,24280,24280,0,0,0.7672273467,0.2,True,density_deficit_exceeds_threshold
nuscenes_mini_subset,scene-1094_028,scene-1094,calibration,random_dropout,0.5,fraction_removed,42,90,17300,17300,0,0,0.8372219208,0.2,True,density_deficit_exceeds_threshold
nuscenes_mini_subset,scene-1094_028,scene-1094,calibration,sector_dropout,10,degrees,42,90,34143,34143,0,0,0.6635919696,0.2,True,density_deficit_exceeds_threshold
nuscenes_mini_subset,scene-1094_028,scene-1094,calibration,sector_dropout,20,degrees,42,90,33518,33518,0,2,1,0.2,True,density_deficit_exceeds_threshold
nuscenes_mini_subset,scene-1094_028,scene-1094,calibration,sector_dropout,30,degrees,42,90,32762,32762,0,2,1,0.2,True,density_deficit_exceeds_threshold
nuscenes_mini_subset,scene-1094_029,scene-1094,test,original,0,none,42,90,34720,34720,0,0,0.7062891011,0.2,True,density_deficit_exceeds_threshold
nuscenes_mini_subset,scene-1094_029,scene-1094,test,random_dropout,0.1,fraction_removed,42,90,31288,31288,0,0,0.7329601581,0.2,True,density_deficit_exceeds_threshold
nuscenes_mini_subset,scene-1094_029,scene-1094,test,random_dropout,0.3,fraction_removed,42,90,24255,24255,0,0,0.7925584458,0.2,True,density_deficit_exceeds_threshold
nuscenes_mini_subset,scene-1094_029,scene-1094,test,random_dropout,0.5,fraction_removed,42,90,17283,17283,0,0,0.8501810998,0.2,True,density_deficit_exceeds_threshold
nuscenes_mini_subset,scene-1094_029,scene-1094,test,sector_dropout,10,degrees,42,90,34110,34110,0,0,0.7062891011,0.2,True,density_deficit_exceeds_threshold
nuscenes_mini_subset,scene-1094_029,scene-1094,test,sector_dropout,20,degrees,42,90,33483,33483,0,2,1,0.2,True,density_deficit_exceeds_threshold
nuscenes_mini_subset,scene-1094_029,scene-1094,test,sector_dropout,30,degrees,42,90,32715,32715,0,2,1,0.2,True,density_deficit_exceeds_threshold
nuscenes_mini_subset,scene-1094_030,scene-1094,calibration,original,0,none,42,90,34720,34720,0,0,0.6760716224,0.2,True,density_deficit_exceeds_threshold
nuscenes_mini_subset,scene-1094_030,scene-1094,calibration,random_dropout,0.1,fraction_removed,42,90,31288,31288,0,0,0.7118827998,0.2,True,density_deficit_exceeds_threshold
nuscenes_mini_subset,scene-1094_030,scene-1094,calibration,random_dropout,0.3,fraction_removed,42,90,24255,24255,0,0,0.7764514379,0.2,True,density_deficit_exceeds_threshold
nuscenes_mini_subset,scene-1094_030,scene-1094,calibration,random_dropout,0.5,fraction_removed,42,90,17283,17283,0,0,0.843733044,0.2,True,density_deficit_exceeds_threshold
nuscenes_mini_subset,scene-1094_030,scene-1094,calibration,sector_dropout,10,degrees,42,90,34133,34133,0,0,0.6760716224,0.2,True,density_deficit_exceeds_threshold
nuscenes_mini_subset,scene-1094_030,scene-1094,calibration,sector_dropout,20,degrees,42,90,33506,33506,0,2,1,0.2,True,density_deficit_exceeds_threshold
nuscenes_mini_subset,scene-1094_030,scene-1094,calibration,sector_dropout,30,degrees,42,90,32744,32744,0,2,1,0.2,True,density_deficit_exceeds_threshold
nuscenes_mini_subset,scene-1094_031,scene-1094,test,original,0,none,42,90,34752,34752,0,0,0.6695604992,0.2,True,density_deficit_exceeds_threshold
nuscenes_mini_subset,scene-1094_031,scene-1094,test,random_dropout,0.1,fraction_removed,42,90,31318,31318,0,0,0.704829083,0.2,True,density_deficit_exceeds_threshold
nuscenes_mini_subset,scene-1094_031,scene-1094,test,random_dropout,0.3,fraction_removed,42,90,24280,24280,0,0,0.7688551275,0.2,True,density_deficit_exceeds_threshold
nuscenes_mini_subset,scene-1094_031,scene-1094,test,random_dropout,0.5,fraction_removed,42,90,17300,17300,0,0,0.838307108,0.2,True,density_deficit_exceeds_threshold
nuscenes_mini_subset,scene-1094_031,scene-1094,test,sector_dropout,10,degrees,42,90,34179,34179,0,0,0.6695604992,0.2,True,density_deficit_exceeds_threshold
nuscenes_mini_subset,scene-1094_031,scene-1094,test,sector_dropout,20,degrees,42,90,33543,33543,0,2,1,0.2,True,density_deficit_exceeds_threshold
nuscenes_mini_subset,scene-1094_031,scene-1094,test,sector_dropout,30,degrees,42,90,32797,32797,0,2,1,0.2,True,density_deficit_exceeds_threshold
nuscenes_mini_subset,scene-1094_032,scene-1094,calibration,original,0,none,42,90,34784,34784,0,0,0.7385577873,0.2,True,density_deficit_exceeds_threshold
nuscenes_mini_subset,scene-1094_032,scene-1094,calibration,random_dropout,0.1,fraction_removed,42,90,31345,31345,0,0,0.7648995719,0.2,True,density_deficit_exceeds_threshold
nuscenes_mini_subset,scene-1094_032,scene-1094,calibration,random_dropout,0.3,fraction_removed,42,90,24300,24300,0,0,0.8225222259,0.2,True,density_deficit_exceeds_threshold
nuscenes_mini_subset,scene-1094_032,scene-1094,calibration,random_dropout,0.5,fraction_removed,42,90,17313,17313,0,0,0.8712545275,0.2,True,density_deficit_exceeds_threshold
nuscenes_mini_subset,scene-1094_032,scene-1094,calibration,sector_dropout,10,degrees,42,90,34224,34224,0,0,0.7385577873,0.2,True,density_deficit_exceeds_threshold
nuscenes_mini_subset,scene-1094_032,scene-1094,calibration,sector_dropout,20,degrees,42,90,33613,33613,0,2,1,0.2,True,density_deficit_exceeds_threshold
nuscenes_mini_subset,scene-1094_032,scene-1094,calibration,sector_dropout,30,degrees,42,90,32901,32901,0,2,1,0.2,True,density_deficit_exceeds_threshold
nuscenes_mini_subset,scene-1094_033,scene-1094,test,original,0,none,42,90,34720,34720,0,0,0.7365821534,0.2,True,density_deficit_exceeds_threshold
nuscenes_mini_subset,scene-1094_033,scene-1094,test,random_dropout,0.1,fraction_removed,42,90,31288,31288,0,0,0.7602897596,0.2,True,density_deficit_exceeds_threshold
nuscenes_mini_subset,scene-1094_033,scene-1094,test,random_dropout,0.3,fraction_removed,42,90,24255,24255,0,0,0.8169245966,0.2,True,density_deficit_exceeds_threshold
nuscenes_mini_subset,scene-1094_033,scene-1094,test,random_dropout,0.5,fraction_removed,42,90,17283,17283,0,0,0.8679618044,0.2,True,density_deficit_exceeds_threshold
nuscenes_mini_subset,scene-1094_033,scene-1094,test,sector_dropout,10,degrees,42,90,34154,34154,0,0,0.7365821534,0.2,True,density_deficit_exceeds_threshold
nuscenes_mini_subset,scene-1094_033,scene-1094,test,sector_dropout,20,degrees,42,90,33557,33557,0,2,1,0.2,True,density_deficit_exceeds_threshold
nuscenes_mini_subset,scene-1094_033,scene-1094,test,sector_dropout,30,degrees,42,90,32893,32893,0,2,1,0.2,True,density_deficit_exceeds_threshold
nuscenes_mini_subset,scene-1094_034,scene-1094,calibration,original,0,none,42,90,34720,34720,0,0,0.676614216,0.2,True,density_deficit_exceeds_threshold
nuscenes_mini_subset,scene-1094_034,scene-1094,calibration,random_dropout,0.1,fraction_removed,42,90,31288,31288,0,0,0.7118827998,0.2,True,density_deficit_exceeds_threshold
nuscenes_mini_subset,scene-1094_034,scene-1094,calibration,random_dropout,0.3,fraction_removed,42,90,24255,24255,0,0,0.7786218123,0.2,True,density_deficit_exceeds_threshold
nuscenes_mini_subset,scene-1094_034,scene-1094,calibration,random_dropout,0.5,fraction_removed,42,90,17283,17283,0,0,0.843733044,0.2,True,density_deficit_exceeds_threshold
nuscenes_mini_subset,scene-1094_034,scene-1094,calibration,sector_dropout,10,degrees,42,90,34169,34169,0,0,0.676614216,0.2,True,density_deficit_exceeds_threshold
nuscenes_mini_subset,scene-1094_034,scene-1094,calibration,sector_dropout,20,degrees,42,90,33609,33609,0,2,1,0.2,True,density_deficit_exceeds_threshold
nuscenes_mini_subset,scene-1094_034,scene-1094,calibration,sector_dropout,30,degrees,42,90,32954,32954,0,2,1,0.2,True,density_deficit_exceeds_threshold
nuscenes_mini_subset,scene-1094_035,scene-1094,test,original,0,none,42,90,34720,34720,0,0,0.6473141617,0.2,True,density_deficit_exceeds_threshold
nuscenes_mini_subset,scene-1094_035,scene-1094,test,random_dropout,0.1,fraction_removed,42,90,31288,31288,0,0,0.6842105263,0.2,True,density_deficit_exceeds_threshold
nuscenes_mini_subset,scene-1094_035,scene-1094,test,random_dropout,0.3,fraction_removed,42,90,24255,24255,0,0,0.76017363,0.2,True,density_deficit_exceeds_threshold
nuscenes_mini_subset,scene-1094_035,scene-1094,test,random_dropout,0.5,fraction_removed,42,90,17283,17283,0,0,0.827455236,0.2,True,density_deficit_exceeds_threshold
nuscenes_mini_subset,scene-1094_035,scene-1094,test,sector_dropout,10,degrees,42,90,34168,34168,0,0,0.6473141617,0.2,True,density_deficit_exceeds_threshold
nuscenes_mini_subset,scene-1094_035,scene-1094,test,sector_dropout,20,degrees,42,90,33607,33607,0,2,1,0.2,True,density_deficit_exceeds_threshold
nuscenes_mini_subset,scene-1094_035,scene-1094,test,sector_dropout,30,degrees,42,90,32983,32983,0,2,1,0.2,True,density_deficit_exceeds_threshold
nuscenes_mini_subset,scene-1094_036,scene-1094,calibration,original,0,none,42,90,34720,34720,0,0,0.6890938687,0.2,True,density_deficit_exceeds_threshold
nuscenes_mini_subset,scene-1094_036,scene-1094,calibration,random_dropout,0.1,fraction_removed,42,90,31288,31288,0,0,0.7216494845,0.2,True,density_deficit_exceeds_threshold
nuscenes_mini_subset,scene-1094_036,scene-1094,calibration,random_dropout,0.3,fraction_removed,42,90,24255,24255,0,0,0.7878459034,0.2,True,density_deficit_exceeds_threshold
nuscenes_mini_subset,scene-1094_036,scene-1094,calibration,random_dropout,0.5,fraction_removed,42,90,17283,17283,0,0,0.8491589799,0.2,True,density_deficit_exceeds_threshold
nuscenes_mini_subset,scene-1094_036,scene-1094,calibration,sector_dropout,10,degrees,42,90,34178,34178,0,0,0.6890938687,0.2,True,density_deficit_exceeds_threshold
nuscenes_mini_subset,scene-1094_036,scene-1094,calibration,sector_dropout,20,degrees,42,90,33611,33611,0,2,1,0.2,True,density_deficit_exceeds_threshold
nuscenes_mini_subset,scene-1094_036,scene-1094,calibration,sector_dropout,30,degrees,42,90,32996,32996,0,2,1,0.2,True,density_deficit_exceeds_threshold
nuscenes_mini_subset,scene-1094_037,scene-1094,test,original,0,none,42,90,34752,34752,0,0,0.6771568095,0.2,True,density_deficit_exceeds_threshold
nuscenes_mini_subset,scene-1094_037,scene-1094,test,random_dropout,0.1,fraction_removed,42,90,31318,31318,0,0,0.7107976126,0.2,True,density_deficit_exceeds_threshold
nuscenes_mini_subset,scene-1094_037,scene-1094,test,random_dropout,0.3,fraction_removed,42,90,24280,24280,0,0,0.7775366251,0.2,True,density_deficit_exceeds_threshold
nuscenes_mini_subset,scene-1094_037,scene-1094,test,random_dropout,0.5,fraction_removed,42,90,17300,17300,0,0,0.8421052632,0.2,True,density_deficit_exceeds_threshold
nuscenes_mini_subset,scene-1094_037,scene-1094,test,sector_dropout,10,degrees,42,90,34214,34214,0,0,0.6771568095,0.2,True,density_deficit_exceeds_threshold
nuscenes_mini_subset,scene-1094_037,scene-1094,test,sector_dropout,20,degrees,42,90,33650,33650,0,2,1,0.2,True,density_deficit_exceeds_threshold
nuscenes_mini_subset,scene-1094_037,scene-1094,test,sector_dropout,30,degrees,42,90,33019,33019,0,2,1,0.2,True,density_deficit_exceeds_threshold
nuscenes_mini_subset,scene-1094_038,scene-1094,calibration,original,0,none,42,90,34688,34688,0,0,0.6880086815,0.2,True,density_deficit_exceeds_threshold
nuscenes_mini_subset,scene-1094_038,scene-1094,calibration,random_dropout,0.1,fraction_removed,42,90,31260,31260,0,0,0.7221920781,0.2,True,density_deficit_exceeds_threshold
nuscenes_mini_subset,scene-1094_038,scene-1094,calibration,random_dropout,0.3,fraction_removed,42,90,24237,24237,0,0,0.7878459034,0.2,True,density_deficit_exceeds_threshold
nuscenes_mini_subset,scene-1094_038,scene-1094,calibration,random_dropout,0.5,fraction_removed,42,90,17270,17270,0,0,0.8507867607,0.2,True,density_deficit_exceeds_threshold
nuscenes_mini_subset,scene-1094_038,scene-1094,calibration,sector_dropout,10,degrees,42,90,34144,34144,0,0,0.6880086815,0.2,True,density_deficit_exceeds_threshold
nuscenes_mini_subset,scene-1094_038,scene-1094,calibration,sector_dropout,20,degrees,42,90,33558,33558,0,2,1,0.2,True,density_deficit_exceeds_threshold
nuscenes_mini_subset,scene-1094_038,scene-1094,calibration,sector_dropout,30,degrees,42,90,32951,32951,0,2,1,0.2,True,density_deficit_exceeds_threshold
nuscenes_mini_subset,scene-1094_039,scene-1094,test,original,0,none,42,90,34720,34720,0,0,0.6782419967,0.2,True,density_deficit_exceeds_threshold
nuscenes_mini_subset,scene-1094_039,scene-1094,test,random_dropout,0.1,fraction_removed,42,90,31288,31288,0,0,0.7118827998,0.2,True,density_deficit_exceeds_threshold
nuscenes_mini_subset,scene-1094_039,scene-1094,test,random_dropout,0.3,fraction_removed,42,90,24255,24255,0,0,0.7813347802,0.2,True,density_deficit_exceeds_threshold
nuscenes_mini_subset,scene-1094_039,scene-1094,test,random_dropout,0.5,fraction_removed,42,90,17283,17283,0,0,0.8464460119,0.2,True,density_deficit_exceeds_threshold
nuscenes_mini_subset,scene-1094_039,scene-1094,test,sector_dropout,10,degrees,42,90,34182,34182,0,0,0.6782419967,0.2,True,density_deficit_exceeds_threshold
nuscenes_mini_subset,scene-1094_039,scene-1094,test,sector_dropout,20,degrees,42,90,33622,33622,0,2,1,0.2,True,density_deficit_exceeds_threshold
nuscenes_mini_subset,scene-1094_039,scene-1094,test,sector_dropout,30,degrees,42,90,33014,33014,0,2,1,0.2,True,density_deficit_exceeds_threshold
kitti_mini,000001,KITTI,calibration,original,0,none,42,0,120268,120268,0,0,0.2211283605,0.4,False,
kitti_mini,000001,KITTI,calibration,random_dropout,0.1,fraction_removed,42,0,108167,108167,0,0,0.2953426732,0.4,False,
kitti_mini,000001,KITTI,calibration,random_dropout,0.3,fraction_removed,42,0,84111,84111,0,0,0.4471790988,0.4,True,density_deficit_exceeds_threshold
kitti_mini,000001,KITTI,calibration,random_dropout,0.5,fraction_removed,42,0,59871,59871,0,0,0.6092389246,0.4,True,density_deficit_exceeds_threshold
kitti_mini,000001,KITTI,calibration,sector_dropout,10,degrees,42,0,117403,117403,0,0,0.5392058725,0.4,True,density_deficit_exceeds_threshold
kitti_mini,000001,KITTI,calibration,sector_dropout,20,degrees,42,0,114524,114524,0,2,1,0.4,True,density_deficit_exceeds_threshold
kitti_mini,000001,KITTI,calibration,sector_dropout,30,degrees,42,0,111656,111656,0,2,1,0.4,True,density_deficit_exceeds_threshold
kitti_mini,000004,KITTI,test,original,0,none,42,0,115976,115976,0,0,0.2491413474,0.4,False,
kitti_mini,000004,KITTI,test,random_dropout,0.1,fraction_removed,42,0,104322,104322,0,0,0.3207397622,0.4,False,
kitti_mini,000004,KITTI,test,random_dropout,0.3,fraction_removed,42,0,81127,81127,0,0,0.4676354029,0.4,True,density_deficit_exceeds_threshold
kitti_mini,000004,KITTI,test,random_dropout,0.5,fraction_removed,42,0,57713,57713,0,0,0.621664465,0.4,True,density_deficit_exceeds_threshold
kitti_mini,000004,KITTI,test,sector_dropout,10,degrees,42,0,113221,113221,0,0,0.5478812145,0.4,True,density_deficit_exceeds_threshold
kitti_mini,000004,KITTI,test,sector_dropout,20,degrees,42,0,110374,110374,0,2,1,0.4,True,density_deficit_exceeds_threshold
kitti_mini,000004,KITTI,test,sector_dropout,30,degrees,42,0,107252,107252,0,2,1,0.4,True,density_deficit_exceeds_threshold
kitti_mini,000007,KITTI,calibration,original,0,none,42,0,122798,122798,0,0,0.2309782609,0.4,False,
kitti_mini,000007,KITTI,calibration,random_dropout,0.1,fraction_removed,42,0,110452,110452,0,0,0.3202639752,0.4,False,
kitti_mini,000007,KITTI,calibration,random_dropout,0.3,fraction_removed,42,0,85891,85891,0,0,0.4549689441,0.4,True,density_deficit_exceeds_threshold
kitti_mini,000007,KITTI,calibration,random_dropout,0.5,fraction_removed,42,0,61146,61146,0,0,0.612189441,0.4,True,density_deficit_exceeds_threshold
kitti_mini,000007,KITTI,calibration,sector_dropout,10,degrees,42,0,119882,119882,0,0,0.5201868535,0.4,True,density_deficit_exceeds_threshold
kitti_mini,000007,KITTI,calibration,sector_dropout,20,degrees,42,0,116905,116905,0,2,1,0.4,True,density_deficit_exceeds_threshold
kitti_mini,000007,KITTI,calibration,sector_dropout,30,degrees,42,0,113797,113797,0,2,1,0.4,True,density_deficit_exceeds_threshold
kitti_mini,000008,KITTI,test,original,0,none,42,0,122555,122555,0,0,0.1737218252,0.4,False,
kitti_mini,000008,KITTI,test,random_dropout,0.1,fraction_removed,42,0,110227,110227,0,0,0.2603078615,0.4,False,
kitti_mini,000008,KITTI,test,random_dropout,0.3,fraction_removed,42,0,85707,85707,0,0,0.4255085212,0.4,True,density_deficit_exceeds_threshold
kitti_mini,000008,KITTI,test,random_dropout,0.5,fraction_removed,42,0,61008,61008,0,0,0.5951072018,0.4,True,density_deficit_exceeds_threshold
kitti_mini,000008,KITTI,test,sector_dropout,10,degrees,42,0,119436,119436,0,0,0.5288621955,0.4,True,density_deficit_exceeds_threshold
kitti_mini,000008,KITTI,test,sector_dropout,20,degrees,42,0,116373,116373,0,2,1,0.4,True,density_deficit_exceeds_threshold
kitti_mini,000008,KITTI,test,sector_dropout,30,degrees,42,0,113375,113375,0,2,1,0.4,True,density_deficit_exceeds_threshold
kitti_mini,000009,KITTI,calibration,original,0,none,42,0,123928,123928,0,0,0.2182759236,0.4,False,
kitti_mini,000009,KITTI,calibration,random_dropout,0.1,fraction_removed,42,0,111471,111471,0,0,0.3007317508,0.4,False,
kitti_mini,000009,KITTI,calibration,random_dropout,0.3,fraction_removed,42,0,86666,86666,0,0,0.4510083884,0.4,True,density_deficit_exceeds_threshold
kitti_mini,000009,KITTI,calibration,random_dropout,0.5,fraction_removed,42,0,61684,61684,0,0,0.6094949134,0.4,True,density_deficit_exceeds_threshold
kitti_mini,000009,KITTI,calibration,sector_dropout,10,degrees,42,0,121184,121184,0,0,0.5392303848,0.4,True,density_deficit_exceeds_threshold
kitti_mini,000009,KITTI,calibration,sector_dropout,20,degrees,42,0,118144,118144,0,2,1,0.4,True,density_deficit_exceeds_threshold
kitti_mini,000009,KITTI,calibration,sector_dropout,30,degrees,42,0,114998,114998,0,2,1,0.4,True,density_deficit_exceeds_threshold
kitti_mini,000010,KITTI,test,original,0,none,42,0,115875,115875,0,0,0.2575017446,0.4,False,
kitti_mini,000010,KITTI,test,random_dropout,0.1,fraction_removed,42,0,104232,104232,0,0,0.3309141661,0.4,False,
kitti_mini,000010,KITTI,test,random_dropout,0.3,fraction_removed,42,0,81051,81051,0,0,0.4810886253,0.4,True,density_deficit_exceeds_threshold
kitti_mini,000010,KITTI,test,random_dropout,0.5,fraction_removed,42,0,57666,57666,0,0,0.6314606742,0.4,True,density_deficit_exceeds_threshold
kitti_mini,000010,KITTI,test,sector_dropout,10,degrees,42,0,112986,112986,0,0,0.5311978645,0.4,True,density_deficit_exceeds_threshold
kitti_mini,000010,KITTI,test,sector_dropout,20,degrees,42,0,110136,110136,0,2,1,0.4,True,density_deficit_exceeds_threshold
kitti_mini,000010,KITTI,test,sector_dropout,30,degrees,42,0,107326,107326,0,2,1,0.4,True,density_deficit_exceeds_threshold
kitti_mini,000011,KITTI,calibration,original,0,none,42,0,108004,108004,0,0,0.437449338,0.4,True,density_deficit_exceeds_threshold
kitti_mini,000011,KITTI,calibration,random_dropout,0.1,fraction_removed,42,0,97137,97137,0,0,0.5033774655,0.4,True,density_deficit_exceeds_threshold
kitti_mini,000011,KITTI,calibration,random_dropout,0.3,fraction_removed,42,0,75504,75504,0,0,0.6092947852,0.4,True,density_deficit_exceeds_threshold
kitti_mini,000011,KITTI,calibration,random_dropout,0.5,fraction_removed,42,0,53691,53691,0,0,0.718724669,0.4,True,density_deficit_exceeds_threshold
kitti_mini,000011,KITTI,calibration,sector_dropout,10,degrees,42,0,104852,104852,0,0,0.4809262036,0.4,True,density_deficit_exceeds_threshold
kitti_mini,000011,KITTI,calibration,sector_dropout,20,degrees,42,0,101720,101720,0,2,1,0.4,True,density_deficit_exceeds_threshold
kitti_mini,000011,KITTI,calibration,sector_dropout,30,degrees,42,0,98457,98457,0,2,1,0.4,True,density_deficit_exceeds_threshold
kitti_mini,000012,KITTI,test,original,0,none,42,0,120007,120007,0,0,0.125468499,0.4,False,
kitti_mini,000012,KITTI,test,random_dropout,0.1,fraction_removed,42,0,107936,107936,0,0,0.2100660361,0.4,False,
kitti_mini,000012,KITTI,test,random_dropout,0.3,fraction_removed,42,0,83936,83936,0,0,0.3918105958,0.4,False,
kitti_mini,000012,KITTI,test,random_dropout,0.5,fraction_removed,42,0,59746,59746,0,0,0.5761692218,0.4,True,density_deficit_exceeds_threshold
kitti_mini,000012,KITTI,test,sector_dropout,10,degrees,42,0,117275,117275,0,0,0.5572238906,0.4,True,density_deficit_exceeds_threshold
kitti_mini,000012,KITTI,test,sector_dropout,20,degrees,42,0,114415,114415,0,2,1,0.4,True,density_deficit_exceeds_threshold
kitti_mini,000012,KITTI,test,sector_dropout,30,degrees,42,0,111302,111302,0,2,1,0.4,True,density_deficit_exceeds_threshold
kitti_mini,000015,KITTI,calibration,original,0,none,42,0,122583,122583,0,0,0.2275975811,0.4,False,
kitti_mini,000015,KITTI,calibration,random_dropout,0.1,fraction_removed,42,0,110255,110255,0,0,0.3023639362,0.4,False,
kitti_mini,000015,KITTI,calibration,random_dropout,0.3,fraction_removed,42,0,85728,85728,0,0,0.4617921935,0.4,True,density_deficit_exceeds_threshold
kitti_mini,000015,KITTI,calibration,random_dropout,0.5,fraction_removed,42,0,61027,61027,0,0,0.6179219351,0.4,True,density_deficit_exceeds_threshold
kitti_mini,000015,KITTI,calibration,sector_dropout,10,degrees,42,0,119491,119491,0,0,0.5019157088,0.4,True,density_deficit_exceeds_threshold
kitti_mini,000015,KITTI,calibration,sector_dropout,20,degrees,42,0,116309,116309,0,2,1,0.4,True,density_deficit_exceeds_threshold
kitti_mini,000015,KITTI,calibration,sector_dropout,30,degrees,42,0,112922,112922,0,2,1,0.4,True,density_deficit_exceeds_threshold
kitti_mini,000016,KITTI,test,original,0,none,42,0,113070,113070,0,0,0.2336819807,0.4,False,
kitti_mini,000016,KITTI,test,random_dropout,0.1,fraction_removed,42,0,101696,101696,0,0,0.3033231828,0.4,False,
kitti_mini,000016,KITTI,test,random_dropout,0.3,fraction_removed,42,0,79085,79085,0,0,0.4566397458,0.4,True,density_deficit_exceeds_threshold
kitti_mini,000016,KITTI,test,random_dropout,0.5,fraction_removed,42,0,56269,56269,0,0,0.6126042632,0.4,True,density_deficit_exceeds_threshold
kitti_mini,000016,KITTI,test,sector_dropout,10,degrees,42,0,110084,110084,0,0,0.5395395395,0.4,True,density_deficit_exceeds_threshold
kitti_mini,000016,KITTI,test,sector_dropout,20,degrees,42,0,107282,107282,0,2,1,0.4,True,density_deficit_exceeds_threshold
kitti_mini,000016,KITTI,test,sector_dropout,30,degrees,42,0,104177,104177,0,2,1,0.4,True,density_deficit_exceeds_threshold
kitti_mini,000019,KITTI,calibration,original,0,none,42,0,115697,115697,0,0,0.3797752809,0.4,False,
kitti_mini,000019,KITTI,calibration,random_dropout,0.1,fraction_removed,42,0,104075,104075,0,0,0.4443820225,0.4,True,density_deficit_exceeds_threshold
kitti_mini,000019,KITTI,calibration,random_dropout,0.3,fraction_removed,42,0,80920,80920,0,0,0.5710674157,0.4,True,density_deficit_exceeds_threshold
kitti_mini,000019,KITTI,calibration,random_dropout,0.5,fraction_removed,42,0,57574,57574,0,0,0.6907303371,0.4,True,density_deficit_exceeds_threshold
kitti_mini,000019,KITTI,calibration,sector_dropout,10,degrees,42,0,112937,112937,0,0,0.4654654655,0.4,True,density_deficit_exceeds_threshold
kitti_mini,000019,KITTI,calibration,sector_dropout,20,degrees,42,0,109699,109699,0,2,1,0.4,True,density_deficit_exceeds_threshold
kitti_mini,000019,KITTI,calibration,sector_dropout,30,degrees,42,0,106352,106352,0,2,1,0.4,True,density_deficit_exceeds_threshold
kitti_mini,000021,KITTI,test,original,0,none,42,0,125260,125260,0,0,0.1097626272,0.4,False,
kitti_mini,000021,KITTI,test,random_dropout,0.1,fraction_removed,42,0,112663,112663,0,0,0.1904336962,0.4,False,
kitti_mini,000021,KITTI,test,random_dropout,0.3,fraction_removed,42,0,87589,87589,0,0,0.3771194003,0.4,False,
kitti_mini,000021,KITTI,test,random_dropout,0.5,fraction_removed,42,0,62348,62348,0,0,0.5545243619,0.4,True,density_deficit_exceeds_threshold
kitti_mini,000021,KITTI,test,sector_dropout,10,degrees,42,0,122350,122350,0,0,0.4925870398,0.4,True,density_deficit_exceeds_threshold
kitti_mini,000021,KITTI,test,sector_dropout,20,degrees,42,0,119279,119279,0,2,1,0.4,True,density_deficit_exceeds_threshold
kitti_mini,000021,KITTI,test,sector_dropout,30,degrees,42,0,115901,115901,0,2,1,0.4,True,density_deficit_exceeds_threshold
kitti_mini,000023,KITTI,calibration,original,0,none,42,0,120412,120412,0,0,0.2112836047,0.4,False,
kitti_mini,000023,KITTI,calibration,random_dropout,0.1,fraction_removed,42,0,108295,108295,0,0,0.2828474063,0.4,False,
kitti_mini,000023,KITTI,calibration,random_dropout,0.3,fraction_removed,42,0,84216,84216,0,0,0.4335478985,0.4,True,density_deficit_exceeds_threshold
kitti_mini,000023,KITTI,calibration,random_dropout,0.5,fraction_removed,42,0,59941,59941,0,0,0.5940931465,0.4,True,density_deficit_exceeds_threshold
kitti_mini,000023,KITTI,calibration,sector_dropout,10,degrees,42,0,117532,117532,0,0,0.5375375375,0.4,True,density_deficit_exceeds_threshold
kitti_mini,000023,KITTI,calibration,sector_dropout,20,degrees,42,0,114647,114647,0,2,1,0.4,True,density_deficit_exceeds_threshold
kitti_mini,000023,KITTI,calibration,sector_dropout,30,degrees,42,0,111761,111761,0,2,1,0.4,True,density_deficit_exceeds_threshold
kitti_mini,000025,KITTI,test,original,0,none,42,0,115780,115780,0,0,0.4989532449,0.4,True,density_deficit_exceeds_threshold
kitti_mini,000025,KITTI,test,random_dropout,0.1,fraction_removed,42,0,104147,104147,0,0,0.5528262387,0.4,True,density_deficit_exceeds_threshold
kitti_mini,000025,KITTI,test,random_dropout,0.3,fraction_removed,42,0,80980,80980,0,0,0.6519190509,0.4,True,density_deficit_exceeds_threshold
kitti_mini,000025,KITTI,test,random_dropout,0.5,fraction_removed,42,0,57618,57618,0,0,0.747662247,0.4,True,density_deficit_exceeds_threshold
kitti_mini,000025,KITTI,test,sector_dropout,10,degrees,42,0,112768,112768,0,0,0.5059137098,0.4,True,density_deficit_exceeds_threshold
kitti_mini,000025,KITTI,test,sector_dropout,20,degrees,42,0,109681,109681,0,2,1,0.4,True,density_deficit_exceeds_threshold
kitti_mini,000025,KITTI,test,sector_dropout,30,degrees,42,0,106354,106354,0,2,1,0.4,True,density_deficit_exceeds_threshold
kitti_mini,000031,KITTI,calibration,original,0,none,42,0,121291,121291,0,0,0.2161747142,0.4,False,
kitti_mini,000031,KITTI,calibration,random_dropout,0.1,fraction_removed,42,0,109094,109094,0,0,0.2987544788,0.4,False,
kitti_mini,000031,KITTI,calibration,random_dropout,0.3,fraction_removed,42,0,84836,84836,0,0,0.4741511687,0.4,True,density_deficit_exceeds_threshold
kitti_mini,000031,KITTI,calibration,random_dropout,0.5,fraction_removed,42,0,60380,60380,0,0,0.6215662856,0.4,True,density_deficit_exceeds_threshold
kitti_mini,000031,KITTI,calibration,sector_dropout,10,degrees,42,0,118436,118436,0,0,0.4644644645,0.4,True,density_deficit_exceeds_threshold
kitti_mini,000031,KITTI,calibration,sector_dropout,20,degrees,42,0,115189,115189,0,2,1,0.4,True,density_deficit_exceeds_threshold
kitti_mini,000031,KITTI,calibration,sector_dropout,30,degrees,42,0,111968,111968,0,2,1,0.4,True,density_deficit_exceeds_threshold
kitti_mini,000032,KITTI,test,original,0,none,42,0,118661,118661,0,0,0.3036516854,0.4,False,
kitti_mini,000032,KITTI,test,random_dropout,0.1,fraction_removed,42,0,106737,106737,0,0,0.3735955056,0.4,False,
kitti_mini,000032,KITTI,test,random_dropout,0.3,fraction_removed,42,0,82996,82996,0,0,0.5095505618,0.4,True,density_deficit_exceeds_threshold
kitti_mini,000032,KITTI,test,random_dropout,0.5,fraction_removed,42,0,59084,59084,0,0,0.6460674157,0.4,True,density_deficit_exceeds_threshold
kitti_mini,000032,KITTI,test,sector_dropout,10,degrees,42,0,115376,115376,0,0,0.4869232051,0.4,True,density_deficit_exceeds_threshold
kitti_mini,000032,KITTI,test,sector_dropout,20,degrees,42,0,112167,112167,0,2,1,0.4,True,density_deficit_exceeds_threshold
kitti_mini,000032,KITTI,test,sector_dropout,30,degrees,42,0,108942,108942,0,2,1,0.4,True,density_deficit_exceeds_threshold
kitti_mini,000043,KITTI,calibration,original,0,none,42,0,122591,122591,0,0,0.1185770751,0.4,False,
kitti_mini,000043,KITTI,calibration,random_dropout,0.1,fraction_removed,42,0,110261,110261,0,0,0.2026350461,0.4,False,
kitti_mini,000043,KITTI,calibration,random_dropout,0.3,fraction_removed,42,0,85733,85733,0,0,0.377602108,0.4,False,
kitti_mini,000043,KITTI,calibration,random_dropout,0.5,fraction_removed,42,0,61030,61030,0,0,0.5571405414,0.4,True,density_deficit_exceeds_threshold
kitti_mini,000043,KITTI,calibration,sector_dropout,10,degrees,42,0,119700,119700,0,0,0.4659336998,0.4,True,density_deficit_exceeds_threshold
kitti_mini,000043,KITTI,calibration,sector_dropout,20,degrees,42,0,116484,116484,0,2,1,0.4,True,density_deficit_exceeds_threshold
kitti_mini,000043,KITTI,calibration,sector_dropout,30,degrees,42,0,113109,113109,0,2,1,0.4,True,density_deficit_exceeds_threshold
kitti_mini,000048,KITTI,test,original,0,none,42,0,122675,122675,0,0,0.1252311757,0.4,False,
kitti_mini,000048,KITTI,test,random_dropout,0.1,fraction_removed,42,0,110341,110341,0,0,0.2113606341,0.4,False,
kitti_mini,000048,KITTI,test,random_dropout,0.3,fraction_removed,42,0,85799,85799,0,0,0.3965653897,0.4,False,
kitti_mini,000048,KITTI,test,random_dropout,0.5,fraction_removed,42,0,61084,61084,0,0,0.5717305152,0.4,True,density_deficit_exceeds_threshold
kitti_mini,000048,KITTI,test,sector_dropout,10,degrees,42,0,119639,119639,0,0,0.4619356988,0.4,True,density_deficit_exceeds_threshold
kitti_mini,000048,KITTI,test,sector_dropout,20,degrees,42,0,116394,116394,0,2,1,0.4,True,density_deficit_exceeds_threshold
kitti_mini,000048,KITTI,test,sector_dropout,30,degrees,42,0,113015,113015,0,2,1,0.4,True,density_deficit_exceeds_threshold
kitti_mini,000049,KITTI,calibration,original,0,none,42,0,113691,113691,0,0,0.2917112299,0.4,False,
kitti_mini,000049,KITTI,calibration,random_dropout,0.1,fraction_removed,42,0,102244,102244,0,0,0.3612299465,0.4,False,
kitti_mini,000049,KITTI,calibration,random_dropout,0.3,fraction_removed,42,0,79510,79510,0,0,0.5016042781,0.4,True,density_deficit_exceeds_threshold
kitti_mini,000049,KITTI,calibration,random_dropout,0.5,fraction_removed,42,0,56570,56570,0,0,0.649197861,0.4,True,density_deficit_exceeds_threshold
kitti_mini,000049,KITTI,calibration,sector_dropout,10,degrees,42,0,110704,110704,0,0,0.4984984985,0.4,True,density_deficit_exceeds_threshold
kitti_mini,000049,KITTI,calibration,sector_dropout,20,degrees,42,0,107599,107599,0,2,1,0.4,True,density_deficit_exceeds_threshold
kitti_mini,000049,KITTI,calibration,sector_dropout,30,degrees,42,0,104368,104368,0,2,1,0.4,True,density_deficit_exceeds_threshold
kitti_mini,000061,KITTI,test,original,0,none,42,0,125247,125247,0,0,0.1957119296,0.4,False,
kitti_mini,000061,KITTI,test,random_dropout,0.1,fraction_removed,42,0,112650,112650,0,0,0.2699285322,0.4,False,
kitti_mini,000061,KITTI,test,random_dropout,0.3,fraction_removed,42,0,87580,87580,0,0,0.4395272128,0.4,True,density_deficit_exceeds_threshold
kitti_mini,000061,KITTI,test,random_dropout,0.5,fraction_removed,42,0,62340,62340,0,0,0.6083012644,0.4,True,density_deficit_exceeds_threshold
kitti_mini,000061,KITTI,test,sector_dropout,10,degrees,42,0,121843,121843,0,0,0.4327660994,0.4,True,density_deficit_exceeds_threshold
kitti_mini,000061,KITTI,test,sector_dropout,20,degrees,42,0,118439,118439,0,2,1,0.4,True,density_deficit_exceeds_threshold
kitti_mini,000061,KITTI,test,sector_dropout,30,degrees,42,0,114969,114969,0,2,1,0.4,True,density_deficit_exceeds_threshold
nuscenes_mini_subset,scene-0103_000,scene-0103,calibration,original,0,none,42,90,34752,34752,0,0,0.7826802766,0.4,True,density_deficit_exceeds_threshold
nuscenes_mini_subset,scene-0103_000,scene-0103,calibration,random_dropout,0.1,fraction_removed,42,90,31318,31318,0,0,0.8037537043,0.4,True,density_deficit_exceeds_threshold
nuscenes_mini_subset,scene-0103_000,scene-0103,calibration,random_dropout,0.3,fraction_removed,42,90,24280,24280,0,0,0.8508396444,0.4,True,density_deficit_exceeds_threshold
nuscenes_mini_subset,scene-0103_000,scene-0103,calibration,random_dropout,0.5,fraction_removed,42,90,17300,17300,0,0,0.8946328614,0.4,True,density_deficit_exceeds_threshold
nuscenes_mini_subset,scene-0103_000,scene-0103,calibration,sector_dropout,10,degrees,42,90,34173,34173,0,0,0.7826802766,0.4,True,density_deficit_exceeds_threshold
nuscenes_mini_subset,scene-0103_000,scene-0103,calibration,sector_dropout,20,degrees,42,90,33489,33489,0,2,1,0.4,True,density_deficit_exceeds_threshold
nuscenes_mini_subset,scene-0103_000,scene-0103,calibration,sector_dropout,30,degrees,42,90,32758,32758,0,2,1,0.4,True,density_deficit_exceeds_threshold
nuscenes_mini_subset,scene-0103_001,scene-0103,test,original,0,none,42,90,34688,34688,0,0,0.6483993489,0.4,True,density_deficit_exceeds_threshold
nuscenes_mini_subset,scene-0103_001,scene-0103,test,random_dropout,0.1,fraction_removed,42,90,31260,31260,0,0,0.6858383071,0.4,True,density_deficit_exceeds_threshold
nuscenes_mini_subset,scene-0103_001,scene-0103,test,random_dropout,0.3,fraction_removed,42,90,24237,24237,0,0,0.757460662,0.4,True,density_deficit_exceeds_threshold
nuscenes_mini_subset,scene-0103_001,scene-0103,test,random_dropout,0.5,fraction_removed,42,90,17270,17270,0,0,0.8279978296,0.4,True,density_deficit_exceeds_threshold
nuscenes_mini_subset,scene-0103_001,scene-0103,test,sector_dropout,10,degrees,42,90,34086,34086,0,0,0.6483993489,0.4,True,density_deficit_exceeds_threshold
nuscenes_mini_subset,scene-0103_001,scene-0103,test,sector_dropout,20,degrees,42,90,33401,33401,0,2,1,0.4,True,density_deficit_exceeds_threshold
nuscenes_mini_subset,scene-0103_001,scene-0103,test,sector_dropout,30,degrees,42,90,32666,32666,0,2,1,0.4,True,density_deficit_exceeds_threshold
nuscenes_mini_subset,scene-0103_002,scene-0103,calibration,original,0,none,42,90,34752,34752,0,0,0.6652197504,0.4,True,density_deficit_exceeds_threshold
nuscenes_mini_subset,scene-0103_002,scene-0103,calibration,random_dropout,0.1,fraction_removed,42,90,31318,31318,0,0,0.7015735214,0.4,True,density_deficit_exceeds_threshold
nuscenes_mini_subset,scene-0103_002,scene-0103,calibration,random_dropout,0.3,fraction_removed,42,90,24280,24280,0,0,0.7688551275,0.4,True,density_deficit_exceeds_threshold
nuscenes_mini_subset,scene-0103_002,scene-0103,calibration,random_dropout,0.5,fraction_removed,42,90,17300,17300,0,0,0.8350515464,0.4,True,density_deficit_exceeds_threshold
nuscenes_mini_subset,scene-0103_002,scene-0103,calibration,sector_dropout,10,degrees,42,90,34178,34178,0,0,0.6652197504,0.4,True,density_deficit_exceeds_threshold
nuscenes_mini_subset,scene-0103_002,scene-0103,calibration,sector_dropout,20,degrees,42,90,33497,33497,0,2,1,0.4,True,density_deficit_exceeds_threshold
nuscenes_mini_subset,scene-0103_002,scene-0103,calibration,sector_dropout,30,degrees,42,90,32766,32766,0,2,1,0.4,True,density_deficit_exceeds_threshold
nuscenes_mini_subset,scene-0103_003,scene-0103,test,original,0,none,42,90,34720,34720,0,0,0.6950623983,0.4,True,density_deficit_exceeds_threshold
nuscenes_mini_subset,scene-0103_003,scene-0103,test,random_dropout,0.1,fraction_removed,42,90,31288,31288,0,0,0.7254476397,0.4,True,density_deficit_exceeds_threshold
nuscenes_mini_subset,scene-0103_003,scene-0103,test,random_dropout,0.3,fraction_removed,42,90,24255,24255,0,0,0.788388497,0.4,True,density_deficit_exceeds_threshold
nuscenes_mini_subset,scene-0103_003,scene-0103,test,random_dropout,0.5,fraction_removed,42,90,17283,17283,0,0,0.8475311991,0.4,True,density_deficit_exceeds_threshold
nuscenes_mini_subset,scene-0103_003,scene-0103,test,sector_dropout,10,degrees,42,90,34137,34137,0,0,0.6950623983,0.4,True,density_deficit_exceeds_threshold
nuscenes_mini_subset,scene-0103_003,scene-0103,test,sector_dropout,20,degrees,42,90,33465,33465,0,2,1,0.4,True,density_deficit_exceeds_threshold
nuscenes_mini_subset,scene-0103_003,scene-0103,test,sector_dropout,30,degrees,42,90,32743,32743,0,2,1,0.4,True,density_deficit_exceeds_threshold
nuscenes_mini_subset,scene-0103_004,scene-0103,calibration,original,0,none,42,90,34784,34784,0,0,0.7059142702,0.4,True,density_deficit_exceeds_threshold
nuscenes_mini_subset,scene-0103_004,scene-0103,calibration,random_dropout,0.1,fraction_removed,42,90,31345,31345,0,0,0.7357569181,0.4,True,density_deficit_exceeds_threshold
nuscenes_mini_subset,scene-0103_004,scene-0103,calibration,random_dropout,0.3,fraction_removed,42,90,24300,24300,0,0,0.796527401,0.4,True,density_deficit_exceeds_threshold
nuscenes_mini_subset,scene-0103_004,scene-0103,calibration,random_dropout,0.5,fraction_removed,42,90,17313,17313,0,0,0.8551275095,0.4,True,density_deficit_exceeds_threshold
nuscenes_mini_subset,scene-0103_004,scene-0103,calibration,sector_dropout,10,degrees,42,90,34196,34196,0,0,0.7059142702,0.4,True,density_deficit_exceeds_threshold
nuscenes_mini_subset,scene-0103_004,scene-0103,calibration,sector_dropout,20,degrees,42,90,33528,33528,0,2,1,0.4,True,density_deficit_exceeds_threshold
nuscenes_mini_subset,scene-0103_004,scene-0103,calibration,sector_dropout,30,degrees,42,90,32825,32825,0,2,1,0.4,True,density_deficit_exceeds_threshold
nuscenes_mini_subset,scene-0103_005,scene-0103,test,original,0,none,42,90,34720,34720,0,0,0.3824200913,0.4,False,
nuscenes_mini_subset,scene-0103_005,scene-0103,test,random_dropout,0.1,fraction_removed,42,90,31288,31288,0,0,0.4566210046,0.4,True,density_deficit_exceeds_threshold
nuscenes_mini_subset,scene-0103_005,scene-0103,test,random_dropout,0.3,fraction_removed,42,90,24255,24255,0,0,0.5799086758,0.4,True,density_deficit_exceeds_threshold
nuscenes_mini_subset,scene-0103_005,scene-0103,test,random_dropout,0.5,fraction_removed,42,90,17283,17283,0,0,0.7160775371,0.4,True,density_deficit_exceeds_threshold
nuscenes_mini_subset,scene-0103_005,scene-0103,test,sector_dropout,10,degrees,42,90,34105,34105,0,0,0.4887218045,0.4,True,density_deficit_exceeds_threshold
nuscenes_mini_subset,scene-0103_005,scene-0103,test,sector_dropout,20,degrees,42,90,33424,33424,0,2,1,0.4,True,density_deficit_exceeds_threshold
nuscenes_mini_subset,scene-0103_005,scene-0103,test,sector_dropout,30,degrees,42,90,32673,32673,0,2,1,0.4,True,density_deficit_exceeds_threshold
nuscenes_mini_subset,scene-0103_006,scene-0103,calibration,original,0,none,42,90,34688,34688,0,0,0.6939772111,0.4,True,density_deficit_exceeds_threshold
nuscenes_mini_subset,scene-0103_006,scene-0103,calibration,random_dropout,0.1,fraction_removed,42,90,31260,31260,0,0,0.7259902333,0.4,True,density_deficit_exceeds_threshold
nuscenes_mini_subset,scene-0103_006,scene-0103,calibration,random_dropout,0.3,fraction_removed,42,90,24237,24237,0,0,0.7873033098,0.4,True,density_deficit_exceeds_threshold
nuscenes_mini_subset,scene-0103_006,scene-0103,calibration,random_dropout,0.5,fraction_removed,42,90,17270,17270,0,0,0.8491589799,0.4,True,density_deficit_exceeds_threshold
nuscenes_mini_subset,scene-0103_006,scene-0103,calibration,sector_dropout,10,degrees,42,90,34101,34101,0,0,0.6939772111,0.4,True,density_deficit_exceeds_threshold
nuscenes_mini_subset,scene-0103_006,scene-0103,calibration,sector_dropout,20,degrees,42,90,33454,33454,0,2,1,0.4,True,density_deficit_exceeds_threshold
nuscenes_mini_subset,scene-0103_006,scene-0103,calibration,sector_dropout,30,degrees,42,90,32710,32710,0,2,1,0.4,True,density_deficit_exceeds_threshold
nuscenes_mini_subset,scene-0103_007,scene-0103,test,original,0,none,42,90,34688,34688,0,0,0.6543678785,0.4,True,density_deficit_exceeds_threshold
nuscenes_mini_subset,scene-0103_007,scene-0103,test,random_dropout,0.1,fraction_removed,42,90,31260,31260,0,0,0.6907216495,0.4,True,density_deficit_exceeds_threshold
nuscenes_mini_subset,scene-0103_007,scene-0103,test,random_dropout,0.3,fraction_removed,42,90,24237,24237,0,0,0.7612588171,0.4,True,density_deficit_exceeds_threshold
nuscenes_mini_subset,scene-0103_007,scene-0103,test,random_dropout,0.5,fraction_removed,42,90,17270,17270,0,0,0.8334237656,0.4,True,density_deficit_exceeds_threshold
nuscenes_mini_subset,scene-0103_007,scene-0103,test,sector_dropout,10,degrees,42,90,34100,34100,0,0,0.6543678785,0.4,True,density_deficit_exceeds_threshold
nuscenes_mini_subset,scene-0103_007,scene-0103,test,sector_dropout,20,degrees,42,90,33463,33463,0,2,1,0.4,True,density_deficit_exceeds_threshold
nuscenes_mini_subset,scene-0103_007,scene-0103,test,sector_dropout,30,degrees,42,90,32730,32730,0,2,1,0.4,True,density_deficit_exceeds_threshold
nuscenes_mini_subset,scene-0103_008,scene-0103,calibration,original,0,none,42,90,34720,34720,0,0,0.7701679289,0.4,True,density_deficit_exceeds_threshold
nuscenes_mini_subset,scene-0103_008,scene-0103,calibration,random_dropout,0.1,fraction_removed,42,90,31288,31288,0,0,0.7925584458,0.4,True,density_deficit_exceeds_threshold
nuscenes_mini_subset,scene-0103_008,scene-0103,calibration,random_dropout,0.3,fraction_removed,42,90,24255,24255,0,0,0.8393151136,0.4,True,density_deficit_exceeds_threshold
nuscenes_mini_subset,scene-0103_008,scene-0103,calibration,random_dropout,0.5,fraction_removed,42,90,17283,17283,0,0,0.8821205137,0.4,True,density_deficit_exceeds_threshold
nuscenes_mini_subset,scene-0103_008,scene-0103,calibration,sector_dropout,10,degrees,42,90,34166,34166,0,0,0.7701679289,0.4,True,density_deficit_exceeds_threshold
nuscenes_mini_subset,scene-0103_008,scene-0103,calibration,sector_dropout,20,degrees,42,90,33549,33549,0,2,1,0.4,True,density_deficit_exceeds_threshold
nuscenes_mini_subset,scene-0103_008,scene-0103,calibration,sector_dropout,30,degrees,42,90,32831,32831,0,2,1,0.4,True,density_deficit_exceeds_threshold
nuscenes_mini_subset,scene-0103_009,scene-0103,test,original,0,none,42,90,34720,34720,0,0,0.7942048074,0.4,True,density_deficit_exceeds_threshold
nuscenes_mini_subset,scene-0103_009,scene-0103,test,random_dropout,0.1,fraction_removed,42,90,31288,31288,0,0,0.8139611459,0.4,True,density_deficit_exceeds_threshold
nuscenes_mini_subset,scene-0103_009,scene-0103,test,random_dropout,0.3,fraction_removed,42,90,24255,24255,0,0,0.8561080013,0.4,True,density_deficit_exceeds_threshold
nuscenes_mini_subset,scene-0103_009,scene-0103,test,random_dropout,0.5,fraction_removed,42,90,17283,17283,0,0,0.895291406,0.4,True,density_deficit_exceeds_threshold
nuscenes_mini_subset,scene-0103_009,scene-0103,test,sector_dropout,10,degrees,42,90,34174,34174,0,0,0.7942048074,0.4,True,density_deficit_exceeds_threshold
nuscenes_mini_subset,scene-0103_009,scene-0103,test,sector_dropout,20,degrees,42,90,33561,33561,0,2,1,0.4,True,density_deficit_exceeds_threshold
nuscenes_mini_subset,scene-0103_009,scene-0103,test,sector_dropout,30,degrees,42,90,32808,32808,0,2,1,0.4,True,density_deficit_exceeds_threshold
nuscenes_mini_subset,scene-0103_010,scene-0103,calibration,original,0,none,42,90,34720,34720,0,0,0.6728160608,0.4,True,density_deficit_exceeds_threshold
nuscenes_mini_subset,scene-0103_010,scene-0103,calibration,random_dropout,0.1,fraction_removed,42,90,31288,31288,0,0,0.7080846446,0.4,True,density_deficit_exceeds_threshold
nuscenes_mini_subset,scene-0103_010,scene-0103,calibration,random_dropout,0.3,fraction_removed,42,90,24255,24255,0,0,0.7759088443,0.4,True,density_deficit_exceeds_threshold
nuscenes_mini_subset,scene-0103_010,scene-0103,calibration,random_dropout,0.5,fraction_removed,42,90,17283,17283,0,0,0.8426478568,0.4,True,density_deficit_exceeds_threshold
nuscenes_mini_subset,scene-0103_010,scene-0103,calibration,sector_dropout,10,degrees,42,90,34162,34162,0,0,0.6728160608,0.4,True,density_deficit_exceeds_threshold
nuscenes_mini_subset,scene-0103_010,scene-0103,calibration,sector_dropout,20,degrees,42,90,33505,33505,0,2,1,0.4,True,density_deficit_exceeds_threshold
nuscenes_mini_subset,scene-0103_010,scene-0103,calibration,sector_dropout,30,degrees,42,90,32755,32755,0,2,1,0.4,True,density_deficit_exceeds_threshold
nuscenes_mini_subset,scene-0103_011,scene-0103,test,original,0,none,42,90,34688,34688,0,0,0.6842105263,0.4,True,density_deficit_exceeds_threshold
nuscenes_mini_subset,scene-0103_011,scene-0103,test,random_dropout,0.1,fraction_removed,42,90,31260,31260,0,0,0.7178513294,0.4,True,density_deficit_exceeds_threshold
nuscenes_mini_subset,scene-0103_011,scene-0103,test,random_dropout,0.3,fraction_removed,42,90,24237,24237,0,0,0.7851329354,0.4,True,density_deficit_exceeds_threshold
nuscenes_mini_subset,scene-0103_011,scene-0103,test,random_dropout,0.5,fraction_removed,42,90,17270,17270,0,0,0.8491589799,0.4,True,density_deficit_exceeds_threshold
nuscenes_mini_subset,scene-0103_011,scene-0103,test,sector_dropout,10,degrees,42,90,34078,34078,0,0,0.6842105263,0.4,True,density_deficit_exceeds_threshold
nuscenes_mini_subset,scene-0103_011,scene-0103,test,sector_dropout,20,degrees,42,90,33408,33408,0,2,1,0.4,True,density_deficit_exceeds_threshold
nuscenes_mini_subset,scene-0103_011,scene-0103,test,sector_dropout,30,degrees,42,90,32649,32649,0,2,1,0.4,True,density_deficit_exceeds_threshold
nuscenes_mini_subset,scene-0103_012,scene-0103,calibration,original,0,none,42,90,34688,34688,0,0,0.6782419967,0.4,True,density_deficit_exceeds_threshold
nuscenes_mini_subset,scene-0103_012,scene-0103,calibration,random_dropout,0.1,fraction_removed,42,90,31260,31260,0,0,0.7107976126,0.4,True,density_deficit_exceeds_threshold
nuscenes_mini_subset,scene-0103_012,scene-0103,calibration,random_dropout,0.3,fraction_removed,42,90,24237,24237,0,0,0.7780792187,0.4,True,density_deficit_exceeds_threshold
nuscenes_mini_subset,scene-0103_012,scene-0103,calibration,random_dropout,0.5,fraction_removed,42,90,17270,17270,0,0,0.843733044,0.4,True,density_deficit_exceeds_threshold
nuscenes_mini_subset,scene-0103_012,scene-0103,calibration,sector_dropout,10,degrees,42,90,34076,34076,0,0,0.6782419967,0.4,True,density_deficit_exceeds_threshold
nuscenes_mini_subset,scene-0103_012,scene-0103,calibration,sector_dropout,20,degrees,42,90,33380,33380,0,2,1,0.4,True,density_deficit_exceeds_threshold
nuscenes_mini_subset,scene-0103_012,scene-0103,calibration,sector_dropout,30,degrees,42,90,32605,32605,0,2,1,0.4,True,density_deficit_exceeds_threshold
nuscenes_mini_subset,scene-0103_013,scene-0103,test,original,0,none,42,90,34688,34688,0,0,0.2136181575,0.4,False,
nuscenes_mini_subset,scene-0103_013,scene-0103,test,random_dropout,0.1,fraction_removed,42,90,31260,31260,0,0,0.2950600801,0.4,False,
nuscenes_mini_subset,scene-0103_013,scene-0103,test,random_dropout,0.3,fraction_removed,42,90,24237,24237,0,0,0.4632843792,0.4,True,density_deficit_exceeds_threshold
nuscenes_mini_subset,scene-0103_013,scene-0103,test,random_dropout,0.5,fraction_removed,42,90,17270,17270,0,0,0.6141522029,0.4,True,density_deficit_exceeds_threshold
nuscenes_mini_subset,scene-0103_013,scene-0103,test,sector_dropout,10,degrees,42,90,34061,34061,0,0,0.4736842105,0.4,True,density_deficit_exceeds_threshold
nuscenes_mini_subset,scene-0103_013,scene-0103,test,sector_dropout,20,degrees,42,90,33357,33357,0,2,1,0.4,True,density_deficit_exceeds_threshold
nuscenes_mini_subset,scene-0103_013,scene-0103,test,sector_dropout,30,degrees,42,90,32548,32548,0,2,1,0.4,True,density_deficit_exceeds_threshold
nuscenes_mini_subset,scene-0103_014,scene-0103,calibration,original,0,none,42,90,34720,34720,0,0,0.6196418882,0.4,True,density_deficit_exceeds_threshold
nuscenes_mini_subset,scene-0103_014,scene-0103,calibration,random_dropout,0.1,fraction_removed,42,90,31288,31288,0,0,0.660336408,0.4,True,density_deficit_exceeds_threshold
nuscenes_mini_subset,scene-0103_014,scene-0103,calibration,random_dropout,0.3,fraction_removed,42,90,24255,24255,0,0,0.7379272925,0.4,True,density_deficit_exceeds_threshold
nuscenes_mini_subset,scene-0103_014,scene-0103,calibration,random_dropout,0.5,fraction_removed,42,90,17283,17283,0,0,0.8166033641,0.4,True,density_deficit_exceeds_threshold
nuscenes_mini_subset,scene-0103_014,scene-0103,calibration,sector_dropout,10,degrees,42,90,34073,34073,0,0,0.6196418882,0.4,True,density_deficit_exceeds_threshold
nuscenes_mini_subset,scene-0103_014,scene-0103,calibration,sector_dropout,20,degrees,42,90,33351,33351,0,2,1,0.4,True,density_deficit_exceeds_threshold
nuscenes_mini_subset,scene-0103_014,scene-0103,calibration,sector_dropout,30,degrees,42,90,32523,32523,0,2,1,0.4,True,density_deficit_exceeds_threshold
nuscenes_mini_subset,scene-0103_015,scene-0103,test,original,0,none,42,90,34688,34688,0,0,0.4119196576,0.4,True,density_deficit_exceeds_threshold
nuscenes_mini_subset,scene-0103_015,scene-0103,test,random_dropout,0.1,fraction_removed,42,90,31260,31260,0,0,0.471188673,0.4,True,density_deficit_exceeds_threshold
nuscenes_mini_subset,scene-0103_015,scene-0103,test,random_dropout,0.3,fraction_removed,42,90,24237,24237,0,0,0.5946657886,0.4,True,density_deficit_exceeds_threshold
nuscenes_mini_subset,scene-0103_015,scene-0103,test,random_dropout,0.5,fraction_removed,42,90,17270,17270,0,0,0.7089232796,0.4,True,density_deficit_exceeds_threshold
nuscenes_mini_subset,scene-0103_015,scene-0103,test,sector_dropout,10,degrees,42,90,34032,34032,0,0,0.4736842105,0.4,True,density_deficit_exceeds_threshold
nuscenes_mini_subset,scene-0103_015,scene-0103,test,sector_dropout,20,degrees,42,90,33326,33326,0,2,1,0.4,True,density_deficit_exceeds_threshold
nuscenes_mini_subset,scene-0103_015,scene-0103,test,sector_dropout,30,degrees,42,90,32508,32508,0,2,1,0.4,True,density_deficit_exceeds_threshold
nuscenes_mini_subset,scene-0103_016,scene-0103,calibration,original,0,none,42,90,34720,34720,0,0,0.6652197504,0.4,True,density_deficit_exceeds_threshold
nuscenes_mini_subset,scene-0103_016,scene-0103,calibration,random_dropout,0.1,fraction_removed,42,90,31288,31288,0,0,0.699403147,0.4,True,density_deficit_exceeds_threshold
nuscenes_mini_subset,scene-0103_016,scene-0103,calibration,random_dropout,0.3,fraction_removed,42,90,24255,24255,0,0,0.7677699403,0.4,True,density_deficit_exceeds_threshold
nuscenes_mini_subset,scene-0103_016,scene-0103,calibration,random_dropout,0.5,fraction_removed,42,90,17283,17283,0,0,0.8372219208,0.4,True,density_deficit_exceeds_threshold
nuscenes_mini_subset,scene-0103_016,scene-0103,calibration,sector_dropout,10,degrees,42,90,34055,34055,0,0,0.6652197504,0.4,True,density_deficit_exceeds_threshold
nuscenes_mini_subset,scene-0103_016,scene-0103,calibration,sector_dropout,20,degrees,42,90,33363,33363,0,2,1,0.4,True,density_deficit_exceeds_threshold
nuscenes_mini_subset,scene-0103_016,scene-0103,calibration,sector_dropout,30,degrees,42,90,32545,32545,0,2,1,0.4,True,density_deficit_exceeds_threshold
nuscenes_mini_subset,scene-0103_017,scene-0103,test,original,0,none,42,90,34720,34720,0,0,0.6391752577,0.4,True,density_deficit_exceeds_threshold
nuscenes_mini_subset,scene-0103_017,scene-0103,test,random_dropout,0.1,fraction_removed,42,90,31288,31288,0,0,0.6771568095,0.4,True,density_deficit_exceeds_threshold
nuscenes_mini_subset,scene-0103_017,scene-0103,test,random_dropout,0.3,fraction_removed,42,90,24255,24255,0,0,0.7514921324,0.4,True,density_deficit_exceeds_threshold
nuscenes_mini_subset,scene-0103_017,scene-0103,test,random_dropout,0.5,fraction_removed,42,90,17283,17283,0,0,0.8214867065,0.4,True,density_deficit_exceeds_threshold
nuscenes_mini_subset,scene-0103_017,scene-0103,test,sector_dropout,10,degrees,42,90,34063,34063,0,0,0.6391752577,0.4,True,density_deficit_exceeds_threshold
nuscenes_mini_subset,scene-0103_017,scene-0103,test,sector_dropout,20,degrees,42,90,33366,33366,0,2,1,0.4,True,density_deficit_exceeds_threshold
nuscenes_mini_subset,scene-0103_017,scene-0103,test,sector_dropout,30,degrees,42,90,32561,32561,0,2,1,0.4,True,density_deficit_exceeds_threshold
nuscenes_mini_subset,scene-0103_018,scene-0103,calibration,original,0,none,42,90,34784,34784,0,0,0.5492262101,0.4,True,density_deficit_exceeds_threshold
nuscenes_mini_subset,scene-0103_018,scene-0103,calibration,random_dropout,0.1,fraction_removed,42,90,31345,31345,0,0,0.5956536055,0.4,True,density_deficit_exceeds_threshold
nuscenes_mini_subset,scene-0103_018,scene-0103,calibration,random_dropout,0.3,fraction_removed,42,90,24300,24300,0,0,0.6957523872,0.4,True,density_deficit_exceeds_threshold
nuscenes_mini_subset,scene-0103_018,scene-0103,calibration,random_dropout,0.5,fraction_removed,42,90,17313,17313,0,0,0.7816924597,0.4,True,density_deficit_exceeds_threshold
nuscenes_mini_subset,scene-0103_018,scene-0103,calibration,sector_dropout,10,degrees,42,90,34149,34149,0,0,0.5492262101,0.4,True,density_deficit_exceeds_threshold
nuscenes_mini_subset,scene-0103_018,scene-0103,calibration,sector_dropout,20,degrees,42,90,33454,33454,0,2,1,0.4,True,density_deficit_exceeds_threshold
nuscenes_mini_subset,scene-0103_018,scene-0103,calibration,sector_dropout,30,degrees,42,90,32635,32635,0,2,1,0.4,True,density_deficit_exceeds_threshold
nuscenes_mini_subset,scene-0103_019,scene-0103,test,original,0,none,42,90,34784,34784,0,0,0.6077048291,0.4,True,density_deficit_exceeds_threshold
nuscenes_mini_subset,scene-0103_019,scene-0103,test,random_dropout,0.1,fraction_removed,42,90,31345,31345,0,0,0.6483993489,0.4,True,density_deficit_exceeds_threshold
nuscenes_mini_subset,scene-0103_019,scene-0103,test,random_dropout,0.3,fraction_removed,42,90,24300,24300,0,0,0.7303309821,0.4,True,density_deficit_exceeds_threshold
nuscenes_mini_subset,scene-0103_019,scene-0103,test,random_dropout,0.5,fraction_removed,42,90,17313,17313,0,0,0.8122626153,0.4,True,density_deficit_exceeds_threshold
nuscenes_mini_subset,scene-0103_019,scene-0103,test,sector_dropout,10,degrees,42,90,34123,34123,0,0,0.6077048291,0.4,True,density_deficit_exceeds_threshold
nuscenes_mini_subset,scene-0103_019,scene-0103,test,sector_dropout,20,degrees,42,90,33427,33427,0,2,1,0.4,True,density_deficit_exceeds_threshold
nuscenes_mini_subset,scene-0103_019,scene-0103,test,sector_dropout,30,degrees,42,90,32594,32594,0,2,1,0.4,True,density_deficit_exceeds_threshold
nuscenes_mini_subset,scene-0103_020,scene-0103,calibration,original,0,none,42,90,34752,34752,0,0,0.4498100922,0.4,True,density_deficit_exceeds_threshold
nuscenes_mini_subset,scene-0103_020,scene-0103,calibration,random_dropout,0.1,fraction_removed,42,90,31318,31318,0,0,0.5024416712,0.4,True,density_deficit_exceeds_threshold
nuscenes_mini_subset,scene-0103_020,scene-0103,calibration,random_dropout,0.3,fraction_removed,42,90,24280,24280,0,0,0.6169289202,0.4,True,density_deficit_exceeds_threshold
nuscenes_mini_subset,scene-0103_020,scene-0103,calibration,random_dropout,0.5,fraction_removed,42,90,17300,17300,0,0,0.7308735757,0.4,True,density_deficit_exceeds_threshold
nuscenes_mini_subset,scene-0103_020,scene-0103,calibration,sector_dropout,10,degrees,42,90,34095,34095,0,0,0.4751879699,0.4,True,density_deficit_exceeds_threshold
nuscenes_mini_subset,scene-0103_020,scene-0103,calibration,sector_dropout,20,degrees,42,90,33395,33395,0,2,1,0.4,True,density_deficit_exceeds_threshold
nuscenes_mini_subset,scene-0103_020,scene-0103,calibration,sector_dropout,30,degrees,42,90,32563,32563,0,2,1,0.4,True,density_deficit_exceeds_threshold
nuscenes_mini_subset,scene-0103_021,scene-0103,test,original,0,none,42,90,34752,34752,0,0,0.6733586544,0.4,True,density_deficit_exceeds_threshold
nuscenes_mini_subset,scene-0103_021,scene-0103,test,random_dropout,0.1,fraction_removed,42,90,31318,31318,0,0,0.7091698318,0.4,True,density_deficit_exceeds_threshold
nuscenes_mini_subset,scene-0103_021,scene-0103,test,random_dropout,0.3,fraction_removed,42,90,24280,24280,0,0,0.7764514379,0.4,True,density_deficit_exceeds_threshold
nuscenes_mini_subset,scene-0103_021,scene-0103,test,random_dropout,0.5,fraction_removed,42,90,17300,17300,0,0,0.8415626696,0.4,True,density_deficit_exceeds_threshold
nuscenes_mini_subset,scene-0103_021,scene-0103,test,sector_dropout,10,degrees,42,90,34105,34105,0,0,0.6733586544,0.4,True,density_deficit_exceeds_threshold
nuscenes_mini_subset,scene-0103_021,scene-0103,test,sector_dropout,20,degrees,42,90,33414,33414,0,2,1,0.4,True,density_deficit_exceeds_threshold
nuscenes_mini_subset,scene-0103_021,scene-0103,test,sector_dropout,30,degrees,42,90,32584,32584,0,2,1,0.4,True,density_deficit_exceeds_threshold
nuscenes_mini_subset,scene-0103_022,scene-0103,calibration,original,0,none,42,90,34752,34752,0,0,0.6435160065,0.4,True,density_deficit_exceeds_threshold
nuscenes_mini_subset,scene-0103_022,scene-0103,calibration,random_dropout,0.1,fraction_removed,42,90,31318,31318,0,0,0.6809549647,0.4,True,density_deficit_exceeds_threshold
nuscenes_mini_subset,scene-0103_022,scene-0103,calibration,random_dropout,0.3,fraction_removed,42,90,24280,24280,0,0,0.7525773196,0.4,True,density_deficit_exceeds_threshold
nuscenes_mini_subset,scene-0103_022,scene-0103,calibration,random_dropout,0.5,fraction_removed,42,90,17300,17300,0,0,0.8220293001,0.4,True,density_deficit_exceeds_threshold
nuscenes_mini_subset,scene-0103_022,scene-0103,calibration,sector_dropout,10,degrees,42,90,34111,34111,0,0,0.6435160065,0.4,True,density_deficit_exceeds_threshold
nuscenes_mini_subset,scene-0103_022,scene-0103,calibration,sector_dropout,20,degrees,42,90,33441,33441,0,2,1,0.4,True,density_deficit_exceeds_threshold
nuscenes_mini_subset,scene-0103_022,scene-0103,calibration,sector_dropout,30,degrees,42,90,32621,32621,0,2,1,0.4,True,density_deficit_exceeds_threshold
nuscenes_mini_subset,scene-0103_023,scene-0103,test,original,0,none,42,90,34720,34720,0,0,0.6272637471,0.4,True,density_deficit_exceeds_threshold
nuscenes_mini_subset,scene-0103_023,scene-0103,test,random_dropout,0.1,fraction_removed,42,90,31288,31288,0,0,0.6631544287,0.4,True,density_deficit_exceeds_threshold
nuscenes_mini_subset,scene-0103_023,scene-0103,test,random_dropout,0.3,fraction_removed,42,90,24255,24255,0,0,0.7349357919,0.4,True,density_deficit_exceeds_threshold
nuscenes_mini_subset,scene-0103_023,scene-0103,test,random_dropout,0.5,fraction_removed,42,90,17283,17283,0,0,0.8123147843,0.4,True,density_deficit_exceeds_threshold
nuscenes_mini_subset,scene-0103_023,scene-0103,test,sector_dropout,10,degrees,42,90,34089,34089,0,0,0.6272637471,0.4,True,density_deficit_exceeds_threshold
nuscenes_mini_subset,scene-0103_023,scene-0103,test,sector_dropout,20,degrees,42,90,33403,33403,0,2,1,0.4,True,density_deficit_exceeds_threshold
nuscenes_mini_subset,scene-0103_023,scene-0103,test,sector_dropout,30,degrees,42,90,32595,32595,0,2,1,0.4,True,density_deficit_exceeds_threshold
nuscenes_mini_subset,scene-0103_024,scene-0103,calibration,original,0,none,42,90,34688,34688,0,0,0.576776994,0.4,True,density_deficit_exceeds_threshold
nuscenes_mini_subset,scene-0103_024,scene-0103,calibration,random_dropout,0.1,fraction_removed,42,90,31260,31260,0,0,0.6180141074,0.4,True,density_deficit_exceeds_threshold
nuscenes_mini_subset,scene-0103_024,scene-0103,calibration,random_dropout,0.3,fraction_removed,42,90,24237,24237,0,0,0.7069994574,0.4,True,density_deficit_exceeds_threshold
nuscenes_mini_subset,scene-0103_024,scene-0103,calibration,random_dropout,0.5,fraction_removed,42,90,17270,17270,0,0,0.796527401,0.4,True,density_deficit_exceeds_threshold
nuscenes_mini_subset,scene-0103_024,scene-0103,calibration,sector_dropout,10,degrees,42,90,34055,34055,0,0,0.576776994,0.4,True,density_deficit_exceeds_threshold
nuscenes_mini_subset,scene-0103_024,scene-0103,calibration,sector_dropout,20,degrees,42,90,33385,33385,0,2,1,0.4,True,density_deficit_exceeds_threshold
nuscenes_mini_subset,scene-0103_024,scene-0103,calibration,sector_dropout,30,degrees,42,90,32584,32584,0,2,1,0.4,True,density_deficit_exceeds_threshold
nuscenes_mini_subset,scene-0103_025,scene-0103,test,original,0,none,42,90,34688,34688,0,0,0.7902535397,0.4,True,density_deficit_exceeds_threshold
nuscenes_mini_subset,scene-0103_025,scene-0103,test,random_dropout,0.1,fraction_removed,42,90,31260,31260,0,0,0.8106684228,0.4,True,density_deficit_exceeds_threshold
nuscenes_mini_subset,scene-0103_025,scene-0103,test,random_dropout,0.3,fraction_removed,42,90,24237,24237,0,0,0.8505103721,0.4,True,density_deficit_exceeds_threshold
nuscenes_mini_subset,scene-0103_025,scene-0103,test,random_dropout,0.5,fraction_removed,42,90,17270,17270,0,0,0.8913401383,0.4,True,density_deficit_exceeds_threshold
nuscenes_mini_subset,scene-0103_025,scene-0103,test,sector_dropout,10,degrees,42,90,34068,34068,0,0,0.7902535397,0.4,True,density_deficit_exceeds_threshold
nuscenes_mini_subset,scene-0103_025,scene-0103,test,sector_dropout,20,degrees,42,90,33409,33409,0,2,1,0.4,True,density_deficit_exceeds_threshold
nuscenes_mini_subset,scene-0103_025,scene-0103,test,sector_dropout,30,degrees,42,90,32630,32630,0,2,1,0.4,True,density_deficit_exceeds_threshold
nuscenes_mini_subset,scene-0103_026,scene-0103,calibration,original,0,none,42,90,34688,34688,0,0,0.773460652,0.4,True,density_deficit_exceeds_threshold
nuscenes_mini_subset,scene-0103_026,scene-0103,calibration,random_dropout,0.1,fraction_removed,42,90,31260,31260,0,0,0.7945340797,0.4,True,density_deficit_exceeds_threshold
nuscenes_mini_subset,scene-0103_026,scene-0103,calibration,random_dropout,0.3,fraction_removed,42,90,24237,24237,0,0,0.8406322028,0.4,True,density_deficit_exceeds_threshold
nuscenes_mini_subset,scene-0103_026,scene-0103,calibration,random_dropout,0.5,fraction_removed,42,90,17270,17270,0,0,0.8877181429,0.4,True,density_deficit_exceeds_threshold
nuscenes_mini_subset,scene-0103_026,scene-0103,calibration,sector_dropout,10,degrees,42,90,34086,34086,0,0,0.773460652,0.4,True,density_deficit_exceeds_threshold
nuscenes_mini_subset,scene-0103_026,scene-0103,calibration,sector_dropout,20,degrees,42,90,33423,33423,0,2,1,0.4,True,density_deficit_exceeds_threshold
nuscenes_mini_subset,scene-0103_026,scene-0103,calibration,sector_dropout,30,degrees,42,90,32672,32672,0,2,1,0.4,True,density_deficit_exceeds_threshold
nuscenes_mini_subset,scene-0103_027,scene-0103,test,original,0,none,42,90,34752,34752,0,0,0.6521975041,0.4,True,density_deficit_exceeds_threshold
nuscenes_mini_subset,scene-0103_027,scene-0103,test,random_dropout,0.1,fraction_removed,42,90,31318,31318,0,0,0.6874660879,0.4,True,density_deficit_exceeds_threshold
nuscenes_mini_subset,scene-0103_027,scene-0103,test,random_dropout,0.3,fraction_removed,42,90,24280,24280,0,0,0.7569180684,0.4,True,density_deficit_exceeds_threshold
nuscenes_mini_subset,scene-0103_027,scene-0103,test,random_dropout,0.5,fraction_removed,42,90,17300,17300,0,0,0.8263700488,0.4,True,density_deficit_exceeds_threshold
nuscenes_mini_subset,scene-0103_027,scene-0103,test,sector_dropout,10,degrees,42,90,34167,34167,0,0,0.6521975041,0.4,True,density_deficit_exceeds_threshold
nuscenes_mini_subset,scene-0103_027,scene-0103,test,sector_dropout,20,degrees,42,90,33521,33521,0,2,1,0.4,True,density_deficit_exceeds_threshold
nuscenes_mini_subset,scene-0103_027,scene-0103,test,sector_dropout,30,degrees,42,90,32768,32768,0,2,1,0.4,True,density_deficit_exceeds_threshold
nuscenes_mini_subset,scene-0103_028,scene-0103,calibration,original,0,none,42,90,34720,34720,0,0,0.7843266381,0.4,True,density_deficit_exceeds_threshold
nuscenes_mini_subset,scene-0103_028,scene-0103,calibration,random_dropout,0.1,fraction_removed,42,90,31288,31288,0,0,0.8050707935,0.4,True,density_deficit_exceeds_threshold
nuscenes_mini_subset,scene-0103_028,scene-0103,calibration,random_dropout,0.3,fraction_removed,42,90,24255,24255,0,0,0.8482054659,0.4,True,density_deficit_exceeds_threshold
nuscenes_mini_subset,scene-0103_028,scene-0103,calibration,random_dropout,0.5,fraction_removed,42,90,17283,17283,0,0,0.8890352321,0.4,True,density_deficit_exceeds_threshold
nuscenes_mini_subset,scene-0103_028,scene-0103,calibration,sector_dropout,10,degrees,42,90,34151,34151,0,0,0.7843266381,0.4,True,density_deficit_exceeds_threshold
nuscenes_mini_subset,scene-0103_028,scene-0103,calibration,sector_dropout,20,degrees,42,90,33510,33510,0,2,1,0.4,True,density_deficit_exceeds_threshold
nuscenes_mini_subset,scene-0103_028,scene-0103,calibration,sector_dropout,30,degrees,42,90,32755,32755,0,2,1,0.4,True,density_deficit_exceeds_threshold
nuscenes_mini_subset,scene-0103_029,scene-0103,test,original,0,none,42,90,34720,34720,0,0,0.4134563212,0.4,True,density_deficit_exceeds_threshold
nuscenes_mini_subset,scene-0103_029,scene-0103,test,random_dropout,0.1,fraction_removed,42,90,31288,31288,0,0,0.4742268041,0.4,True,density_deficit_exceeds_threshold
nuscenes_mini_subset,scene-0103_029,scene-0103,test,random_dropout,0.3,fraction_removed,42,90,24255,24255,0,0,0.5957677699,0.4,True,density_deficit_exceeds_threshold
nuscenes_mini_subset,scene-0103_029,scene-0103,test,random_dropout,0.5,fraction_removed,42,90,17283,17283,0,0,0.7145957678,0.4,True,density_deficit_exceeds_threshold
nuscenes_mini_subset,scene-0103_029,scene-0103,test,sector_dropout,10,degrees,42,90,34160,34160,0,0,0.5428571429,0.4,True,density_deficit_exceeds_threshold
nuscenes_mini_subset,scene-0103_029,scene-0103,test,sector_dropout,20,degrees,42,90,33514,33514,0,2,1,0.4,True,density_deficit_exceeds_threshold
nuscenes_mini_subset,scene-0103_029,scene-0103,test,sector_dropout,30,degrees,42,90,32798,32798,0,2,1,0.4,True,density_deficit_exceeds_threshold
nuscenes_mini_subset,scene-0103_030,scene-0103,calibration,original,0,none,42,90,34688,34688,0,0,0.8106684228,0.4,True,density_deficit_exceeds_threshold
nuscenes_mini_subset,scene-0103_030,scene-0103,calibration,random_dropout,0.1,fraction_removed,42,90,31260,31260,0,0,0.8297662167,0.4,True,density_deficit_exceeds_threshold
nuscenes_mini_subset,scene-0103_030,scene-0103,calibration,random_dropout,0.3,fraction_removed,42,90,24237,24237,0,0,0.8663154429,0.4,True,density_deficit_exceeds_threshold
nuscenes_mini_subset,scene-0103_030,scene-0103,calibration,random_dropout,0.5,fraction_removed,42,90,17270,17270,0,0,0.9031939414,0.4,True,density_deficit_exceeds_threshold
nuscenes_mini_subset,scene-0103_030,scene-0103,calibration,sector_dropout,10,degrees,42,90,34127,34127,0,0,0.8106684228,0.4,True,density_deficit_exceeds_threshold
nuscenes_mini_subset,scene-0103_030,scene-0103,calibration,sector_dropout,20,degrees,42,90,33482,33482,0,2,1,0.4,True,density_deficit_exceeds_threshold
nuscenes_mini_subset,scene-0103_030,scene-0103,calibration,sector_dropout,30,degrees,42,90,32731,32731,0,2,1,0.4,True,density_deficit_exceeds_threshold
nuscenes_mini_subset,scene-0103_031,scene-0103,test,original,0,none,42,90,34688,34688,0,0,0.8103391505,0.4,True,density_deficit_exceeds_threshold
nuscenes_mini_subset,scene-0103_031,scene-0103,test,random_dropout,0.1,fraction_removed,42,90,31260,31260,0,0,0.8287783997,0.4,True,density_deficit_exceeds_threshold
nuscenes_mini_subset,scene-0103_031,scene-0103,test,random_dropout,0.3,fraction_removed,42,90,24237,24237,0,0,0.8653276259,0.4,True,density_deficit_exceeds_threshold
nuscenes_mini_subset,scene-0103_031,scene-0103,test,random_dropout,0.5,fraction_removed,42,90,17270,17270,0,0,0.9028646691,0.4,True,density_deficit_exceeds_threshold
nuscenes_mini_subset,scene-0103_031,scene-0103,test,sector_dropout,10,degrees,42,90,34138,34138,0,0,0.8103391505,0.4,True,density_deficit_exceeds_threshold
nuscenes_mini_subset,scene-0103_031,scene-0103,test,sector_dropout,20,degrees,42,90,33506,33506,0,2,1,0.4,True,density_deficit_exceeds_threshold
nuscenes_mini_subset,scene-0103_031,scene-0103,test,sector_dropout,30,degrees,42,90,32761,32761,0,2,1,0.4,True,density_deficit_exceeds_threshold
nuscenes_mini_subset,scene-0103_032,scene-0103,calibration,original,0,none,42,90,34752,34752,0,0,0.8109976951,0.4,True,density_deficit_exceeds_threshold
nuscenes_mini_subset,scene-0103_032,scene-0103,calibration,random_dropout,0.1,fraction_removed,42,90,31318,31318,0,0,0.8297662167,0.4,True,density_deficit_exceeds_threshold
nuscenes_mini_subset,scene-0103_032,scene-0103,calibration,random_dropout,0.3,fraction_removed,42,90,24280,24280,0,0,0.8676325321,0.4,True,density_deficit_exceeds_threshold
nuscenes_mini_subset,scene-0103_032,scene-0103,calibration,random_dropout,0.5,fraction_removed,42,90,17300,17300,0,0,0.9048403029,0.4,True,density_deficit_exceeds_threshold
nuscenes_mini_subset,scene-0103_032,scene-0103,calibration,sector_dropout,10,degrees,42,90,34206,34206,0,0,0.8109976951,0.4,True,density_deficit_exceeds_threshold
nuscenes_mini_subset,scene-0103_032,scene-0103,calibration,sector_dropout,20,degrees,42,90,33570,33570,0,2,1,0.4,True,density_deficit_exceeds_threshold
nuscenes_mini_subset,scene-0103_032,scene-0103,calibration,sector_dropout,30,degrees,42,90,32828,32828,0,2,1,0.4,True,density_deficit_exceeds_threshold
nuscenes_mini_subset,scene-0103_033,scene-0103,test,original,0,none,42,90,34784,34784,0,0,0.8152782351,0.4,True,density_deficit_exceeds_threshold
nuscenes_mini_subset,scene-0103_033,scene-0103,test,random_dropout,0.1,fraction_removed,42,90,31345,31345,0,0,0.8353638459,0.4,True,density_deficit_exceeds_threshold
nuscenes_mini_subset,scene-0103_033,scene-0103,test,random_dropout,0.3,fraction_removed,42,90,24300,24300,0,0,0.8742179783,0.4,True,density_deficit_exceeds_threshold
nuscenes_mini_subset,scene-0103_033,scene-0103,test,random_dropout,0.5,fraction_removed,42,90,17313,17313,0,0,0.9107672045,0.4,True,density_deficit_exceeds_threshold
nuscenes_mini_subset,scene-0103_033,scene-0103,test,sector_dropout,10,degrees,42,90,34224,34224,0,0,0.8152782351,0.4,True,density_deficit_exceeds_threshold
nuscenes_mini_subset,scene-0103_033,scene-0103,test,sector_dropout,20,degrees,42,90,33602,33602,0,2,1,0.4,True,density_deficit_exceeds_threshold
nuscenes_mini_subset,scene-0103_033,scene-0103,test,sector_dropout,30,degrees,42,90,32854,32854,0,2,1,0.4,True,density_deficit_exceeds_threshold
nuscenes_mini_subset,scene-0103_034,scene-0103,calibration,original,0,none,42,90,34688,34688,0,0,0.2034902865,0.4,False,
nuscenes_mini_subset,scene-0103_034,scene-0103,calibration,random_dropout,0.1,fraction_removed,42,90,31260,31260,0,0,0.2835034574,0.4,False,
nuscenes_mini_subset,scene-0103_034,scene-0103,calibration,random_dropout,0.3,fraction_removed,42,90,24237,24237,0,0,0.4445176161,0.4,True,density_deficit_exceeds_threshold
nuscenes_mini_subset,scene-0103_034,scene-0103,calibration,random_dropout,0.5,fraction_removed,42,90,17270,17270,0,0,0.6195488722,0.4,True,density_deficit_exceeds_threshold
nuscenes_mini_subset,scene-0103_034,scene-0103,calibration,sector_dropout,10,degrees,42,90,34149,34149,0,0,0.5714285714,0.4,True,density_deficit_exceeds_threshold
nuscenes_mini_subset,scene-0103_034,scene-0103,calibration,sector_dropout,20,degrees,42,90,33512,33512,0,2,1,0.4,True,density_deficit_exceeds_threshold
nuscenes_mini_subset,scene-0103_034,scene-0103,calibration,sector_dropout,30,degrees,42,90,32762,32762,0,2,1,0.4,True,density_deficit_exceeds_threshold
nuscenes_mini_subset,scene-0103_035,scene-0103,test,original,0,none,42,90,34720,34720,0,0,0.8189002305,0.4,True,density_deficit_exceeds_threshold
nuscenes_mini_subset,scene-0103_035,scene-0103,test,random_dropout,0.1,fraction_removed,42,90,31288,31288,0,0,0.8363516628,0.4,True,density_deficit_exceeds_threshold
nuscenes_mini_subset,scene-0103_035,scene-0103,test,random_dropout,0.3,fraction_removed,42,90,24255,24255,0,0,0.8709252552,0.4,True,density_deficit_exceeds_threshold
nuscenes_mini_subset,scene-0103_035,scene-0103,test,random_dropout,0.5,fraction_removed,42,90,17283,17283,0,0,0.9061573922,0.4,True,density_deficit_exceeds_threshold
nuscenes_mini_subset,scene-0103_035,scene-0103,test,sector_dropout,10,degrees,42,90,34161,34161,0,0,0.8189002305,0.4,True,density_deficit_exceeds_threshold
nuscenes_mini_subset,scene-0103_035,scene-0103,test,sector_dropout,20,degrees,42,90,33562,33562,0,2,1,0.4,True,density_deficit_exceeds_threshold
nuscenes_mini_subset,scene-0103_035,scene-0103,test,sector_dropout,30,degrees,42,90,32824,32824,0,2,1,0.4,True,density_deficit_exceeds_threshold
nuscenes_mini_subset,scene-0103_036,scene-0103,calibration,original,0,none,42,90,34752,34752,0,0,0.8096806059,0.4,True,density_deficit_exceeds_threshold
nuscenes_mini_subset,scene-0103_036,scene-0103,calibration,random_dropout,0.1,fraction_removed,42,90,31318,31318,0,0,0.8297662167,0.4,True,density_deficit_exceeds_threshold
nuscenes_mini_subset,scene-0103_036,scene-0103,calibration,random_dropout,0.3,fraction_removed,42,90,24280,24280,0,0,0.869608166,0.4,True,density_deficit_exceeds_threshold
nuscenes_mini_subset,scene-0103_036,scene-0103,calibration,random_dropout,0.5,fraction_removed,42,90,17300,17300,0,0,0.9061573922,0.4,True,density_deficit_exceeds_threshold
nuscenes_mini_subset,scene-0103_036,scene-0103,calibration,sector_dropout,10,degrees,42,90,34202,34202,0,0,0.8096806059,0.4,True,density_deficit_exceeds_threshold
nuscenes_mini_subset,scene-0103_036,scene-0103,calibration,sector_dropout,20,degrees,42,90,33570,33570,0,2,1,0.4,True,density_deficit_exceeds_threshold
nuscenes_mini_subset,scene-0103_036,scene-0103,calibration,sector_dropout,30,degrees,42,90,32829,32829,0,2,1,0.4,True,density_deficit_exceeds_threshold
nuscenes_mini_subset,scene-0103_037,scene-0103,test,original,0,none,42,90,34720,34720,0,0,0.811985512,0.4,True,density_deficit_exceeds_threshold
nuscenes_mini_subset,scene-0103_037,scene-0103,test,random_dropout,0.1,fraction_removed,42,90,31288,31288,0,0,0.8310833059,0.4,True,density_deficit_exceeds_threshold
nuscenes_mini_subset,scene-0103_037,scene-0103,test,random_dropout,0.3,fraction_removed,42,90,24255,24255,0,0,0.8679618044,0.4,True,density_deficit_exceeds_threshold
nuscenes_mini_subset,scene-0103_037,scene-0103,test,random_dropout,0.5,fraction_removed,42,90,17283,17283,0,0,0.9045110306,0.4,True,density_deficit_exceeds_threshold
nuscenes_mini_subset,scene-0103_037,scene-0103,test,sector_dropout,10,degrees,42,90,34170,34170,0,0,0.811985512,0.4,True,density_deficit_exceeds_threshold
nuscenes_mini_subset,scene-0103_037,scene-0103,test,sector_dropout,20,degrees,42,90,33573,33573,0,2,1,0.4,True,density_deficit_exceeds_threshold
nuscenes_mini_subset,scene-0103_037,scene-0103,test,sector_dropout,30,degrees,42,90,32829,32829,0,2,1,0.4,True,density_deficit_exceeds_threshold
nuscenes_mini_subset,scene-0103_038,scene-0103,calibration,original,0,none,42,90,34752,34752,0,0,0.6424308193,0.4,True,density_deficit_exceeds_threshold
nuscenes_mini_subset,scene-0103_038,scene-0103,calibration,random_dropout,0.1,fraction_removed,42,90,31318,31318,0,0,0.6825827455,0.4,True,density_deficit_exceeds_threshold
nuscenes_mini_subset,scene-0103_038,scene-0103,calibration,random_dropout,0.3,fraction_removed,42,90,24280,24280,0,0,0.7542051004,0.4,True,density_deficit_exceeds_threshold
nuscenes_mini_subset,scene-0103_038,scene-0103,calibration,random_dropout,0.5,fraction_removed,42,90,17300,17300,0,0,0.8285404232,0.4,True,density_deficit_exceeds_threshold
nuscenes_mini_subset,scene-0103_038,scene-0103,calibration,sector_dropout,10,degrees,42,90,34195,34195,0,0,0.6424308193,0.4,True,density_deficit_exceeds_threshold
nuscenes_mini_subset,scene-0103_038,scene-0103,calibration,sector_dropout,20,degrees,42,90,33560,33560,0,2,1,0.4,True,density_deficit_exceeds_threshold
nuscenes_mini_subset,scene-0103_038,scene-0103,calibration,sector_dropout,30,degrees,42,90,32820,32820,0,2,1,0.4,True,density_deficit_exceeds_threshold
nuscenes_mini_subset,scene-0103_039,scene-0103,test,original,0,none,42,90,34720,34720,0,0,0.8179124136,0.4,True,density_deficit_exceeds_threshold
nuscenes_mini_subset,scene-0103_039,scene-0103,test,random_dropout,0.1,fraction_removed,42,90,31288,31288,0,0,0.8366809351,0.4,True,density_deficit_exceeds_threshold
nuscenes_mini_subset,scene-0103_039,scene-0103,test,random_dropout,0.3,fraction_removed,42,90,24255,24255,0,0,0.8722423444,0.4,True,density_deficit_exceeds_threshold
nuscenes_mini_subset,scene-0103_039,scene-0103,test,random_dropout,0.5,fraction_removed,42,90,17283,17283,0,0,0.908133026,0.4,True,density_deficit_exceeds_threshold
nuscenes_mini_subset,scene-0103_039,scene-0103,test,sector_dropout,10,degrees,42,90,34189,34189,0,0,0.8179124136,0.4,True,density_deficit_exceeds_threshold
nuscenes_mini_subset,scene-0103_039,scene-0103,test,sector_dropout,20,degrees,42,90,33586,33586,0,2,1,0.4,True,density_deficit_exceeds_threshold
nuscenes_mini_subset,scene-0103_039,scene-0103,test,sector_dropout,30,degrees,42,90,32845,32845,0,2,1,0.4,True,density_deficit_exceeds_threshold
nuscenes_mini_subset,scene-1094_000,scene-1094,calibration,original,0,none,42,90,34400,34400,0,0,0.5802997859,0.4,True,density_deficit_exceeds_threshold
nuscenes_mini_subset,scene-1094_000,scene-1094,calibration,random_dropout,0.1,fraction_removed,42,90,31003,31003,0,0,0.6209850107,0.4,True,density_deficit_exceeds_threshold
nuscenes_mini_subset,scene-1094_000,scene-1094,calibration,random_dropout,0.3,fraction_removed,42,90,24033,24033,0,0,0.7194860814,0.4,True,density_deficit_exceeds_threshold
nuscenes_mini_subset,scene-1094_000,scene-1094,calibration,random_dropout,0.5,fraction_removed,42,90,17119,17119,0,0,0.8094218415,0.4,True,density_deficit_exceeds_threshold
nuscenes_mini_subset,scene-1094_000,scene-1094,calibration,sector_dropout,10,degrees,42,90,33517,33517,0,0,0.5802997859,0.4,True,density_deficit_exceeds_threshold
nuscenes_mini_subset,scene-1094_000,scene-1094,calibration,sector_dropout,20,degrees,42,90,32616,32616,0,2,1,0.4,True,density_deficit_exceeds_threshold
nuscenes_mini_subset,scene-1094_000,scene-1094,calibration,sector_dropout,30,degrees,42,90,31737,31737,0,2,1,0.4,True,density_deficit_exceeds_threshold
nuscenes_mini_subset,scene-1094_001,scene-1094,test,original,0,none,42,90,34688,34688,0,0,0.5728051392,0.4,True,density_deficit_exceeds_threshold
nuscenes_mini_subset,scene-1094_001,scene-1094,test,random_dropout,0.1,fraction_removed,42,90,31260,31260,0,0,0.6102783726,0.4,True,density_deficit_exceeds_threshold
nuscenes_mini_subset,scene-1094_001,scene-1094,test,random_dropout,0.3,fraction_removed,42,90,24237,24237,0,0,0.7012847966,0.4,True,density_deficit_exceeds_threshold
nuscenes_mini_subset,scene-1094_001,scene-1094,test,random_dropout,0.5,fraction_removed,42,90,17270,17270,0,0,0.7890792291,0.4,True,density_deficit_exceeds_threshold
nuscenes_mini_subset,scene-1094_001,scene-1094,test,sector_dropout,10,degrees,42,90,33800,33800,0,0,0.5728051392,0.4,True,density_deficit_exceeds_threshold
nuscenes_mini_subset,scene-1094_001,scene-1094,test,sector_dropout,20,degrees,42,90,32888,32888,0,2,1,0.4,True,density_deficit_exceeds_threshold
nuscenes_mini_subset,scene-1094_001,scene-1094,test,sector_dropout,30,degrees,42,90,32011,32011,0,2,1,0.4,True,density_deficit_exceeds_threshold
nuscenes_mini_subset,scene-1094_002,scene-1094,calibration,original,0,none,42,90,34720,34720,0,0,0.579489962,0.4,True,density_deficit_exceeds_threshold
nuscenes_mini_subset,scene-1094_002,scene-1094,calibration,random_dropout,0.1,fraction_removed,42,90,31288,31288,0,0,0.6223548562,0.4,True,density_deficit_exceeds_threshold
nuscenes_mini_subset,scene-1094_002,scene-1094,calibration,random_dropout,0.3,fraction_removed,42,90,24255,24255,0,0,0.710255019,0.4,True,density_deficit_exceeds_threshold
nuscenes_mini_subset,scene-1094_002,scene-1094,calibration,random_dropout,0.5,fraction_removed,42,90,17283,17283,0,0,0.7894736842,0.4,True,density_deficit_exceeds_threshold
nuscenes_mini_subset,scene-1094_002,scene-1094,calibration,sector_dropout,10,degrees,42,90,33827,33827,0,0,0.579489962,0.4,True,density_deficit_exceeds_threshold
nuscenes_mini_subset,scene-1094_002,scene-1094,calibration,sector_dropout,20,degrees,42,90,32927,32927,0,2,1,0.4,True,density_deficit_exceeds_threshold
nuscenes_mini_subset,scene-1094_002,scene-1094,calibration,sector_dropout,30,degrees,42,90,32040,32040,0,2,1,0.4,True,density_deficit_exceeds_threshold
nuscenes_mini_subset,scene-1094_003,scene-1094,test,original,0,none,42,90,34688,34688,0,0,0.5979381443,0.4,True,density_deficit_exceeds_threshold
nuscenes_mini_subset,scene-1094_003,scene-1094,test,random_dropout,0.1,fraction_removed,42,90,31260,31260,0,0,0.6424308193,0.4,True,density_deficit_exceeds_threshold
nuscenes_mini_subset,scene-1094_003,scene-1094,test,random_dropout,0.3,fraction_removed,42,90,24237,24237,0,0,0.7249050461,0.4,True,density_deficit_exceeds_threshold
nuscenes_mini_subset,scene-1094_003,scene-1094,test,random_dropout,0.5,fraction_removed,42,90,17270,17270,0,0,0.8041237113,0.4,True,density_deficit_exceeds_threshold
nuscenes_mini_subset,scene-1094_003,scene-1094,test,sector_dropout,10,degrees,42,90,33781,33781,0,0,0.5979381443,0.4,True,density_deficit_exceeds_threshold
nuscenes_mini_subset,scene-1094_003,scene-1094,test,sector_dropout,20,degrees,42,90,32881,32881,0,2,1,0.4,True,density_deficit_exceeds_threshold
nuscenes_mini_subset,scene-1094_003,scene-1094,test,sector_dropout,30,degrees,42,90,31999,31999,0,2,1,0.4,True,density_deficit_exceeds_threshold
nuscenes_mini_subset,scene-1094_004,scene-1094,calibration,original,0,none,42,90,34720,34720,0,0,0.6087900163,0.4,True,density_deficit_exceeds_threshold
nuscenes_mini_subset,scene-1094_004,scene-1094,calibration,random_dropout,0.1,fraction_removed,42,90,31288,31288,0,0,0.6478567553,0.4,True,density_deficit_exceeds_threshold
nuscenes_mini_subset,scene-1094_004,scene-1094,calibration,random_dropout,0.3,fraction_removed,42,90,24255,24255,0,0,0.7308735757,0.4,True,density_deficit_exceeds_threshold
nuscenes_mini_subset,scene-1094_004,scene-1094,calibration,random_dropout,0.5,fraction_removed,42,90,17283,17283,0,0,0.8090070537,0.4,True,density_deficit_exceeds_threshold
nuscenes_mini_subset,scene-1094_004,scene-1094,calibration,sector_dropout,10,degrees,42,90,33834,33834,0,0,0.6087900163,0.4,True,density_deficit_exceeds_threshold
nuscenes_mini_subset,scene-1094_004,scene-1094,calibration,sector_dropout,20,degrees,42,90,32932,32932,0,2,1,0.4,True,density_deficit_exceeds_threshold
nuscenes_mini_subset,scene-1094_004,scene-1094,calibration,sector_dropout,30,degrees,42,90,32053,32053,0,2,1,0.4,True,density_deficit_exceeds_threshold
nuscenes_mini_subset,scene-1094_005,scene-1094,test,original,0,none,42,90,34752,34752,0,0,0.6277807922,0.4,True,density_deficit_exceeds_threshold
nuscenes_mini_subset,scene-1094_005,scene-1094,test,random_dropout,0.1,fraction_removed,42,90,31318,31318,0,0,0.6668475312,0.4,True,density_deficit_exceeds_threshold
nuscenes_mini_subset,scene-1094_005,scene-1094,test,random_dropout,0.3,fraction_removed,42,90,24280,24280,0,0,0.7406402604,0.4,True,density_deficit_exceeds_threshold
nuscenes_mini_subset,scene-1094_005,scene-1094,test,random_dropout,0.5,fraction_removed,42,90,17300,17300,0,0,0.8133478025,0.4,True,density_deficit_exceeds_threshold
nuscenes_mini_subset,scene-1094_005,scene-1094,test,sector_dropout,10,degrees,42,90,33885,33885,0,0,0.6277807922,0.4,True,density_deficit_exceeds_threshold
nuscenes_mini_subset,scene-1094_005,scene-1094,test,sector_dropout,20,degrees,42,90,32989,32989,0,2,1,0.4,True,density_deficit_exceeds_threshold
nuscenes_mini_subset,scene-1094_005,scene-1094,test,sector_dropout,30,degrees,42,90,32119,32119,0,2,1,0.4,True,density_deficit_exceeds_threshold
nuscenes_mini_subset,scene-1094_006,scene-1094,calibration,original,0,none,42,90,34688,34688,0,0,0.6065195917,0.4,True,density_deficit_exceeds_threshold
nuscenes_mini_subset,scene-1094_006,scene-1094,calibration,random_dropout,0.1,fraction_removed,42,90,31260,31260,0,0,0.6473493579,0.4,True,density_deficit_exceeds_threshold
nuscenes_mini_subset,scene-1094_006,scene-1094,calibration,random_dropout,0.3,fraction_removed,42,90,24237,24237,0,0,0.7299967073,0.4,True,density_deficit_exceeds_threshold
nuscenes_mini_subset,scene-1094_006,scene-1094,calibration,random_dropout,0.5,fraction_removed,42,90,17270,17270,0,0,0.8027658874,0.4,True,density_deficit_exceeds_threshold
nuscenes_mini_subset,scene-1094_006,scene-1094,calibration,sector_dropout,10,degrees,42,90,33800,33800,0,0,0.6065195917,0.4,True,density_deficit_exceeds_threshold
nuscenes_mini_subset,scene-1094_006,scene-1094,calibration,sector_dropout,20,degrees,42,90,32901,32901,0,2,1,0.4,True,density_deficit_exceeds_threshold
nuscenes_mini_subset,scene-1094_006,scene-1094,calibration,sector_dropout,30,degrees,42,90,32055,32055,0,2,1,0.4,True,density_deficit_exceeds_threshold
nuscenes_mini_subset,scene-1094_007,scene-1094,test,original,0,none,42,90,34720,34720,0,0,0.6549104721,0.4,True,density_deficit_exceeds_threshold
nuscenes_mini_subset,scene-1094_007,scene-1094,test,random_dropout,0.1,fraction_removed,42,90,31288,31288,0,0,0.6912642431,0.4,True,density_deficit_exceeds_threshold
nuscenes_mini_subset,scene-1094_007,scene-1094,test,random_dropout,0.3,fraction_removed,42,90,24255,24255,0,0,0.7655995659,0.4,True,density_deficit_exceeds_threshold
nuscenes_mini_subset,scene-1094_007,scene-1094,test,random_dropout,0.5,fraction_removed,42,90,17283,17283,0,0,0.8339663592,0.4,True,density_deficit_exceeds_threshold
nuscenes_mini_subset,scene-1094_007,scene-1094,test,sector_dropout,10,degrees,42,90,33837,33837,0,0,0.6549104721,0.4,True,density_deficit_exceeds_threshold
nuscenes_mini_subset,scene-1094_007,scene-1094,test,sector_dropout,20,degrees,42,90,32944,32944,0,2,1,0.4,True,density_deficit_exceeds_threshold
nuscenes_mini_subset,scene-1094_007,scene-1094,test,sector_dropout,30,degrees,42,90,32071,32071,0,2,1,0.4,True,density_deficit_exceeds_threshold
nuscenes_mini_subset,scene-1094_008,scene-1094,calibration,original,0,none,42,90,34752,34752,0,0,0.634834509,0.4,True,density_deficit_exceeds_threshold
nuscenes_mini_subset,scene-1094_008,scene-1094,calibration,random_dropout,0.1,fraction_removed,42,90,31318,31318,0,0,0.6755290288,0.4,True,density_deficit_exceeds_threshold
nuscenes_mini_subset,scene-1094_008,scene-1094,calibration,random_dropout,0.3,fraction_removed,42,90,24280,24280,0,0,0.7471513836,0.4,True,density_deficit_exceeds_threshold
nuscenes_mini_subset,scene-1094_008,scene-1094,calibration,random_dropout,0.5,fraction_removed,42,90,17300,17300,0,0,0.8209441129,0.4,True,density_deficit_exceeds_threshold
nuscenes_mini_subset,scene-1094_008,scene-1094,calibration,sector_dropout,10,degrees,42,90,33863,33863,0,0,0.634834509,0.4,True,density_deficit_exceeds_threshold
nuscenes_mini_subset,scene-1094_008,scene-1094,calibration,sector_dropout,20,degrees,42,90,32975,32975,0,2,1,0.4,True,density_deficit_exceeds_threshold
nuscenes_mini_subset,scene-1094_008,scene-1094,calibration,sector_dropout,30,degrees,42,90,32115,32115,0,2,1,0.4,True,density_deficit_exceeds_threshold
nuscenes_mini_subset,scene-1094_009,scene-1094,test,original,0,none,42,90,34720,34720,0,0,0.7593019427,0.4,True,density_deficit_exceeds_threshold
nuscenes_mini_subset,scene-1094_009,scene-1094,test,random_dropout,0.1,fraction_removed,42,90,31288,31288,0,0,0.7826802766,0.4,True,density_deficit_exceeds_threshold
nuscenes_mini_subset,scene-1094_009,scene-1094,test,random_dropout,0.3,fraction_removed,42,90,24255,24255,0,0,0.8307540336,0.4,True,density_deficit_exceeds_threshold
nuscenes_mini_subset,scene-1094_009,scene-1094,test,random_dropout,0.5,fraction_removed,42,90,17283,17283,0,0,0.873888706,0.4,True,density_deficit_exceeds_threshold
nuscenes_mini_subset,scene-1094_009,scene-1094,test,sector_dropout,10,degrees,42,90,33837,33837,0,0,0.7593019427,0.4,True,density_deficit_exceeds_threshold
nuscenes_mini_subset,scene-1094_009,scene-1094,test,sector_dropout,20,degrees,42,90,32958,32958,0,2,1,0.4,True,density_deficit_exceeds_threshold
nuscenes_mini_subset,scene-1094_009,scene-1094,test,sector_dropout,30,degrees,42,90,32071,32071,0,2,1,0.4,True,density_deficit_exceeds_threshold
nuscenes_mini_subset,scene-1094_010,scene-1094,calibration,original,0,none,42,90,34688,34688,0,0,0.7780704643,0.4,True,density_deficit_exceeds_threshold
nuscenes_mini_subset,scene-1094_010,scene-1094,calibration,random_dropout,0.1,fraction_removed,42,90,31260,31260,0,0,0.7981560751,0.4,True,density_deficit_exceeds_threshold
nuscenes_mini_subset,scene-1094_010,scene-1094,calibration,random_dropout,0.3,fraction_removed,42,90,24237,24237,0,0,0.8419492921,0.4,True,density_deficit_exceeds_threshold
nuscenes_mini_subset,scene-1094_010,scene-1094,calibration,random_dropout,0.5,fraction_removed,42,90,17270,17270,0,0,0.8847546921,0.4,True,density_deficit_exceeds_threshold
nuscenes_mini_subset,scene-1094_010,scene-1094,calibration,sector_dropout,10,degrees,42,90,33837,33837,0,0,0.7780704643,0.4,True,density_deficit_exceeds_threshold
nuscenes_mini_subset,scene-1094_010,scene-1094,calibration,sector_dropout,20,degrees,42,90,32942,32942,0,2,1,0.4,True,density_deficit_exceeds_threshold
nuscenes_mini_subset,scene-1094_010,scene-1094,calibration,sector_dropout,30,degrees,42,90,32064,32064,0,2,1,0.4,True,density_deficit_exceeds_threshold
nuscenes_mini_subset,scene-1094_011,scene-1094,test,original,0,none,42,90,34688,34688,0,0,0.8024366151,0.4,True,density_deficit_exceeds_threshold
nuscenes_mini_subset,scene-1094_011,scene-1094,test,random_dropout,0.1,fraction_removed,42,90,31260,31260,0,0,0.8212051366,0.4,True,density_deficit_exceeds_threshold
nuscenes_mini_subset,scene-1094_011,scene-1094,test,random_dropout,0.3,fraction_removed,42,90,24237,24237,0,0,0.860059269,0.4,True,density_deficit_exceeds_threshold
nuscenes_mini_subset,scene-1094_011,scene-1094,test,random_dropout,0.5,fraction_removed,42,90,17270,17270,0,0,0.8992426737,0.4,True,density_deficit_exceeds_threshold
nuscenes_mini_subset,scene-1094_011,scene-1094,test,sector_dropout,10,degrees,42,90,33810,33810,0,0,0.8024366151,0.4,True,density_deficit_exceeds_threshold
nuscenes_mini_subset,scene-1094_011,scene-1094,test,sector_dropout,20,degrees,42,90,32933,32933,0,2,1,0.4,True,density_deficit_exceeds_threshold
nuscenes_mini_subset,scene-1094_011,scene-1094,test,sector_dropout,30,degrees,42,90,32075,32075,0,2,1,0.4,True,density_deficit_exceeds_threshold
nuscenes_mini_subset,scene-1094_012,scene-1094,calibration,original,0,none,42,90,34752,34752,0,0,0.7830095489,0.4,True,density_deficit_exceeds_threshold
nuscenes_mini_subset,scene-1094_012,scene-1094,calibration,random_dropout,0.1,fraction_removed,42,90,31318,31318,0,0,0.8040829766,0.4,True,density_deficit_exceeds_threshold
nuscenes_mini_subset,scene-1094_012,scene-1094,calibration,random_dropout,0.3,fraction_removed,42,90,24280,24280,0,0,0.8495225552,0.4,True,density_deficit_exceeds_threshold
nuscenes_mini_subset,scene-1094_012,scene-1094,calibration,random_dropout,0.5,fraction_removed,42,90,17300,17300,0,0,0.8890352321,0.4,True,density_deficit_exceeds_threshold
nuscenes_mini_subset,scene-1094_012,scene-1094,calibration,sector_dropout,10,degrees,42,90,33898,33898,0,0,0.7830095489,0.4,True,density_deficit_exceeds_threshold
nuscenes_mini_subset,scene-1094_012,scene-1094,calibration,sector_dropout,20,degrees,42,90,33019,33019,0,2,1,0.4,True,density_deficit_exceeds_threshold
nuscenes_mini_subset,scene-1094_012,scene-1094,calibration,sector_dropout,30,degrees,42,90,32147,32147,0,2,1,0.4,True,density_deficit_exceeds_threshold
nuscenes_mini_subset,scene-1094_013,scene-1094,test,original,0,none,42,90,34752,34752,0,0,0.7451432335,0.4,True,density_deficit_exceeds_threshold
nuscenes_mini_subset,scene-1094_013,scene-1094,test,random_dropout,0.1,fraction_removed,42,90,31318,31318,0,0,0.7685215673,0.4,True,density_deficit_exceeds_threshold
nuscenes_mini_subset,scene-1094_013,scene-1094,test,random_dropout,0.3,fraction_removed,42,90,24280,24280,0,0,0.8208758643,0.4,True,density_deficit_exceeds_threshold
nuscenes_mini_subset,scene-1094_013,scene-1094,test,random_dropout,0.5,fraction_removed,42,90,17300,17300,0,0,0.8699374383,0.4,True,density_deficit_exceeds_threshold
nuscenes_mini_subset,scene-1094_013,scene-1094,test,sector_dropout,10,degrees,42,90,33875,33875,0,0,0.7451432335,0.4,True,density_deficit_exceeds_threshold
nuscenes_mini_subset,scene-1094_013,scene-1094,test,sector_dropout,20,degrees,42,90,33042,33042,0,2,1,0.4,True,density_deficit_exceeds_threshold
nuscenes_mini_subset,scene-1094_013,scene-1094,test,sector_dropout,30,degrees,42,90,32252,32252,0,2,1,0.4,True,density_deficit_exceeds_threshold
nuscenes_mini_subset,scene-1094_014,scene-1094,calibration,original,0,none,42,90,34720,34720,0,0,0.7843266381,0.4,True,density_deficit_exceeds_threshold
nuscenes_mini_subset,scene-1094_014,scene-1094,calibration,random_dropout,0.1,fraction_removed,42,90,31288,31288,0,0,0.8044122489,0.4,True,density_deficit_exceeds_threshold
nuscenes_mini_subset,scene-1094_014,scene-1094,calibration,random_dropout,0.3,fraction_removed,42,90,24255,24255,0,0,0.8505103721,0.4,True,density_deficit_exceeds_threshold
nuscenes_mini_subset,scene-1094_014,scene-1094,calibration,random_dropout,0.5,fraction_removed,42,90,17283,17283,0,0,0.8923279552,0.4,True,density_deficit_exceeds_threshold
nuscenes_mini_subset,scene-1094_014,scene-1094,calibration,sector_dropout,10,degrees,42,90,34007,34007,0,0,0.7843266381,0.4,True,density_deficit_exceeds_threshold
nuscenes_mini_subset,scene-1094_014,scene-1094,calibration,sector_dropout,20,degrees,42,90,33264,33264,0,2,1,0.4,True,density_deficit_exceeds_threshold
nuscenes_mini_subset,scene-1094_014,scene-1094,calibration,sector_dropout,30,degrees,42,90,32493,32493,0,2,1,0.4,True,density_deficit_exceeds_threshold
nuscenes_mini_subset,scene-1094_015,scene-1094,test,original,0,none,42,90,34752,34752,0,0,0.7823510043,0.4,True,density_deficit_exceeds_threshold
nuscenes_mini_subset,scene-1094_015,scene-1094,test,random_dropout,0.1,fraction_removed,42,90,31318,31318,0,0,0.8027658874,0.4,True,density_deficit_exceeds_threshold
nuscenes_mini_subset,scene-1094_015,scene-1094,test,random_dropout,0.3,fraction_removed,42,90,24280,24280,0,0,0.8478761936,0.4,True,density_deficit_exceeds_threshold
nuscenes_mini_subset,scene-1094_015,scene-1094,test,random_dropout,0.5,fraction_removed,42,90,17300,17300,0,0,0.8906815937,0.4,True,density_deficit_exceeds_threshold
nuscenes_mini_subset,scene-1094_015,scene-1094,test,sector_dropout,10,degrees,42,90,34072,34072,0,0,0.7823510043,0.4,True,density_deficit_exceeds_threshold
nuscenes_mini_subset,scene-1094_015,scene-1094,test,sector_dropout,20,degrees,42,90,33368,33368,0,2,1,0.4,True,density_deficit_exceeds_threshold
nuscenes_mini_subset,scene-1094_015,scene-1094,test,sector_dropout,30,degrees,42,90,32709,32709,0,2,1,0.4,True,density_deficit_exceeds_threshold
nuscenes_mini_subset,scene-1094_016,scene-1094,calibration,original,0,none,42,90,34816,34816,0,0,0.7461310504,0.4,True,density_deficit_exceeds_threshold
nuscenes_mini_subset,scene-1094_016,scene-1094,calibration,random_dropout,0.1,fraction_removed,42,90,31375,31375,0,0,0.7698386566,0.4,True,density_deficit_exceeds_threshold
nuscenes_mini_subset,scene-1094_016,scene-1094,calibration,random_dropout,0.3,fraction_removed,42,90,24320,24320,0,0,0.8261442213,0.4,True,density_deficit_exceeds_threshold
nuscenes_mini_subset,scene-1094_016,scene-1094,calibration,random_dropout,0.5,fraction_removed,42,90,17326,17326,0,0,0.8768521567,0.4,True,density_deficit_exceeds_threshold
nuscenes_mini_subset,scene-1094_016,scene-1094,calibration,sector_dropout,10,degrees,42,90,34137,34137,0,0,0.7461310504,0.4,True,density_deficit_exceeds_threshold
nuscenes_mini_subset,scene-1094_016,scene-1094,calibration,sector_dropout,20,degrees,42,90,33471,33471,0,2,1,0.4,True,density_deficit_exceeds_threshold
nuscenes_mini_subset,scene-1094_016,scene-1094,calibration,sector_dropout,30,degrees,42,90,32746,32746,0,2,1,0.4,True,density_deficit_exceeds_threshold
nuscenes_mini_subset,scene-1094_017,scene-1094,test,original,0,none,42,90,34752,34752,0,0,0.7411919658,0.4,True,density_deficit_exceeds_threshold
nuscenes_mini_subset,scene-1094_017,scene-1094,test,random_dropout,0.1,fraction_removed,42,90,31318,31318,0,0,0.7652288443,0.4,True,density_deficit_exceeds_threshold
nuscenes_mini_subset,scene-1094_017,scene-1094,test,random_dropout,0.3,fraction_removed,42,90,24280,24280,0,0,0.8198880474,0.4,True,density_deficit_exceeds_threshold
nuscenes_mini_subset,scene-1094_017,scene-1094,test,random_dropout,0.5,fraction_removed,42,90,17300,17300,0,0,0.8709252552,0.4,True,density_deficit_exceeds_threshold
nuscenes_mini_subset,scene-1094_017,scene-1094,test,sector_dropout,10,degrees,42,90,34096,34096,0,0,0.7411919658,0.4,True,density_deficit_exceeds_threshold
nuscenes_mini_subset,scene-1094_017,scene-1094,test,sector_dropout,20,degrees,42,90,33353,33353,0,2,1,0.4,True,density_deficit_exceeds_threshold
nuscenes_mini_subset,scene-1094_017,scene-1094,test,sector_dropout,30,degrees,42,90,32645,32645,0,2,1,0.4,True,density_deficit_exceeds_threshold
nuscenes_mini_subset,scene-1094_018,scene-1094,calibration,original,0,none,42,90,34688,34688,0,0,0.7290088904,0.4,True,density_deficit_exceeds_threshold
nuscenes_mini_subset,scene-1094_018,scene-1094,calibration,random_dropout,0.1,fraction_removed,42,90,31260,31260,0,0,0.7540335858,0.4,True,density_deficit_exceeds_threshold
nuscenes_mini_subset,scene-1094_018,scene-1094,calibration,random_dropout,0.3,fraction_removed,42,90,24237,24237,0,0,0.8106684228,0.4,True,density_deficit_exceeds_threshold
nuscenes_mini_subset,scene-1094_018,scene-1094,calibration,random_dropout,0.5,fraction_removed,42,90,17270,17270,0,0,0.8610470859,0.4,True,density_deficit_exceeds_threshold
nuscenes_mini_subset,scene-1094_018,scene-1094,calibration,sector_dropout,10,degrees,42,90,34081,34081,0,0,0.7290088904,0.4,True,density_deficit_exceeds_threshold
nuscenes_mini_subset,scene-1094_018,scene-1094,calibration,sector_dropout,20,degrees,42,90,33332,33332,0,2,1,0.4,True,density_deficit_exceeds_threshold
nuscenes_mini_subset,scene-1094_018,scene-1094,calibration,sector_dropout,30,degrees,42,90,32612,32612,0,2,1,0.4,True,density_deficit_exceeds_threshold
nuscenes_mini_subset,scene-1094_019,scene-1094,test,original,0,none,42,90,34688,34688,0,0,0.7313137965,0.4,True,density_deficit_exceeds_threshold
nuscenes_mini_subset,scene-1094_019,scene-1094,test,random_dropout,0.1,fraction_removed,42,90,31260,31260,0,0,0.7560092196,0.4,True,density_deficit_exceeds_threshold
nuscenes_mini_subset,scene-1094_019,scene-1094,test,random_dropout,0.3,fraction_removed,42,90,24237,24237,0,0,0.8116562397,0.4,True,density_deficit_exceeds_threshold
nuscenes_mini_subset,scene-1094_019,scene-1094,test,random_dropout,0.5,fraction_removed,42,90,17270,17270,0,0,0.8640105367,0.4,True,density_deficit_exceeds_threshold
nuscenes_mini_subset,scene-1094_019,scene-1094,test,sector_dropout,10,degrees,42,90,34078,34078,0,0,0.7313137965,0.4,True,density_deficit_exceeds_threshold
nuscenes_mini_subset,scene-1094_019,scene-1094,test,sector_dropout,20,degrees,42,90,33325,33325,0,2,1,0.4,True,density_deficit_exceeds_threshold
nuscenes_mini_subset,scene-1094_019,scene-1094,test,sector_dropout,30,degrees,42,90,32571,32571,0,2,1,0.4,True,density_deficit_exceeds_threshold
nuscenes_mini_subset,scene-1094_020,scene-1094,calibration,original,0,none,42,90,34720,34720,0,0,0.7385577873,0.4,True,density_deficit_exceeds_threshold
nuscenes_mini_subset,scene-1094_020,scene-1094,calibration,random_dropout,0.1,fraction_removed,42,90,31288,31288,0,0,0.7609483042,0.4,True,density_deficit_exceeds_threshold
nuscenes_mini_subset,scene-1094_020,scene-1094,calibration,random_dropout,0.3,fraction_removed,42,90,24255,24255,0,0,0.8159367797,0.4,True,density_deficit_exceeds_threshold
nuscenes_mini_subset,scene-1094_020,scene-1094,calibration,random_dropout,0.5,fraction_removed,42,90,17283,17283,0,0,0.8682910767,0.4,True,density_deficit_exceeds_threshold
nuscenes_mini_subset,scene-1094_020,scene-1094,calibration,sector_dropout,10,degrees,42,90,34089,34089,0,0,0.7385577873,0.4,True,density_deficit_exceeds_threshold
nuscenes_mini_subset,scene-1094_020,scene-1094,calibration,sector_dropout,20,degrees,42,90,33382,33382,0,2,1,0.4,True,density_deficit_exceeds_threshold
nuscenes_mini_subset,scene-1094_020,scene-1094,calibration,sector_dropout,30,degrees,42,90,32620,32620,0,2,1,0.4,True,density_deficit_exceeds_threshold
nuscenes_mini_subset,scene-1094_021,scene-1094,test,original,0,none,42,90,34688,34688,0,0,0.6386326641,0.4,True,density_deficit_exceeds_threshold
nuscenes_mini_subset,scene-1094_021,scene-1094,test,random_dropout,0.1,fraction_removed,42,90,31260,31260,0,0,0.6798697775,0.4,True,density_deficit_exceeds_threshold
nuscenes_mini_subset,scene-1094_021,scene-1094,test,random_dropout,0.3,fraction_removed,42,90,24237,24237,0,0,0.7542051004,0.4,True,density_deficit_exceeds_threshold
nuscenes_mini_subset,scene-1094_021,scene-1094,test,random_dropout,0.5,fraction_removed,42,90,17270,17270,0,0,0.8241996744,0.4,True,density_deficit_exceeds_threshold
nuscenes_mini_subset,scene-1094_021,scene-1094,test,sector_dropout,10,degrees,42,90,34068,34068,0,0,0.6386326641,0.4,True,density_deficit_exceeds_threshold
nuscenes_mini_subset,scene-1094_021,scene-1094,test,sector_dropout,20,degrees,42,90,33364,33364,0,2,1,0.4,True,density_deficit_exceeds_threshold
nuscenes_mini_subset,scene-1094_021,scene-1094,test,sector_dropout,30,degrees,42,90,32597,32597,0,2,1,0.4,True,density_deficit_exceeds_threshold
nuscenes_mini_subset,scene-1094_022,scene-1094,calibration,original,0,none,42,90,34656,34656,0,0,0.3233454067,0.4,False,
nuscenes_mini_subset,scene-1094_022,scene-1094,calibration,random_dropout,0.1,fraction_removed,42,90,31230,31230,0,0,0.3852486006,0.4,False,
nuscenes_mini_subset,scene-1094_022,scene-1094,calibration,random_dropout,0.3,fraction_removed,42,90,24211,24211,0,0,0.5172867962,0.4,True,density_deficit_exceeds_threshold
nuscenes_mini_subset,scene-1094_022,scene-1094,calibration,random_dropout,0.5,fraction_removed,42,90,17250,17250,0,0,0.6516298979,0.4,True,density_deficit_exceeds_threshold
nuscenes_mini_subset,scene-1094_022,scene-1094,calibration,sector_dropout,10,degrees,42,90,34058,34058,0,0,0.5187250996,0.4,True,density_deficit_exceeds_threshold
nuscenes_mini_subset,scene-1094_022,scene-1094,calibration,sector_dropout,20,degrees,42,90,33348,33348,0,2,1,0.4,True,density_deficit_exceeds_threshold
nuscenes_mini_subset,scene-1094_022,scene-1094,calibration,sector_dropout,30,degrees,42,90,32573,32573,0,2,1,0.4,True,density_deficit_exceeds_threshold
nuscenes_mini_subset,scene-1094_023,scene-1094,test,original,0,none,42,90,34688,34688,0,0,0.6858383071,0.4,True,density_deficit_exceeds_threshold
nuscenes_mini_subset,scene-1094_023,scene-1094,test,random_dropout,0.1,fraction_removed,42,90,31260,31260,0,0,0.7211068909,0.4,True,density_deficit_exceeds_threshold
nuscenes_mini_subset,scene-1094_023,scene-1094,test,random_dropout,0.3,fraction_removed,42,90,24237,24237,0,0,0.7873033098,0.4,True,density_deficit_exceeds_threshold
nuscenes_mini_subset,scene-1094_023,scene-1094,test,random_dropout,0.5,fraction_removed,42,90,17270,17270,0,0,0.8513293543,0.4,True,density_deficit_exceeds_threshold
nuscenes_mini_subset,scene-1094_023,scene-1094,test,sector_dropout,10,degrees,42,90,34084,34084,0,0,0.6858383071,0.4,True,density_deficit_exceeds_threshold
nuscenes_mini_subset,scene-1094_023,scene-1094,test,sector_dropout,20,degrees,42,90,33415,33415,0,2,1,0.4,True,density_deficit_exceeds_threshold
nuscenes_mini_subset,scene-1094_023,scene-1094,test,sector_dropout,30,degrees,42,90,32647,32647,0,2,1,0.4,True,density_deficit_exceeds_threshold
nuscenes_mini_subset,scene-1094_024,scene-1094,calibration,original,0,none,42,90,34688,34688,0,0,0.7451432335,0.4,True,density_deficit_exceeds_threshold
nuscenes_mini_subset,scene-1094_024,scene-1094,calibration,random_dropout,0.1,fraction_removed,42,90,31260,31260,0,0,0.7675337504,0.4,True,density_deficit_exceeds_threshold
nuscenes_mini_subset,scene-1094_024,scene-1094,calibration,random_dropout,0.3,fraction_removed,42,90,24237,24237,0,0,0.8202173197,0.4,True,density_deficit_exceeds_threshold
nuscenes_mini_subset,scene-1094_024,scene-1094,calibration,random_dropout,0.5,fraction_removed,42,90,17270,17270,0,0,0.8702667106,0.4,True,density_deficit_exceeds_threshold
nuscenes_mini_subset,scene-1094_024,scene-1094,calibration,sector_dropout,10,degrees,42,90,34056,34056,0,0,0.7451432335,0.4,True,density_deficit_exceeds_threshold
nuscenes_mini_subset,scene-1094_024,scene-1094,calibration,sector_dropout,20,degrees,42,90,33399,33399,0,2,1,0.4,True,density_deficit_exceeds_threshold
nuscenes_mini_subset,scene-1094_024,scene-1094,calibration,sector_dropout,30,degrees,42,90,32635,32635,0,2,1,0.4,True,density_deficit_exceeds_threshold
nuscenes_mini_subset,scene-1094_025,scene-1094,test,original,0,none,42,90,34720,34720,0,0,0.4915897992,0.4,True,density_deficit_exceeds_threshold
nuscenes_mini_subset,scene-1094_025,scene-1094,test,random_dropout,0.1,fraction_removed,42,90,31288,31288,0,0,0.5463917526,0.4,True,density_deficit_exceeds_threshold
nuscenes_mini_subset,scene-1094_025,scene-1094,test,random_dropout,0.3,fraction_removed,42,90,24255,24255,0,0,0.6473141617,0.4,True,density_deficit_exceeds_threshold
nuscenes_mini_subset,scene-1094_025,scene-1094,test,random_dropout,0.5,fraction_removed,42,90,17283,17283,0,0,0.7498643516,0.4,True,density_deficit_exceeds_threshold
nuscenes_mini_subset,scene-1094_025,scene-1094,test,sector_dropout,10,degrees,42,90,34099,34099,0,0,0.5235059761,0.4,True,density_deficit_exceeds_threshold
nuscenes_mini_subset,scene-1094_025,scene-1094,test,sector_dropout,20,degrees,42,90,33446,33446,0,2,1,0.4,True,density_deficit_exceeds_threshold
nuscenes_mini_subset,scene-1094_025,scene-1094,test,sector_dropout,30,degrees,42,90,32699,32699,0,2,1,0.4,True,density_deficit_exceeds_threshold
nuscenes_mini_subset,scene-1094_026,scene-1094,calibration,original,0,none,42,90,34752,34752,0,0,0.7533750412,0.4,True,density_deficit_exceeds_threshold
nuscenes_mini_subset,scene-1094_026,scene-1094,calibration,random_dropout,0.1,fraction_removed,42,90,31318,31318,0,0,0.7747777412,0.4,True,density_deficit_exceeds_threshold
nuscenes_mini_subset,scene-1094_026,scene-1094,calibration,random_dropout,0.3,fraction_removed,42,90,24280,24280,0,0,0.829107672,0.4,True,density_deficit_exceeds_threshold
nuscenes_mini_subset,scene-1094_026,scene-1094,calibration,random_dropout,0.5,fraction_removed,42,90,17300,17300,0,0,0.8765228844,0.4,True,density_deficit_exceeds_threshold
nuscenes_mini_subset,scene-1094_026,scene-1094,calibration,sector_dropout,10,degrees,42,90,34119,34119,0,0,0.7533750412,0.4,True,density_deficit_exceeds_threshold
nuscenes_mini_subset,scene-1094_026,scene-1094,calibration,sector_dropout,20,degrees,42,90,33461,33461,0,2,1,0.4,True,density_deficit_exceeds_threshold
nuscenes_mini_subset,scene-1094_026,scene-1094,calibration,sector_dropout,30,degrees,42,90,32705,32705,0,2,1,0.4,True,density_deficit_exceeds_threshold
nuscenes_mini_subset,scene-1094_027,scene-1094,test,original,0,none,42,90,34752,34752,0,0,0.1971830986,0.4,False,
nuscenes_mini_subset,scene-1094_027,scene-1094,test,random_dropout,0.1,fraction_removed,42,90,31318,31318,0,0,0.2688860435,0.4,False,
nuscenes_mini_subset,scene-1094_027,scene-1094,test,random_dropout,0.3,fraction_removed,42,90,24280,24280,0,0,0.4302176697,0.4,True,density_deficit_exceeds_threshold
nuscenes_mini_subset,scene-1094_027,scene-1094,test,random_dropout,0.5,fraction_removed,42,90,17300,17300,0,0,0.609475032,0.4,True,density_deficit_exceeds_threshold
nuscenes_mini_subset,scene-1094_027,scene-1094,test,sector_dropout,10,degrees,42,90,34103,34103,0,0,0.5235059761,0.4,True,density_deficit_exceeds_threshold
nuscenes_mini_subset,scene-1094_027,scene-1094,test,sector_dropout,20,degrees,42,90,33451,33451,0,2,1,0.4,True,density_deficit_exceeds_threshold
nuscenes_mini_subset,scene-1094_027,scene-1094,test,sector_dropout,30,degrees,42,90,32683,32683,0,2,1,0.4,True,density_deficit_exceeds_threshold
nuscenes_mini_subset,scene-1094_028,scene-1094,calibration,original,0,none,42,90,34752,34752,0,0,0.6635919696,0.4,True,density_deficit_exceeds_threshold
nuscenes_mini_subset,scene-1094_028,scene-1094,calibration,random_dropout,0.1,fraction_removed,42,90,31318,31318,0,0,0.6977753663,0.4,True,density_deficit_exceeds_threshold
nuscenes_mini_subset,scene-1094_028,scene-1094,calibration,random_dropout,0.3,fraction_removed,42,90,24280,24280,0,0,0.7672273467,0.4,True,density_deficit_exceeds_threshold
nuscenes_mini_subset,scene-1094_028,scene-1094,calibration,random_dropout,0.5,fraction_removed,42,90,17300,17300,0,0,0.8372219208,0.4,True,density_deficit_exceeds_threshold
nuscenes_mini_subset,scene-1094_028,scene-1094,calibration,sector_dropout,10,degrees,42,90,34143,34143,0,0,0.6635919696,0.4,True,density_deficit_exceeds_threshold
nuscenes_mini_subset,scene-1094_028,scene-1094,calibration,sector_dropout,20,degrees,42,90,33518,33518,0,2,1,0.4,True,density_deficit_exceeds_threshold
nuscenes_mini_subset,scene-1094_028,scene-1094,calibration,sector_dropout,30,degrees,42,90,32762,32762,0,2,1,0.4,True,density_deficit_exceeds_threshold
nuscenes_mini_subset,scene-1094_029,scene-1094,test,original,0,none,42,90,34720,34720,0,0,0.7062891011,0.4,True,density_deficit_exceeds_threshold
nuscenes_mini_subset,scene-1094_029,scene-1094,test,random_dropout,0.1,fraction_removed,42,90,31288,31288,0,0,0.7329601581,0.4,True,density_deficit_exceeds_threshold
nuscenes_mini_subset,scene-1094_029,scene-1094,test,random_dropout,0.3,fraction_removed,42,90,24255,24255,0,0,0.7925584458,0.4,True,density_deficit_exceeds_threshold
nuscenes_mini_subset,scene-1094_029,scene-1094,test,random_dropout,0.5,fraction_removed,42,90,17283,17283,0,0,0.8501810998,0.4,True,density_deficit_exceeds_threshold
nuscenes_mini_subset,scene-1094_029,scene-1094,test,sector_dropout,10,degrees,42,90,34110,34110,0,0,0.7062891011,0.4,True,density_deficit_exceeds_threshold
nuscenes_mini_subset,scene-1094_029,scene-1094,test,sector_dropout,20,degrees,42,90,33483,33483,0,2,1,0.4,True,density_deficit_exceeds_threshold
nuscenes_mini_subset,scene-1094_029,scene-1094,test,sector_dropout,30,degrees,42,90,32715,32715,0,2,1,0.4,True,density_deficit_exceeds_threshold
nuscenes_mini_subset,scene-1094_030,scene-1094,calibration,original,0,none,42,90,34720,34720,0,0,0.6760716224,0.4,True,density_deficit_exceeds_threshold
nuscenes_mini_subset,scene-1094_030,scene-1094,calibration,random_dropout,0.1,fraction_removed,42,90,31288,31288,0,0,0.7118827998,0.4,True,density_deficit_exceeds_threshold
nuscenes_mini_subset,scene-1094_030,scene-1094,calibration,random_dropout,0.3,fraction_removed,42,90,24255,24255,0,0,0.7764514379,0.4,True,density_deficit_exceeds_threshold
nuscenes_mini_subset,scene-1094_030,scene-1094,calibration,random_dropout,0.5,fraction_removed,42,90,17283,17283,0,0,0.843733044,0.4,True,density_deficit_exceeds_threshold
nuscenes_mini_subset,scene-1094_030,scene-1094,calibration,sector_dropout,10,degrees,42,90,34133,34133,0,0,0.6760716224,0.4,True,density_deficit_exceeds_threshold
nuscenes_mini_subset,scene-1094_030,scene-1094,calibration,sector_dropout,20,degrees,42,90,33506,33506,0,2,1,0.4,True,density_deficit_exceeds_threshold
nuscenes_mini_subset,scene-1094_030,scene-1094,calibration,sector_dropout,30,degrees,42,90,32744,32744,0,2,1,0.4,True,density_deficit_exceeds_threshold
nuscenes_mini_subset,scene-1094_031,scene-1094,test,original,0,none,42,90,34752,34752,0,0,0.6695604992,0.4,True,density_deficit_exceeds_threshold
nuscenes_mini_subset,scene-1094_031,scene-1094,test,random_dropout,0.1,fraction_removed,42,90,31318,31318,0,0,0.704829083,0.4,True,density_deficit_exceeds_threshold
nuscenes_mini_subset,scene-1094_031,scene-1094,test,random_dropout,0.3,fraction_removed,42,90,24280,24280,0,0,0.7688551275,0.4,True,density_deficit_exceeds_threshold
nuscenes_mini_subset,scene-1094_031,scene-1094,test,random_dropout,0.5,fraction_removed,42,90,17300,17300,0,0,0.838307108,0.4,True,density_deficit_exceeds_threshold
nuscenes_mini_subset,scene-1094_031,scene-1094,test,sector_dropout,10,degrees,42,90,34179,34179,0,0,0.6695604992,0.4,True,density_deficit_exceeds_threshold
nuscenes_mini_subset,scene-1094_031,scene-1094,test,sector_dropout,20,degrees,42,90,33543,33543,0,2,1,0.4,True,density_deficit_exceeds_threshold
nuscenes_mini_subset,scene-1094_031,scene-1094,test,sector_dropout,30,degrees,42,90,32797,32797,0,2,1,0.4,True,density_deficit_exceeds_threshold
nuscenes_mini_subset,scene-1094_032,scene-1094,calibration,original,0,none,42,90,34784,34784,0,0,0.7385577873,0.4,True,density_deficit_exceeds_threshold
nuscenes_mini_subset,scene-1094_032,scene-1094,calibration,random_dropout,0.1,fraction_removed,42,90,31345,31345,0,0,0.7648995719,0.4,True,density_deficit_exceeds_threshold
nuscenes_mini_subset,scene-1094_032,scene-1094,calibration,random_dropout,0.3,fraction_removed,42,90,24300,24300,0,0,0.8225222259,0.4,True,density_deficit_exceeds_threshold
nuscenes_mini_subset,scene-1094_032,scene-1094,calibration,random_dropout,0.5,fraction_removed,42,90,17313,17313,0,0,0.8712545275,0.4,True,density_deficit_exceeds_threshold
nuscenes_mini_subset,scene-1094_032,scene-1094,calibration,sector_dropout,10,degrees,42,90,34224,34224,0,0,0.7385577873,0.4,True,density_deficit_exceeds_threshold
nuscenes_mini_subset,scene-1094_032,scene-1094,calibration,sector_dropout,20,degrees,42,90,33613,33613,0,2,1,0.4,True,density_deficit_exceeds_threshold
nuscenes_mini_subset,scene-1094_032,scene-1094,calibration,sector_dropout,30,degrees,42,90,32901,32901,0,2,1,0.4,True,density_deficit_exceeds_threshold
nuscenes_mini_subset,scene-1094_033,scene-1094,test,original,0,none,42,90,34720,34720,0,0,0.7365821534,0.4,True,density_deficit_exceeds_threshold
nuscenes_mini_subset,scene-1094_033,scene-1094,test,random_dropout,0.1,fraction_removed,42,90,31288,31288,0,0,0.7602897596,0.4,True,density_deficit_exceeds_threshold
nuscenes_mini_subset,scene-1094_033,scene-1094,test,random_dropout,0.3,fraction_removed,42,90,24255,24255,0,0,0.8169245966,0.4,True,density_deficit_exceeds_threshold
nuscenes_mini_subset,scene-1094_033,scene-1094,test,random_dropout,0.5,fraction_removed,42,90,17283,17283,0,0,0.8679618044,0.4,True,density_deficit_exceeds_threshold
nuscenes_mini_subset,scene-1094_033,scene-1094,test,sector_dropout,10,degrees,42,90,34154,34154,0,0,0.7365821534,0.4,True,density_deficit_exceeds_threshold
nuscenes_mini_subset,scene-1094_033,scene-1094,test,sector_dropout,20,degrees,42,90,33557,33557,0,2,1,0.4,True,density_deficit_exceeds_threshold
nuscenes_mini_subset,scene-1094_033,scene-1094,test,sector_dropout,30,degrees,42,90,32893,32893,0,2,1,0.4,True,density_deficit_exceeds_threshold
nuscenes_mini_subset,scene-1094_034,scene-1094,calibration,original,0,none,42,90,34720,34720,0,0,0.676614216,0.4,True,density_deficit_exceeds_threshold
nuscenes_mini_subset,scene-1094_034,scene-1094,calibration,random_dropout,0.1,fraction_removed,42,90,31288,31288,0,0,0.7118827998,0.4,True,density_deficit_exceeds_threshold
nuscenes_mini_subset,scene-1094_034,scene-1094,calibration,random_dropout,0.3,fraction_removed,42,90,24255,24255,0,0,0.7786218123,0.4,True,density_deficit_exceeds_threshold
nuscenes_mini_subset,scene-1094_034,scene-1094,calibration,random_dropout,0.5,fraction_removed,42,90,17283,17283,0,0,0.843733044,0.4,True,density_deficit_exceeds_threshold
nuscenes_mini_subset,scene-1094_034,scene-1094,calibration,sector_dropout,10,degrees,42,90,34169,34169,0,0,0.676614216,0.4,True,density_deficit_exceeds_threshold
nuscenes_mini_subset,scene-1094_034,scene-1094,calibration,sector_dropout,20,degrees,42,90,33609,33609,0,2,1,0.4,True,density_deficit_exceeds_threshold
nuscenes_mini_subset,scene-1094_034,scene-1094,calibration,sector_dropout,30,degrees,42,90,32954,32954,0,2,1,0.4,True,density_deficit_exceeds_threshold
nuscenes_mini_subset,scene-1094_035,scene-1094,test,original,0,none,42,90,34720,34720,0,0,0.6473141617,0.4,True,density_deficit_exceeds_threshold
nuscenes_mini_subset,scene-1094_035,scene-1094,test,random_dropout,0.1,fraction_removed,42,90,31288,31288,0,0,0.6842105263,0.4,True,density_deficit_exceeds_threshold
nuscenes_mini_subset,scene-1094_035,scene-1094,test,random_dropout,0.3,fraction_removed,42,90,24255,24255,0,0,0.76017363,0.4,True,density_deficit_exceeds_threshold
nuscenes_mini_subset,scene-1094_035,scene-1094,test,random_dropout,0.5,fraction_removed,42,90,17283,17283,0,0,0.827455236,0.4,True,density_deficit_exceeds_threshold
nuscenes_mini_subset,scene-1094_035,scene-1094,test,sector_dropout,10,degrees,42,90,34168,34168,0,0,0.6473141617,0.4,True,density_deficit_exceeds_threshold
nuscenes_mini_subset,scene-1094_035,scene-1094,test,sector_dropout,20,degrees,42,90,33607,33607,0,2,1,0.4,True,density_deficit_exceeds_threshold
nuscenes_mini_subset,scene-1094_035,scene-1094,test,sector_dropout,30,degrees,42,90,32983,32983,0,2,1,0.4,True,density_deficit_exceeds_threshold
nuscenes_mini_subset,scene-1094_036,scene-1094,calibration,original,0,none,42,90,34720,34720,0,0,0.6890938687,0.4,True,density_deficit_exceeds_threshold
nuscenes_mini_subset,scene-1094_036,scene-1094,calibration,random_dropout,0.1,fraction_removed,42,90,31288,31288,0,0,0.7216494845,0.4,True,density_deficit_exceeds_threshold
nuscenes_mini_subset,scene-1094_036,scene-1094,calibration,random_dropout,0.3,fraction_removed,42,90,24255,24255,0,0,0.7878459034,0.4,True,density_deficit_exceeds_threshold
nuscenes_mini_subset,scene-1094_036,scene-1094,calibration,random_dropout,0.5,fraction_removed,42,90,17283,17283,0,0,0.8491589799,0.4,True,density_deficit_exceeds_threshold
nuscenes_mini_subset,scene-1094_036,scene-1094,calibration,sector_dropout,10,degrees,42,90,34178,34178,0,0,0.6890938687,0.4,True,density_deficit_exceeds_threshold
nuscenes_mini_subset,scene-1094_036,scene-1094,calibration,sector_dropout,20,degrees,42,90,33611,33611,0,2,1,0.4,True,density_deficit_exceeds_threshold
nuscenes_mini_subset,scene-1094_036,scene-1094,calibration,sector_dropout,30,degrees,42,90,32996,32996,0,2,1,0.4,True,density_deficit_exceeds_threshold
nuscenes_mini_subset,scene-1094_037,scene-1094,test,original,0,none,42,90,34752,34752,0,0,0.6771568095,0.4,True,density_deficit_exceeds_threshold
nuscenes_mini_subset,scene-1094_037,scene-1094,test,random_dropout,0.1,fraction_removed,42,90,31318,31318,0,0,0.7107976126,0.4,True,density_deficit_exceeds_threshold
nuscenes_mini_subset,scene-1094_037,scene-1094,test,random_dropout,0.3,fraction_removed,42,90,24280,24280,0,0,0.7775366251,0.4,True,density_deficit_exceeds_threshold
nuscenes_mini_subset,scene-1094_037,scene-1094,test,random_dropout,0.5,fraction_removed,42,90,17300,17300,0,0,0.8421052632,0.4,True,density_deficit_exceeds_threshold
nuscenes_mini_subset,scene-1094_037,scene-1094,test,sector_dropout,10,degrees,42,90,34214,34214,0,0,0.6771568095,0.4,True,density_deficit_exceeds_threshold
nuscenes_mini_subset,scene-1094_037,scene-1094,test,sector_dropout,20,degrees,42,90,33650,33650,0,2,1,0.4,True,density_deficit_exceeds_threshold
nuscenes_mini_subset,scene-1094_037,scene-1094,test,sector_dropout,30,degrees,42,90,33019,33019,0,2,1,0.4,True,density_deficit_exceeds_threshold
nuscenes_mini_subset,scene-1094_038,scene-1094,calibration,original,0,none,42,90,34688,34688,0,0,0.6880086815,0.4,True,density_deficit_exceeds_threshold
nuscenes_mini_subset,scene-1094_038,scene-1094,calibration,random_dropout,0.1,fraction_removed,42,90,31260,31260,0,0,0.7221920781,0.4,True,density_deficit_exceeds_threshold
nuscenes_mini_subset,scene-1094_038,scene-1094,calibration,random_dropout,0.3,fraction_removed,42,90,24237,24237,0,0,0.7878459034,0.4,True,density_deficit_exceeds_threshold
nuscenes_mini_subset,scene-1094_038,scene-1094,calibration,random_dropout,0.5,fraction_removed,42,90,17270,17270,0,0,0.8507867607,0.4,True,density_deficit_exceeds_threshold
nuscenes_mini_subset,scene-1094_038,scene-1094,calibration,sector_dropout,10,degrees,42,90,34144,34144,0,0,0.6880086815,0.4,True,density_deficit_exceeds_threshold
nuscenes_mini_subset,scene-1094_038,scene-1094,calibration,sector_dropout,20,degrees,42,90,33558,33558,0,2,1,0.4,True,density_deficit_exceeds_threshold
nuscenes_mini_subset,scene-1094_038,scene-1094,calibration,sector_dropout,30,degrees,42,90,32951,32951,0,2,1,0.4,True,density_deficit_exceeds_threshold
nuscenes_mini_subset,scene-1094_039,scene-1094,test,original,0,none,42,90,34720,34720,0,0,0.6782419967,0.4,True,density_deficit_exceeds_threshold
nuscenes_mini_subset,scene-1094_039,scene-1094,test,random_dropout,0.1,fraction_removed,42,90,31288,31288,0,0,0.7118827998,0.4,True,density_deficit_exceeds_threshold
nuscenes_mini_subset,scene-1094_039,scene-1094,test,random_dropout,0.3,fraction_removed,42,90,24255,24255,0,0,0.7813347802,0.4,True,density_deficit_exceeds_threshold
nuscenes_mini_subset,scene-1094_039,scene-1094,test,random_dropout,0.5,fraction_removed,42,90,17283,17283,0,0,0.8464460119,0.4,True,density_deficit_exceeds_threshold
nuscenes_mini_subset,scene-1094_039,scene-1094,test,sector_dropout,10,degrees,42,90,34182,34182,0,0,0.6782419967,0.4,True,density_deficit_exceeds_threshold
nuscenes_mini_subset,scene-1094_039,scene-1094,test,sector_dropout,20,degrees,42,90,33622,33622,0,2,1,0.4,True,density_deficit_exceeds_threshold
nuscenes_mini_subset,scene-1094_039,scene-1094,test,sector_dropout,30,degrees,42,90,33014,33014,0,2,1,0.4,True,density_deficit_exceeds_threshold
kitti_mini,000001,KITTI,calibration,original,0,none,42,0,120268,120268,0,0,0.2211283605,0.6,False,
kitti_mini,000001,KITTI,calibration,random_dropout,0.1,fraction_removed,42,0,108167,108167,0,0,0.2953426732,0.6,False,
kitti_mini,000001,KITTI,calibration,random_dropout,0.3,fraction_removed,42,0,84111,84111,0,0,0.4471790988,0.6,False,
kitti_mini,000001,KITTI,calibration,random_dropout,0.5,fraction_removed,42,0,59871,59871,0,0,0.6092389246,0.6,True,density_deficit_exceeds_threshold
kitti_mini,000001,KITTI,calibration,sector_dropout,10,degrees,42,0,117403,117403,0,0,0.5392058725,0.6,False,
kitti_mini,000001,KITTI,calibration,sector_dropout,20,degrees,42,0,114524,114524,0,2,1,0.6,True,density_deficit_exceeds_threshold
kitti_mini,000001,KITTI,calibration,sector_dropout,30,degrees,42,0,111656,111656,0,2,1,0.6,True,density_deficit_exceeds_threshold
kitti_mini,000004,KITTI,test,original,0,none,42,0,115976,115976,0,0,0.2491413474,0.6,False,
kitti_mini,000004,KITTI,test,random_dropout,0.1,fraction_removed,42,0,104322,104322,0,0,0.3207397622,0.6,False,
kitti_mini,000004,KITTI,test,random_dropout,0.3,fraction_removed,42,0,81127,81127,0,0,0.4676354029,0.6,False,
kitti_mini,000004,KITTI,test,random_dropout,0.5,fraction_removed,42,0,57713,57713,0,0,0.621664465,0.6,True,density_deficit_exceeds_threshold
kitti_mini,000004,KITTI,test,sector_dropout,10,degrees,42,0,113221,113221,0,0,0.5478812145,0.6,False,
kitti_mini,000004,KITTI,test,sector_dropout,20,degrees,42,0,110374,110374,0,2,1,0.6,True,density_deficit_exceeds_threshold
kitti_mini,000004,KITTI,test,sector_dropout,30,degrees,42,0,107252,107252,0,2,1,0.6,True,density_deficit_exceeds_threshold
kitti_mini,000007,KITTI,calibration,original,0,none,42,0,122798,122798,0,0,0.2309782609,0.6,False,
kitti_mini,000007,KITTI,calibration,random_dropout,0.1,fraction_removed,42,0,110452,110452,0,0,0.3202639752,0.6,False,
kitti_mini,000007,KITTI,calibration,random_dropout,0.3,fraction_removed,42,0,85891,85891,0,0,0.4549689441,0.6,False,
kitti_mini,000007,KITTI,calibration,random_dropout,0.5,fraction_removed,42,0,61146,61146,0,0,0.612189441,0.6,True,density_deficit_exceeds_threshold
kitti_mini,000007,KITTI,calibration,sector_dropout,10,degrees,42,0,119882,119882,0,0,0.5201868535,0.6,False,
kitti_mini,000007,KITTI,calibration,sector_dropout,20,degrees,42,0,116905,116905,0,2,1,0.6,True,density_deficit_exceeds_threshold
kitti_mini,000007,KITTI,calibration,sector_dropout,30,degrees,42,0,113797,113797,0,2,1,0.6,True,density_deficit_exceeds_threshold
kitti_mini,000008,KITTI,test,original,0,none,42,0,122555,122555,0,0,0.1737218252,0.6,False,
kitti_mini,000008,KITTI,test,random_dropout,0.1,fraction_removed,42,0,110227,110227,0,0,0.2603078615,0.6,False,
kitti_mini,000008,KITTI,test,random_dropout,0.3,fraction_removed,42,0,85707,85707,0,0,0.4255085212,0.6,False,
kitti_mini,000008,KITTI,test,random_dropout,0.5,fraction_removed,42,0,61008,61008,0,0,0.5951072018,0.6,False,
kitti_mini,000008,KITTI,test,sector_dropout,10,degrees,42,0,119436,119436,0,0,0.5288621955,0.6,False,
kitti_mini,000008,KITTI,test,sector_dropout,20,degrees,42,0,116373,116373,0,2,1,0.6,True,density_deficit_exceeds_threshold
kitti_mini,000008,KITTI,test,sector_dropout,30,degrees,42,0,113375,113375,0,2,1,0.6,True,density_deficit_exceeds_threshold
kitti_mini,000009,KITTI,calibration,original,0,none,42,0,123928,123928,0,0,0.2182759236,0.6,False,
kitti_mini,000009,KITTI,calibration,random_dropout,0.1,fraction_removed,42,0,111471,111471,0,0,0.3007317508,0.6,False,
kitti_mini,000009,KITTI,calibration,random_dropout,0.3,fraction_removed,42,0,86666,86666,0,0,0.4510083884,0.6,False,
kitti_mini,000009,KITTI,calibration,random_dropout,0.5,fraction_removed,42,0,61684,61684,0,0,0.6094949134,0.6,True,density_deficit_exceeds_threshold
kitti_mini,000009,KITTI,calibration,sector_dropout,10,degrees,42,0,121184,121184,0,0,0.5392303848,0.6,False,
kitti_mini,000009,KITTI,calibration,sector_dropout,20,degrees,42,0,118144,118144,0,2,1,0.6,True,density_deficit_exceeds_threshold
kitti_mini,000009,KITTI,calibration,sector_dropout,30,degrees,42,0,114998,114998,0,2,1,0.6,True,density_deficit_exceeds_threshold
kitti_mini,000010,KITTI,test,original,0,none,42,0,115875,115875,0,0,0.2575017446,0.6,False,
kitti_mini,000010,KITTI,test,random_dropout,0.1,fraction_removed,42,0,104232,104232,0,0,0.3309141661,0.6,False,
kitti_mini,000010,KITTI,test,random_dropout,0.3,fraction_removed,42,0,81051,81051,0,0,0.4810886253,0.6,False,
kitti_mini,000010,KITTI,test,random_dropout,0.5,fraction_removed,42,0,57666,57666,0,0,0.6314606742,0.6,True,density_deficit_exceeds_threshold
kitti_mini,000010,KITTI,test,sector_dropout,10,degrees,42,0,112986,112986,0,0,0.5311978645,0.6,False,
kitti_mini,000010,KITTI,test,sector_dropout,20,degrees,42,0,110136,110136,0,2,1,0.6,True,density_deficit_exceeds_threshold
kitti_mini,000010,KITTI,test,sector_dropout,30,degrees,42,0,107326,107326,0,2,1,0.6,True,density_deficit_exceeds_threshold
kitti_mini,000011,KITTI,calibration,original,0,none,42,0,108004,108004,0,0,0.437449338,0.6,False,
kitti_mini,000011,KITTI,calibration,random_dropout,0.1,fraction_removed,42,0,97137,97137,0,0,0.5033774655,0.6,False,
kitti_mini,000011,KITTI,calibration,random_dropout,0.3,fraction_removed,42,0,75504,75504,0,0,0.6092947852,0.6,True,density_deficit_exceeds_threshold
kitti_mini,000011,KITTI,calibration,random_dropout,0.5,fraction_removed,42,0,53691,53691,0,0,0.718724669,0.6,True,density_deficit_exceeds_threshold
kitti_mini,000011,KITTI,calibration,sector_dropout,10,degrees,42,0,104852,104852,0,0,0.4809262036,0.6,False,
kitti_mini,000011,KITTI,calibration,sector_dropout,20,degrees,42,0,101720,101720,0,2,1,0.6,True,density_deficit_exceeds_threshold
kitti_mini,000011,KITTI,calibration,sector_dropout,30,degrees,42,0,98457,98457,0,2,1,0.6,True,density_deficit_exceeds_threshold
kitti_mini,000012,KITTI,test,original,0,none,42,0,120007,120007,0,0,0.125468499,0.6,False,
kitti_mini,000012,KITTI,test,random_dropout,0.1,fraction_removed,42,0,107936,107936,0,0,0.2100660361,0.6,False,
kitti_mini,000012,KITTI,test,random_dropout,0.3,fraction_removed,42,0,83936,83936,0,0,0.3918105958,0.6,False,
kitti_mini,000012,KITTI,test,random_dropout,0.5,fraction_removed,42,0,59746,59746,0,0,0.5761692218,0.6,False,
kitti_mini,000012,KITTI,test,sector_dropout,10,degrees,42,0,117275,117275,0,0,0.5572238906,0.6,False,
kitti_mini,000012,KITTI,test,sector_dropout,20,degrees,42,0,114415,114415,0,2,1,0.6,True,density_deficit_exceeds_threshold
kitti_mini,000012,KITTI,test,sector_dropout,30,degrees,42,0,111302,111302,0,2,1,0.6,True,density_deficit_exceeds_threshold
kitti_mini,000015,KITTI,calibration,original,0,none,42,0,122583,122583,0,0,0.2275975811,0.6,False,
kitti_mini,000015,KITTI,calibration,random_dropout,0.1,fraction_removed,42,0,110255,110255,0,0,0.3023639362,0.6,False,
kitti_mini,000015,KITTI,calibration,random_dropout,0.3,fraction_removed,42,0,85728,85728,0,0,0.4617921935,0.6,False,
kitti_mini,000015,KITTI,calibration,random_dropout,0.5,fraction_removed,42,0,61027,61027,0,0,0.6179219351,0.6,True,density_deficit_exceeds_threshold
kitti_mini,000015,KITTI,calibration,sector_dropout,10,degrees,42,0,119491,119491,0,0,0.5019157088,0.6,False,
kitti_mini,000015,KITTI,calibration,sector_dropout,20,degrees,42,0,116309,116309,0,2,1,0.6,True,density_deficit_exceeds_threshold
kitti_mini,000015,KITTI,calibration,sector_dropout,30,degrees,42,0,112922,112922,0,2,1,0.6,True,density_deficit_exceeds_threshold
kitti_mini,000016,KITTI,test,original,0,none,42,0,113070,113070,0,0,0.2336819807,0.6,False,
kitti_mini,000016,KITTI,test,random_dropout,0.1,fraction_removed,42,0,101696,101696,0,0,0.3033231828,0.6,False,
kitti_mini,000016,KITTI,test,random_dropout,0.3,fraction_removed,42,0,79085,79085,0,0,0.4566397458,0.6,False,
kitti_mini,000016,KITTI,test,random_dropout,0.5,fraction_removed,42,0,56269,56269,0,0,0.6126042632,0.6,True,density_deficit_exceeds_threshold
kitti_mini,000016,KITTI,test,sector_dropout,10,degrees,42,0,110084,110084,0,0,0.5395395395,0.6,False,
kitti_mini,000016,KITTI,test,sector_dropout,20,degrees,42,0,107282,107282,0,2,1,0.6,True,density_deficit_exceeds_threshold
kitti_mini,000016,KITTI,test,sector_dropout,30,degrees,42,0,104177,104177,0,2,1,0.6,True,density_deficit_exceeds_threshold
kitti_mini,000019,KITTI,calibration,original,0,none,42,0,115697,115697,0,0,0.3797752809,0.6,False,
kitti_mini,000019,KITTI,calibration,random_dropout,0.1,fraction_removed,42,0,104075,104075,0,0,0.4443820225,0.6,False,
kitti_mini,000019,KITTI,calibration,random_dropout,0.3,fraction_removed,42,0,80920,80920,0,0,0.5710674157,0.6,False,
kitti_mini,000019,KITTI,calibration,random_dropout,0.5,fraction_removed,42,0,57574,57574,0,0,0.6907303371,0.6,True,density_deficit_exceeds_threshold
kitti_mini,000019,KITTI,calibration,sector_dropout,10,degrees,42,0,112937,112937,0,0,0.4654654655,0.6,False,
kitti_mini,000019,KITTI,calibration,sector_dropout,20,degrees,42,0,109699,109699,0,2,1,0.6,True,density_deficit_exceeds_threshold
kitti_mini,000019,KITTI,calibration,sector_dropout,30,degrees,42,0,106352,106352,0,2,1,0.6,True,density_deficit_exceeds_threshold
kitti_mini,000021,KITTI,test,original,0,none,42,0,125260,125260,0,0,0.1097626272,0.6,False,
kitti_mini,000021,KITTI,test,random_dropout,0.1,fraction_removed,42,0,112663,112663,0,0,0.1904336962,0.6,False,
kitti_mini,000021,KITTI,test,random_dropout,0.3,fraction_removed,42,0,87589,87589,0,0,0.3771194003,0.6,False,
kitti_mini,000021,KITTI,test,random_dropout,0.5,fraction_removed,42,0,62348,62348,0,0,0.5545243619,0.6,False,
kitti_mini,000021,KITTI,test,sector_dropout,10,degrees,42,0,122350,122350,0,0,0.4925870398,0.6,False,
kitti_mini,000021,KITTI,test,sector_dropout,20,degrees,42,0,119279,119279,0,2,1,0.6,True,density_deficit_exceeds_threshold
kitti_mini,000021,KITTI,test,sector_dropout,30,degrees,42,0,115901,115901,0,2,1,0.6,True,density_deficit_exceeds_threshold
kitti_mini,000023,KITTI,calibration,original,0,none,42,0,120412,120412,0,0,0.2112836047,0.6,False,
kitti_mini,000023,KITTI,calibration,random_dropout,0.1,fraction_removed,42,0,108295,108295,0,0,0.2828474063,0.6,False,
kitti_mini,000023,KITTI,calibration,random_dropout,0.3,fraction_removed,42,0,84216,84216,0,0,0.4335478985,0.6,False,
kitti_mini,000023,KITTI,calibration,random_dropout,0.5,fraction_removed,42,0,59941,59941,0,0,0.5940931465,0.6,False,
kitti_mini,000023,KITTI,calibration,sector_dropout,10,degrees,42,0,117532,117532,0,0,0.5375375375,0.6,False,
kitti_mini,000023,KITTI,calibration,sector_dropout,20,degrees,42,0,114647,114647,0,2,1,0.6,True,density_deficit_exceeds_threshold
kitti_mini,000023,KITTI,calibration,sector_dropout,30,degrees,42,0,111761,111761,0,2,1,0.6,True,density_deficit_exceeds_threshold
kitti_mini,000025,KITTI,test,original,0,none,42,0,115780,115780,0,0,0.4989532449,0.6,False,
kitti_mini,000025,KITTI,test,random_dropout,0.1,fraction_removed,42,0,104147,104147,0,0,0.5528262387,0.6,False,
kitti_mini,000025,KITTI,test,random_dropout,0.3,fraction_removed,42,0,80980,80980,0,0,0.6519190509,0.6,True,density_deficit_exceeds_threshold
kitti_mini,000025,KITTI,test,random_dropout,0.5,fraction_removed,42,0,57618,57618,0,0,0.747662247,0.6,True,density_deficit_exceeds_threshold
kitti_mini,000025,KITTI,test,sector_dropout,10,degrees,42,0,112768,112768,0,0,0.5059137098,0.6,False,
kitti_mini,000025,KITTI,test,sector_dropout,20,degrees,42,0,109681,109681,0,2,1,0.6,True,density_deficit_exceeds_threshold
kitti_mini,000025,KITTI,test,sector_dropout,30,degrees,42,0,106354,106354,0,2,1,0.6,True,density_deficit_exceeds_threshold
kitti_mini,000031,KITTI,calibration,original,0,none,42,0,121291,121291,0,0,0.2161747142,0.6,False,
kitti_mini,000031,KITTI,calibration,random_dropout,0.1,fraction_removed,42,0,109094,109094,0,0,0.2987544788,0.6,False,
kitti_mini,000031,KITTI,calibration,random_dropout,0.3,fraction_removed,42,0,84836,84836,0,0,0.4741511687,0.6,False,
kitti_mini,000031,KITTI,calibration,random_dropout,0.5,fraction_removed,42,0,60380,60380,0,0,0.6215662856,0.6,True,density_deficit_exceeds_threshold
kitti_mini,000031,KITTI,calibration,sector_dropout,10,degrees,42,0,118436,118436,0,0,0.4644644645,0.6,False,
kitti_mini,000031,KITTI,calibration,sector_dropout,20,degrees,42,0,115189,115189,0,2,1,0.6,True,density_deficit_exceeds_threshold
kitti_mini,000031,KITTI,calibration,sector_dropout,30,degrees,42,0,111968,111968,0,2,1,0.6,True,density_deficit_exceeds_threshold
kitti_mini,000032,KITTI,test,original,0,none,42,0,118661,118661,0,0,0.3036516854,0.6,False,
kitti_mini,000032,KITTI,test,random_dropout,0.1,fraction_removed,42,0,106737,106737,0,0,0.3735955056,0.6,False,
kitti_mini,000032,KITTI,test,random_dropout,0.3,fraction_removed,42,0,82996,82996,0,0,0.5095505618,0.6,False,
kitti_mini,000032,KITTI,test,random_dropout,0.5,fraction_removed,42,0,59084,59084,0,0,0.6460674157,0.6,True,density_deficit_exceeds_threshold
kitti_mini,000032,KITTI,test,sector_dropout,10,degrees,42,0,115376,115376,0,0,0.4869232051,0.6,False,
kitti_mini,000032,KITTI,test,sector_dropout,20,degrees,42,0,112167,112167,0,2,1,0.6,True,density_deficit_exceeds_threshold
kitti_mini,000032,KITTI,test,sector_dropout,30,degrees,42,0,108942,108942,0,2,1,0.6,True,density_deficit_exceeds_threshold
kitti_mini,000043,KITTI,calibration,original,0,none,42,0,122591,122591,0,0,0.1185770751,0.6,False,
kitti_mini,000043,KITTI,calibration,random_dropout,0.1,fraction_removed,42,0,110261,110261,0,0,0.2026350461,0.6,False,
kitti_mini,000043,KITTI,calibration,random_dropout,0.3,fraction_removed,42,0,85733,85733,0,0,0.377602108,0.6,False,
kitti_mini,000043,KITTI,calibration,random_dropout,0.5,fraction_removed,42,0,61030,61030,0,0,0.5571405414,0.6,False,
kitti_mini,000043,KITTI,calibration,sector_dropout,10,degrees,42,0,119700,119700,0,0,0.4659336998,0.6,False,
kitti_mini,000043,KITTI,calibration,sector_dropout,20,degrees,42,0,116484,116484,0,2,1,0.6,True,density_deficit_exceeds_threshold
kitti_mini,000043,KITTI,calibration,sector_dropout,30,degrees,42,0,113109,113109,0,2,1,0.6,True,density_deficit_exceeds_threshold
kitti_mini,000048,KITTI,test,original,0,none,42,0,122675,122675,0,0,0.1252311757,0.6,False,
kitti_mini,000048,KITTI,test,random_dropout,0.1,fraction_removed,42,0,110341,110341,0,0,0.2113606341,0.6,False,
kitti_mini,000048,KITTI,test,random_dropout,0.3,fraction_removed,42,0,85799,85799,0,0,0.3965653897,0.6,False,
kitti_mini,000048,KITTI,test,random_dropout,0.5,fraction_removed,42,0,61084,61084,0,0,0.5717305152,0.6,False,
kitti_mini,000048,KITTI,test,sector_dropout,10,degrees,42,0,119639,119639,0,0,0.4619356988,0.6,False,
kitti_mini,000048,KITTI,test,sector_dropout,20,degrees,42,0,116394,116394,0,2,1,0.6,True,density_deficit_exceeds_threshold
kitti_mini,000048,KITTI,test,sector_dropout,30,degrees,42,0,113015,113015,0,2,1,0.6,True,density_deficit_exceeds_threshold
kitti_mini,000049,KITTI,calibration,original,0,none,42,0,113691,113691,0,0,0.2917112299,0.6,False,
kitti_mini,000049,KITTI,calibration,random_dropout,0.1,fraction_removed,42,0,102244,102244,0,0,0.3612299465,0.6,False,
kitti_mini,000049,KITTI,calibration,random_dropout,0.3,fraction_removed,42,0,79510,79510,0,0,0.5016042781,0.6,False,
kitti_mini,000049,KITTI,calibration,random_dropout,0.5,fraction_removed,42,0,56570,56570,0,0,0.649197861,0.6,True,density_deficit_exceeds_threshold
kitti_mini,000049,KITTI,calibration,sector_dropout,10,degrees,42,0,110704,110704,0,0,0.4984984985,0.6,False,
kitti_mini,000049,KITTI,calibration,sector_dropout,20,degrees,42,0,107599,107599,0,2,1,0.6,True,density_deficit_exceeds_threshold
kitti_mini,000049,KITTI,calibration,sector_dropout,30,degrees,42,0,104368,104368,0,2,1,0.6,True,density_deficit_exceeds_threshold
kitti_mini,000061,KITTI,test,original,0,none,42,0,125247,125247,0,0,0.1957119296,0.6,False,
kitti_mini,000061,KITTI,test,random_dropout,0.1,fraction_removed,42,0,112650,112650,0,0,0.2699285322,0.6,False,
kitti_mini,000061,KITTI,test,random_dropout,0.3,fraction_removed,42,0,87580,87580,0,0,0.4395272128,0.6,False,
kitti_mini,000061,KITTI,test,random_dropout,0.5,fraction_removed,42,0,62340,62340,0,0,0.6083012644,0.6,True,density_deficit_exceeds_threshold
kitti_mini,000061,KITTI,test,sector_dropout,10,degrees,42,0,121843,121843,0,0,0.4327660994,0.6,False,
kitti_mini,000061,KITTI,test,sector_dropout,20,degrees,42,0,118439,118439,0,2,1,0.6,True,density_deficit_exceeds_threshold
kitti_mini,000061,KITTI,test,sector_dropout,30,degrees,42,0,114969,114969,0,2,1,0.6,True,density_deficit_exceeds_threshold
nuscenes_mini_subset,scene-0103_000,scene-0103,calibration,original,0,none,42,90,34752,34752,0,0,0.7826802766,0.6,True,density_deficit_exceeds_threshold
nuscenes_mini_subset,scene-0103_000,scene-0103,calibration,random_dropout,0.1,fraction_removed,42,90,31318,31318,0,0,0.8037537043,0.6,True,density_deficit_exceeds_threshold
nuscenes_mini_subset,scene-0103_000,scene-0103,calibration,random_dropout,0.3,fraction_removed,42,90,24280,24280,0,0,0.8508396444,0.6,True,density_deficit_exceeds_threshold
nuscenes_mini_subset,scene-0103_000,scene-0103,calibration,random_dropout,0.5,fraction_removed,42,90,17300,17300,0,0,0.8946328614,0.6,True,density_deficit_exceeds_threshold
nuscenes_mini_subset,scene-0103_000,scene-0103,calibration,sector_dropout,10,degrees,42,90,34173,34173,0,0,0.7826802766,0.6,True,density_deficit_exceeds_threshold
nuscenes_mini_subset,scene-0103_000,scene-0103,calibration,sector_dropout,20,degrees,42,90,33489,33489,0,2,1,0.6,True,density_deficit_exceeds_threshold
nuscenes_mini_subset,scene-0103_000,scene-0103,calibration,sector_dropout,30,degrees,42,90,32758,32758,0,2,1,0.6,True,density_deficit_exceeds_threshold
nuscenes_mini_subset,scene-0103_001,scene-0103,test,original,0,none,42,90,34688,34688,0,0,0.6483993489,0.6,True,density_deficit_exceeds_threshold
nuscenes_mini_subset,scene-0103_001,scene-0103,test,random_dropout,0.1,fraction_removed,42,90,31260,31260,0,0,0.6858383071,0.6,True,density_deficit_exceeds_threshold
nuscenes_mini_subset,scene-0103_001,scene-0103,test,random_dropout,0.3,fraction_removed,42,90,24237,24237,0,0,0.757460662,0.6,True,density_deficit_exceeds_threshold
nuscenes_mini_subset,scene-0103_001,scene-0103,test,random_dropout,0.5,fraction_removed,42,90,17270,17270,0,0,0.8279978296,0.6,True,density_deficit_exceeds_threshold
nuscenes_mini_subset,scene-0103_001,scene-0103,test,sector_dropout,10,degrees,42,90,34086,34086,0,0,0.6483993489,0.6,True,density_deficit_exceeds_threshold
nuscenes_mini_subset,scene-0103_001,scene-0103,test,sector_dropout,20,degrees,42,90,33401,33401,0,2,1,0.6,True,density_deficit_exceeds_threshold
nuscenes_mini_subset,scene-0103_001,scene-0103,test,sector_dropout,30,degrees,42,90,32666,32666,0,2,1,0.6,True,density_deficit_exceeds_threshold
nuscenes_mini_subset,scene-0103_002,scene-0103,calibration,original,0,none,42,90,34752,34752,0,0,0.6652197504,0.6,True,density_deficit_exceeds_threshold
nuscenes_mini_subset,scene-0103_002,scene-0103,calibration,random_dropout,0.1,fraction_removed,42,90,31318,31318,0,0,0.7015735214,0.6,True,density_deficit_exceeds_threshold
nuscenes_mini_subset,scene-0103_002,scene-0103,calibration,random_dropout,0.3,fraction_removed,42,90,24280,24280,0,0,0.7688551275,0.6,True,density_deficit_exceeds_threshold
nuscenes_mini_subset,scene-0103_002,scene-0103,calibration,random_dropout,0.5,fraction_removed,42,90,17300,17300,0,0,0.8350515464,0.6,True,density_deficit_exceeds_threshold
nuscenes_mini_subset,scene-0103_002,scene-0103,calibration,sector_dropout,10,degrees,42,90,34178,34178,0,0,0.6652197504,0.6,True,density_deficit_exceeds_threshold
nuscenes_mini_subset,scene-0103_002,scene-0103,calibration,sector_dropout,20,degrees,42,90,33497,33497,0,2,1,0.6,True,density_deficit_exceeds_threshold
nuscenes_mini_subset,scene-0103_002,scene-0103,calibration,sector_dropout,30,degrees,42,90,32766,32766,0,2,1,0.6,True,density_deficit_exceeds_threshold
nuscenes_mini_subset,scene-0103_003,scene-0103,test,original,0,none,42,90,34720,34720,0,0,0.6950623983,0.6,True,density_deficit_exceeds_threshold
nuscenes_mini_subset,scene-0103_003,scene-0103,test,random_dropout,0.1,fraction_removed,42,90,31288,31288,0,0,0.7254476397,0.6,True,density_deficit_exceeds_threshold
nuscenes_mini_subset,scene-0103_003,scene-0103,test,random_dropout,0.3,fraction_removed,42,90,24255,24255,0,0,0.788388497,0.6,True,density_deficit_exceeds_threshold
nuscenes_mini_subset,scene-0103_003,scene-0103,test,random_dropout,0.5,fraction_removed,42,90,17283,17283,0,0,0.8475311991,0.6,True,density_deficit_exceeds_threshold
nuscenes_mini_subset,scene-0103_003,scene-0103,test,sector_dropout,10,degrees,42,90,34137,34137,0,0,0.6950623983,0.6,True,density_deficit_exceeds_threshold
nuscenes_mini_subset,scene-0103_003,scene-0103,test,sector_dropout,20,degrees,42,90,33465,33465,0,2,1,0.6,True,density_deficit_exceeds_threshold
nuscenes_mini_subset,scene-0103_003,scene-0103,test,sector_dropout,30,degrees,42,90,32743,32743,0,2,1,0.6,True,density_deficit_exceeds_threshold
nuscenes_mini_subset,scene-0103_004,scene-0103,calibration,original,0,none,42,90,34784,34784,0,0,0.7059142702,0.6,True,density_deficit_exceeds_threshold
nuscenes_mini_subset,scene-0103_004,scene-0103,calibration,random_dropout,0.1,fraction_removed,42,90,31345,31345,0,0,0.7357569181,0.6,True,density_deficit_exceeds_threshold
nuscenes_mini_subset,scene-0103_004,scene-0103,calibration,random_dropout,0.3,fraction_removed,42,90,24300,24300,0,0,0.796527401,0.6,True,density_deficit_exceeds_threshold
nuscenes_mini_subset,scene-0103_004,scene-0103,calibration,random_dropout,0.5,fraction_removed,42,90,17313,17313,0,0,0.8551275095,0.6,True,density_deficit_exceeds_threshold
nuscenes_mini_subset,scene-0103_004,scene-0103,calibration,sector_dropout,10,degrees,42,90,34196,34196,0,0,0.7059142702,0.6,True,density_deficit_exceeds_threshold
nuscenes_mini_subset,scene-0103_004,scene-0103,calibration,sector_dropout,20,degrees,42,90,33528,33528,0,2,1,0.6,True,density_deficit_exceeds_threshold
nuscenes_mini_subset,scene-0103_004,scene-0103,calibration,sector_dropout,30,degrees,42,90,32825,32825,0,2,1,0.6,True,density_deficit_exceeds_threshold
nuscenes_mini_subset,scene-0103_005,scene-0103,test,original,0,none,42,90,34720,34720,0,0,0.3824200913,0.6,False,
nuscenes_mini_subset,scene-0103_005,scene-0103,test,random_dropout,0.1,fraction_removed,42,90,31288,31288,0,0,0.4566210046,0.6,False,
nuscenes_mini_subset,scene-0103_005,scene-0103,test,random_dropout,0.3,fraction_removed,42,90,24255,24255,0,0,0.5799086758,0.6,False,
nuscenes_mini_subset,scene-0103_005,scene-0103,test,random_dropout,0.5,fraction_removed,42,90,17283,17283,0,0,0.7160775371,0.6,True,density_deficit_exceeds_threshold
nuscenes_mini_subset,scene-0103_005,scene-0103,test,sector_dropout,10,degrees,42,90,34105,34105,0,0,0.4887218045,0.6,False,
nuscenes_mini_subset,scene-0103_005,scene-0103,test,sector_dropout,20,degrees,42,90,33424,33424,0,2,1,0.6,True,density_deficit_exceeds_threshold
nuscenes_mini_subset,scene-0103_005,scene-0103,test,sector_dropout,30,degrees,42,90,32673,32673,0,2,1,0.6,True,density_deficit_exceeds_threshold
nuscenes_mini_subset,scene-0103_006,scene-0103,calibration,original,0,none,42,90,34688,34688,0,0,0.6939772111,0.6,True,density_deficit_exceeds_threshold
nuscenes_mini_subset,scene-0103_006,scene-0103,calibration,random_dropout,0.1,fraction_removed,42,90,31260,31260,0,0,0.7259902333,0.6,True,density_deficit_exceeds_threshold
nuscenes_mini_subset,scene-0103_006,scene-0103,calibration,random_dropout,0.3,fraction_removed,42,90,24237,24237,0,0,0.7873033098,0.6,True,density_deficit_exceeds_threshold
nuscenes_mini_subset,scene-0103_006,scene-0103,calibration,random_dropout,0.5,fraction_removed,42,90,17270,17270,0,0,0.8491589799,0.6,True,density_deficit_exceeds_threshold
nuscenes_mini_subset,scene-0103_006,scene-0103,calibration,sector_dropout,10,degrees,42,90,34101,34101,0,0,0.6939772111,0.6,True,density_deficit_exceeds_threshold
nuscenes_mini_subset,scene-0103_006,scene-0103,calibration,sector_dropout,20,degrees,42,90,33454,33454,0,2,1,0.6,True,density_deficit_exceeds_threshold
nuscenes_mini_subset,scene-0103_006,scene-0103,calibration,sector_dropout,30,degrees,42,90,32710,32710,0,2,1,0.6,True,density_deficit_exceeds_threshold
nuscenes_mini_subset,scene-0103_007,scene-0103,test,original,0,none,42,90,34688,34688,0,0,0.6543678785,0.6,True,density_deficit_exceeds_threshold
nuscenes_mini_subset,scene-0103_007,scene-0103,test,random_dropout,0.1,fraction_removed,42,90,31260,31260,0,0,0.6907216495,0.6,True,density_deficit_exceeds_threshold
nuscenes_mini_subset,scene-0103_007,scene-0103,test,random_dropout,0.3,fraction_removed,42,90,24237,24237,0,0,0.7612588171,0.6,True,density_deficit_exceeds_threshold
nuscenes_mini_subset,scene-0103_007,scene-0103,test,random_dropout,0.5,fraction_removed,42,90,17270,17270,0,0,0.8334237656,0.6,True,density_deficit_exceeds_threshold
nuscenes_mini_subset,scene-0103_007,scene-0103,test,sector_dropout,10,degrees,42,90,34100,34100,0,0,0.6543678785,0.6,True,density_deficit_exceeds_threshold
nuscenes_mini_subset,scene-0103_007,scene-0103,test,sector_dropout,20,degrees,42,90,33463,33463,0,2,1,0.6,True,density_deficit_exceeds_threshold
nuscenes_mini_subset,scene-0103_007,scene-0103,test,sector_dropout,30,degrees,42,90,32730,32730,0,2,1,0.6,True,density_deficit_exceeds_threshold
nuscenes_mini_subset,scene-0103_008,scene-0103,calibration,original,0,none,42,90,34720,34720,0,0,0.7701679289,0.6,True,density_deficit_exceeds_threshold
nuscenes_mini_subset,scene-0103_008,scene-0103,calibration,random_dropout,0.1,fraction_removed,42,90,31288,31288,0,0,0.7925584458,0.6,True,density_deficit_exceeds_threshold
nuscenes_mini_subset,scene-0103_008,scene-0103,calibration,random_dropout,0.3,fraction_removed,42,90,24255,24255,0,0,0.8393151136,0.6,True,density_deficit_exceeds_threshold
nuscenes_mini_subset,scene-0103_008,scene-0103,calibration,random_dropout,0.5,fraction_removed,42,90,17283,17283,0,0,0.8821205137,0.6,True,density_deficit_exceeds_threshold
nuscenes_mini_subset,scene-0103_008,scene-0103,calibration,sector_dropout,10,degrees,42,90,34166,34166,0,0,0.7701679289,0.6,True,density_deficit_exceeds_threshold
nuscenes_mini_subset,scene-0103_008,scene-0103,calibration,sector_dropout,20,degrees,42,90,33549,33549,0,2,1,0.6,True,density_deficit_exceeds_threshold
nuscenes_mini_subset,scene-0103_008,scene-0103,calibration,sector_dropout,30,degrees,42,90,32831,32831,0,2,1,0.6,True,density_deficit_exceeds_threshold
nuscenes_mini_subset,scene-0103_009,scene-0103,test,original,0,none,42,90,34720,34720,0,0,0.7942048074,0.6,True,density_deficit_exceeds_threshold
nuscenes_mini_subset,scene-0103_009,scene-0103,test,random_dropout,0.1,fraction_removed,42,90,31288,31288,0,0,0.8139611459,0.6,True,density_deficit_exceeds_threshold
nuscenes_mini_subset,scene-0103_009,scene-0103,test,random_dropout,0.3,fraction_removed,42,90,24255,24255,0,0,0.8561080013,0.6,True,density_deficit_exceeds_threshold
nuscenes_mini_subset,scene-0103_009,scene-0103,test,random_dropout,0.5,fraction_removed,42,90,17283,17283,0,0,0.895291406,0.6,True,density_deficit_exceeds_threshold
nuscenes_mini_subset,scene-0103_009,scene-0103,test,sector_dropout,10,degrees,42,90,34174,34174,0,0,0.7942048074,0.6,True,density_deficit_exceeds_threshold
nuscenes_mini_subset,scene-0103_009,scene-0103,test,sector_dropout,20,degrees,42,90,33561,33561,0,2,1,0.6,True,density_deficit_exceeds_threshold
nuscenes_mini_subset,scene-0103_009,scene-0103,test,sector_dropout,30,degrees,42,90,32808,32808,0,2,1,0.6,True,density_deficit_exceeds_threshold
nuscenes_mini_subset,scene-0103_010,scene-0103,calibration,original,0,none,42,90,34720,34720,0,0,0.6728160608,0.6,True,density_deficit_exceeds_threshold
nuscenes_mini_subset,scene-0103_010,scene-0103,calibration,random_dropout,0.1,fraction_removed,42,90,31288,31288,0,0,0.7080846446,0.6,True,density_deficit_exceeds_threshold
nuscenes_mini_subset,scene-0103_010,scene-0103,calibration,random_dropout,0.3,fraction_removed,42,90,24255,24255,0,0,0.7759088443,0.6,True,density_deficit_exceeds_threshold
nuscenes_mini_subset,scene-0103_010,scene-0103,calibration,random_dropout,0.5,fraction_removed,42,90,17283,17283,0,0,0.8426478568,0.6,True,density_deficit_exceeds_threshold
nuscenes_mini_subset,scene-0103_010,scene-0103,calibration,sector_dropout,10,degrees,42,90,34162,34162,0,0,0.6728160608,0.6,True,density_deficit_exceeds_threshold
nuscenes_mini_subset,scene-0103_010,scene-0103,calibration,sector_dropout,20,degrees,42,90,33505,33505,0,2,1,0.6,True,density_deficit_exceeds_threshold
nuscenes_mini_subset,scene-0103_010,scene-0103,calibration,sector_dropout,30,degrees,42,90,32755,32755,0,2,1,0.6,True,density_deficit_exceeds_threshold
nuscenes_mini_subset,scene-0103_011,scene-0103,test,original,0,none,42,90,34688,34688,0,0,0.6842105263,0.6,True,density_deficit_exceeds_threshold
nuscenes_mini_subset,scene-0103_011,scene-0103,test,random_dropout,0.1,fraction_removed,42,90,31260,31260,0,0,0.7178513294,0.6,True,density_deficit_exceeds_threshold
nuscenes_mini_subset,scene-0103_011,scene-0103,test,random_dropout,0.3,fraction_removed,42,90,24237,24237,0,0,0.7851329354,0.6,True,density_deficit_exceeds_threshold
nuscenes_mini_subset,scene-0103_011,scene-0103,test,random_dropout,0.5,fraction_removed,42,90,17270,17270,0,0,0.8491589799,0.6,True,density_deficit_exceeds_threshold
nuscenes_mini_subset,scene-0103_011,scene-0103,test,sector_dropout,10,degrees,42,90,34078,34078,0,0,0.6842105263,0.6,True,density_deficit_exceeds_threshold
nuscenes_mini_subset,scene-0103_011,scene-0103,test,sector_dropout,20,degrees,42,90,33408,33408,0,2,1,0.6,True,density_deficit_exceeds_threshold
nuscenes_mini_subset,scene-0103_011,scene-0103,test,sector_dropout,30,degrees,42,90,32649,32649,0,2,1,0.6,True,density_deficit_exceeds_threshold
nuscenes_mini_subset,scene-0103_012,scene-0103,calibration,original,0,none,42,90,34688,34688,0,0,0.6782419967,0.6,True,density_deficit_exceeds_threshold
nuscenes_mini_subset,scene-0103_012,scene-0103,calibration,random_dropout,0.1,fraction_removed,42,90,31260,31260,0,0,0.7107976126,0.6,True,density_deficit_exceeds_threshold
nuscenes_mini_subset,scene-0103_012,scene-0103,calibration,random_dropout,0.3,fraction_removed,42,90,24237,24237,0,0,0.7780792187,0.6,True,density_deficit_exceeds_threshold
nuscenes_mini_subset,scene-0103_012,scene-0103,calibration,random_dropout,0.5,fraction_removed,42,90,17270,17270,0,0,0.843733044,0.6,True,density_deficit_exceeds_threshold
nuscenes_mini_subset,scene-0103_012,scene-0103,calibration,sector_dropout,10,degrees,42,90,34076,34076,0,0,0.6782419967,0.6,True,density_deficit_exceeds_threshold
nuscenes_mini_subset,scene-0103_012,scene-0103,calibration,sector_dropout,20,degrees,42,90,33380,33380,0,2,1,0.6,True,density_deficit_exceeds_threshold
nuscenes_mini_subset,scene-0103_012,scene-0103,calibration,sector_dropout,30,degrees,42,90,32605,32605,0,2,1,0.6,True,density_deficit_exceeds_threshold
nuscenes_mini_subset,scene-0103_013,scene-0103,test,original,0,none,42,90,34688,34688,0,0,0.2136181575,0.6,False,
nuscenes_mini_subset,scene-0103_013,scene-0103,test,random_dropout,0.1,fraction_removed,42,90,31260,31260,0,0,0.2950600801,0.6,False,
nuscenes_mini_subset,scene-0103_013,scene-0103,test,random_dropout,0.3,fraction_removed,42,90,24237,24237,0,0,0.4632843792,0.6,False,
nuscenes_mini_subset,scene-0103_013,scene-0103,test,random_dropout,0.5,fraction_removed,42,90,17270,17270,0,0,0.6141522029,0.6,True,density_deficit_exceeds_threshold
nuscenes_mini_subset,scene-0103_013,scene-0103,test,sector_dropout,10,degrees,42,90,34061,34061,0,0,0.4736842105,0.6,False,
nuscenes_mini_subset,scene-0103_013,scene-0103,test,sector_dropout,20,degrees,42,90,33357,33357,0,2,1,0.6,True,density_deficit_exceeds_threshold
nuscenes_mini_subset,scene-0103_013,scene-0103,test,sector_dropout,30,degrees,42,90,32548,32548,0,2,1,0.6,True,density_deficit_exceeds_threshold
nuscenes_mini_subset,scene-0103_014,scene-0103,calibration,original,0,none,42,90,34720,34720,0,0,0.6196418882,0.6,True,density_deficit_exceeds_threshold
nuscenes_mini_subset,scene-0103_014,scene-0103,calibration,random_dropout,0.1,fraction_removed,42,90,31288,31288,0,0,0.660336408,0.6,True,density_deficit_exceeds_threshold
nuscenes_mini_subset,scene-0103_014,scene-0103,calibration,random_dropout,0.3,fraction_removed,42,90,24255,24255,0,0,0.7379272925,0.6,True,density_deficit_exceeds_threshold
nuscenes_mini_subset,scene-0103_014,scene-0103,calibration,random_dropout,0.5,fraction_removed,42,90,17283,17283,0,0,0.8166033641,0.6,True,density_deficit_exceeds_threshold
nuscenes_mini_subset,scene-0103_014,scene-0103,calibration,sector_dropout,10,degrees,42,90,34073,34073,0,0,0.6196418882,0.6,True,density_deficit_exceeds_threshold
nuscenes_mini_subset,scene-0103_014,scene-0103,calibration,sector_dropout,20,degrees,42,90,33351,33351,0,2,1,0.6,True,density_deficit_exceeds_threshold
nuscenes_mini_subset,scene-0103_014,scene-0103,calibration,sector_dropout,30,degrees,42,90,32523,32523,0,2,1,0.6,True,density_deficit_exceeds_threshold
nuscenes_mini_subset,scene-0103_015,scene-0103,test,original,0,none,42,90,34688,34688,0,0,0.4119196576,0.6,False,
nuscenes_mini_subset,scene-0103_015,scene-0103,test,random_dropout,0.1,fraction_removed,42,90,31260,31260,0,0,0.471188673,0.6,False,
nuscenes_mini_subset,scene-0103_015,scene-0103,test,random_dropout,0.3,fraction_removed,42,90,24237,24237,0,0,0.5946657886,0.6,False,
nuscenes_mini_subset,scene-0103_015,scene-0103,test,random_dropout,0.5,fraction_removed,42,90,17270,17270,0,0,0.7089232796,0.6,True,density_deficit_exceeds_threshold
nuscenes_mini_subset,scene-0103_015,scene-0103,test,sector_dropout,10,degrees,42,90,34032,34032,0,0,0.4736842105,0.6,False,
nuscenes_mini_subset,scene-0103_015,scene-0103,test,sector_dropout,20,degrees,42,90,33326,33326,0,2,1,0.6,True,density_deficit_exceeds_threshold
nuscenes_mini_subset,scene-0103_015,scene-0103,test,sector_dropout,30,degrees,42,90,32508,32508,0,2,1,0.6,True,density_deficit_exceeds_threshold
nuscenes_mini_subset,scene-0103_016,scene-0103,calibration,original,0,none,42,90,34720,34720,0,0,0.6652197504,0.6,True,density_deficit_exceeds_threshold
nuscenes_mini_subset,scene-0103_016,scene-0103,calibration,random_dropout,0.1,fraction_removed,42,90,31288,31288,0,0,0.699403147,0.6,True,density_deficit_exceeds_threshold
nuscenes_mini_subset,scene-0103_016,scene-0103,calibration,random_dropout,0.3,fraction_removed,42,90,24255,24255,0,0,0.7677699403,0.6,True,density_deficit_exceeds_threshold
nuscenes_mini_subset,scene-0103_016,scene-0103,calibration,random_dropout,0.5,fraction_removed,42,90,17283,17283,0,0,0.8372219208,0.6,True,density_deficit_exceeds_threshold
nuscenes_mini_subset,scene-0103_016,scene-0103,calibration,sector_dropout,10,degrees,42,90,34055,34055,0,0,0.6652197504,0.6,True,density_deficit_exceeds_threshold
nuscenes_mini_subset,scene-0103_016,scene-0103,calibration,sector_dropout,20,degrees,42,90,33363,33363,0,2,1,0.6,True,density_deficit_exceeds_threshold
nuscenes_mini_subset,scene-0103_016,scene-0103,calibration,sector_dropout,30,degrees,42,90,32545,32545,0,2,1,0.6,True,density_deficit_exceeds_threshold
nuscenes_mini_subset,scene-0103_017,scene-0103,test,original,0,none,42,90,34720,34720,0,0,0.6391752577,0.6,True,density_deficit_exceeds_threshold
nuscenes_mini_subset,scene-0103_017,scene-0103,test,random_dropout,0.1,fraction_removed,42,90,31288,31288,0,0,0.6771568095,0.6,True,density_deficit_exceeds_threshold
nuscenes_mini_subset,scene-0103_017,scene-0103,test,random_dropout,0.3,fraction_removed,42,90,24255,24255,0,0,0.7514921324,0.6,True,density_deficit_exceeds_threshold
nuscenes_mini_subset,scene-0103_017,scene-0103,test,random_dropout,0.5,fraction_removed,42,90,17283,17283,0,0,0.8214867065,0.6,True,density_deficit_exceeds_threshold
nuscenes_mini_subset,scene-0103_017,scene-0103,test,sector_dropout,10,degrees,42,90,34063,34063,0,0,0.6391752577,0.6,True,density_deficit_exceeds_threshold
nuscenes_mini_subset,scene-0103_017,scene-0103,test,sector_dropout,20,degrees,42,90,33366,33366,0,2,1,0.6,True,density_deficit_exceeds_threshold
nuscenes_mini_subset,scene-0103_017,scene-0103,test,sector_dropout,30,degrees,42,90,32561,32561,0,2,1,0.6,True,density_deficit_exceeds_threshold
nuscenes_mini_subset,scene-0103_018,scene-0103,calibration,original,0,none,42,90,34784,34784,0,0,0.5492262101,0.6,False,
nuscenes_mini_subset,scene-0103_018,scene-0103,calibration,random_dropout,0.1,fraction_removed,42,90,31345,31345,0,0,0.5956536055,0.6,False,
nuscenes_mini_subset,scene-0103_018,scene-0103,calibration,random_dropout,0.3,fraction_removed,42,90,24300,24300,0,0,0.6957523872,0.6,True,density_deficit_exceeds_threshold
nuscenes_mini_subset,scene-0103_018,scene-0103,calibration,random_dropout,0.5,fraction_removed,42,90,17313,17313,0,0,0.7816924597,0.6,True,density_deficit_exceeds_threshold
nuscenes_mini_subset,scene-0103_018,scene-0103,calibration,sector_dropout,10,degrees,42,90,34149,34149,0,0,0.5492262101,0.6,False,
nuscenes_mini_subset,scene-0103_018,scene-0103,calibration,sector_dropout,20,degrees,42,90,33454,33454,0,2,1,0.6,True,density_deficit_exceeds_threshold
nuscenes_mini_subset,scene-0103_018,scene-0103,calibration,sector_dropout,30,degrees,42,90,32635,32635,0,2,1,0.6,True,density_deficit_exceeds_threshold
nuscenes_mini_subset,scene-0103_019,scene-0103,test,original,0,none,42,90,34784,34784,0,0,0.6077048291,0.6,True,density_deficit_exceeds_threshold
nuscenes_mini_subset,scene-0103_019,scene-0103,test,random_dropout,0.1,fraction_removed,42,90,31345,31345,0,0,0.6483993489,0.6,True,density_deficit_exceeds_threshold
nuscenes_mini_subset,scene-0103_019,scene-0103,test,random_dropout,0.3,fraction_removed,42,90,24300,24300,0,0,0.7303309821,0.6,True,density_deficit_exceeds_threshold
nuscenes_mini_subset,scene-0103_019,scene-0103,test,random_dropout,0.5,fraction_removed,42,90,17313,17313,0,0,0.8122626153,0.6,True,density_deficit_exceeds_threshold
nuscenes_mini_subset,scene-0103_019,scene-0103,test,sector_dropout,10,degrees,42,90,34123,34123,0,0,0.6077048291,0.6,True,density_deficit_exceeds_threshold
nuscenes_mini_subset,scene-0103_019,scene-0103,test,sector_dropout,20,degrees,42,90,33427,33427,0,2,1,0.6,True,density_deficit_exceeds_threshold
nuscenes_mini_subset,scene-0103_019,scene-0103,test,sector_dropout,30,degrees,42,90,32594,32594,0,2,1,0.6,True,density_deficit_exceeds_threshold
nuscenes_mini_subset,scene-0103_020,scene-0103,calibration,original,0,none,42,90,34752,34752,0,0,0.4498100922,0.6,False,
nuscenes_mini_subset,scene-0103_020,scene-0103,calibration,random_dropout,0.1,fraction_removed,42,90,31318,31318,0,0,0.5024416712,0.6,False,
nuscenes_mini_subset,scene-0103_020,scene-0103,calibration,random_dropout,0.3,fraction_removed,42,90,24280,24280,0,0,0.6169289202,0.6,True,density_deficit_exceeds_threshold
nuscenes_mini_subset,scene-0103_020,scene-0103,calibration,random_dropout,0.5,fraction_removed,42,90,17300,17300,0,0,0.7308735757,0.6,True,density_deficit_exceeds_threshold
nuscenes_mini_subset,scene-0103_020,scene-0103,calibration,sector_dropout,10,degrees,42,90,34095,34095,0,0,0.4751879699,0.6,False,
nuscenes_mini_subset,scene-0103_020,scene-0103,calibration,sector_dropout,20,degrees,42,90,33395,33395,0,2,1,0.6,True,density_deficit_exceeds_threshold
nuscenes_mini_subset,scene-0103_020,scene-0103,calibration,sector_dropout,30,degrees,42,90,32563,32563,0,2,1,0.6,True,density_deficit_exceeds_threshold
nuscenes_mini_subset,scene-0103_021,scene-0103,test,original,0,none,42,90,34752,34752,0,0,0.6733586544,0.6,True,density_deficit_exceeds_threshold
nuscenes_mini_subset,scene-0103_021,scene-0103,test,random_dropout,0.1,fraction_removed,42,90,31318,31318,0,0,0.7091698318,0.6,True,density_deficit_exceeds_threshold
nuscenes_mini_subset,scene-0103_021,scene-0103,test,random_dropout,0.3,fraction_removed,42,90,24280,24280,0,0,0.7764514379,0.6,True,density_deficit_exceeds_threshold
nuscenes_mini_subset,scene-0103_021,scene-0103,test,random_dropout,0.5,fraction_removed,42,90,17300,17300,0,0,0.8415626696,0.6,True,density_deficit_exceeds_threshold
nuscenes_mini_subset,scene-0103_021,scene-0103,test,sector_dropout,10,degrees,42,90,34105,34105,0,0,0.6733586544,0.6,True,density_deficit_exceeds_threshold
nuscenes_mini_subset,scene-0103_021,scene-0103,test,sector_dropout,20,degrees,42,90,33414,33414,0,2,1,0.6,True,density_deficit_exceeds_threshold
nuscenes_mini_subset,scene-0103_021,scene-0103,test,sector_dropout,30,degrees,42,90,32584,32584,0,2,1,0.6,True,density_deficit_exceeds_threshold
nuscenes_mini_subset,scene-0103_022,scene-0103,calibration,original,0,none,42,90,34752,34752,0,0,0.6435160065,0.6,True,density_deficit_exceeds_threshold
nuscenes_mini_subset,scene-0103_022,scene-0103,calibration,random_dropout,0.1,fraction_removed,42,90,31318,31318,0,0,0.6809549647,0.6,True,density_deficit_exceeds_threshold
nuscenes_mini_subset,scene-0103_022,scene-0103,calibration,random_dropout,0.3,fraction_removed,42,90,24280,24280,0,0,0.7525773196,0.6,True,density_deficit_exceeds_threshold
nuscenes_mini_subset,scene-0103_022,scene-0103,calibration,random_dropout,0.5,fraction_removed,42,90,17300,17300,0,0,0.8220293001,0.6,True,density_deficit_exceeds_threshold
nuscenes_mini_subset,scene-0103_022,scene-0103,calibration,sector_dropout,10,degrees,42,90,34111,34111,0,0,0.6435160065,0.6,True,density_deficit_exceeds_threshold
nuscenes_mini_subset,scene-0103_022,scene-0103,calibration,sector_dropout,20,degrees,42,90,33441,33441,0,2,1,0.6,True,density_deficit_exceeds_threshold
nuscenes_mini_subset,scene-0103_022,scene-0103,calibration,sector_dropout,30,degrees,42,90,32621,32621,0,2,1,0.6,True,density_deficit_exceeds_threshold
nuscenes_mini_subset,scene-0103_023,scene-0103,test,original,0,none,42,90,34720,34720,0,0,0.6272637471,0.6,True,density_deficit_exceeds_threshold
nuscenes_mini_subset,scene-0103_023,scene-0103,test,random_dropout,0.1,fraction_removed,42,90,31288,31288,0,0,0.6631544287,0.6,True,density_deficit_exceeds_threshold
nuscenes_mini_subset,scene-0103_023,scene-0103,test,random_dropout,0.3,fraction_removed,42,90,24255,24255,0,0,0.7349357919,0.6,True,density_deficit_exceeds_threshold
nuscenes_mini_subset,scene-0103_023,scene-0103,test,random_dropout,0.5,fraction_removed,42,90,17283,17283,0,0,0.8123147843,0.6,True,density_deficit_exceeds_threshold
nuscenes_mini_subset,scene-0103_023,scene-0103,test,sector_dropout,10,degrees,42,90,34089,34089,0,0,0.6272637471,0.6,True,density_deficit_exceeds_threshold
nuscenes_mini_subset,scene-0103_023,scene-0103,test,sector_dropout,20,degrees,42,90,33403,33403,0,2,1,0.6,True,density_deficit_exceeds_threshold
nuscenes_mini_subset,scene-0103_023,scene-0103,test,sector_dropout,30,degrees,42,90,32595,32595,0,2,1,0.6,True,density_deficit_exceeds_threshold
nuscenes_mini_subset,scene-0103_024,scene-0103,calibration,original,0,none,42,90,34688,34688,0,0,0.576776994,0.6,False,
nuscenes_mini_subset,scene-0103_024,scene-0103,calibration,random_dropout,0.1,fraction_removed,42,90,31260,31260,0,0,0.6180141074,0.6,True,density_deficit_exceeds_threshold
nuscenes_mini_subset,scene-0103_024,scene-0103,calibration,random_dropout,0.3,fraction_removed,42,90,24237,24237,0,0,0.7069994574,0.6,True,density_deficit_exceeds_threshold
nuscenes_mini_subset,scene-0103_024,scene-0103,calibration,random_dropout,0.5,fraction_removed,42,90,17270,17270,0,0,0.796527401,0.6,True,density_deficit_exceeds_threshold
nuscenes_mini_subset,scene-0103_024,scene-0103,calibration,sector_dropout,10,degrees,42,90,34055,34055,0,0,0.576776994,0.6,False,
nuscenes_mini_subset,scene-0103_024,scene-0103,calibration,sector_dropout,20,degrees,42,90,33385,33385,0,2,1,0.6,True,density_deficit_exceeds_threshold
nuscenes_mini_subset,scene-0103_024,scene-0103,calibration,sector_dropout,30,degrees,42,90,32584,32584,0,2,1,0.6,True,density_deficit_exceeds_threshold
nuscenes_mini_subset,scene-0103_025,scene-0103,test,original,0,none,42,90,34688,34688,0,0,0.7902535397,0.6,True,density_deficit_exceeds_threshold
nuscenes_mini_subset,scene-0103_025,scene-0103,test,random_dropout,0.1,fraction_removed,42,90,31260,31260,0,0,0.8106684228,0.6,True,density_deficit_exceeds_threshold
nuscenes_mini_subset,scene-0103_025,scene-0103,test,random_dropout,0.3,fraction_removed,42,90,24237,24237,0,0,0.8505103721,0.6,True,density_deficit_exceeds_threshold
nuscenes_mini_subset,scene-0103_025,scene-0103,test,random_dropout,0.5,fraction_removed,42,90,17270,17270,0,0,0.8913401383,0.6,True,density_deficit_exceeds_threshold
nuscenes_mini_subset,scene-0103_025,scene-0103,test,sector_dropout,10,degrees,42,90,34068,34068,0,0,0.7902535397,0.6,True,density_deficit_exceeds_threshold
nuscenes_mini_subset,scene-0103_025,scene-0103,test,sector_dropout,20,degrees,42,90,33409,33409,0,2,1,0.6,True,density_deficit_exceeds_threshold
nuscenes_mini_subset,scene-0103_025,scene-0103,test,sector_dropout,30,degrees,42,90,32630,32630,0,2,1,0.6,True,density_deficit_exceeds_threshold
nuscenes_mini_subset,scene-0103_026,scene-0103,calibration,original,0,none,42,90,34688,34688,0,0,0.773460652,0.6,True,density_deficit_exceeds_threshold
nuscenes_mini_subset,scene-0103_026,scene-0103,calibration,random_dropout,0.1,fraction_removed,42,90,31260,31260,0,0,0.7945340797,0.6,True,density_deficit_exceeds_threshold
nuscenes_mini_subset,scene-0103_026,scene-0103,calibration,random_dropout,0.3,fraction_removed,42,90,24237,24237,0,0,0.8406322028,0.6,True,density_deficit_exceeds_threshold
nuscenes_mini_subset,scene-0103_026,scene-0103,calibration,random_dropout,0.5,fraction_removed,42,90,17270,17270,0,0,0.8877181429,0.6,True,density_deficit_exceeds_threshold
nuscenes_mini_subset,scene-0103_026,scene-0103,calibration,sector_dropout,10,degrees,42,90,34086,34086,0,0,0.773460652,0.6,True,density_deficit_exceeds_threshold
nuscenes_mini_subset,scene-0103_026,scene-0103,calibration,sector_dropout,20,degrees,42,90,33423,33423,0,2,1,0.6,True,density_deficit_exceeds_threshold
nuscenes_mini_subset,scene-0103_026,scene-0103,calibration,sector_dropout,30,degrees,42,90,32672,32672,0,2,1,0.6,True,density_deficit_exceeds_threshold
nuscenes_mini_subset,scene-0103_027,scene-0103,test,original,0,none,42,90,34752,34752,0,0,0.6521975041,0.6,True,density_deficit_exceeds_threshold
nuscenes_mini_subset,scene-0103_027,scene-0103,test,random_dropout,0.1,fraction_removed,42,90,31318,31318,0,0,0.6874660879,0.6,True,density_deficit_exceeds_threshold
nuscenes_mini_subset,scene-0103_027,scene-0103,test,random_dropout,0.3,fraction_removed,42,90,24280,24280,0,0,0.7569180684,0.6,True,density_deficit_exceeds_threshold
nuscenes_mini_subset,scene-0103_027,scene-0103,test,random_dropout,0.5,fraction_removed,42,90,17300,17300,0,0,0.8263700488,0.6,True,density_deficit_exceeds_threshold
nuscenes_mini_subset,scene-0103_027,scene-0103,test,sector_dropout,10,degrees,42,90,34167,34167,0,0,0.6521975041,0.6,True,density_deficit_exceeds_threshold
nuscenes_mini_subset,scene-0103_027,scene-0103,test,sector_dropout,20,degrees,42,90,33521,33521,0,2,1,0.6,True,density_deficit_exceeds_threshold
nuscenes_mini_subset,scene-0103_027,scene-0103,test,sector_dropout,30,degrees,42,90,32768,32768,0,2,1,0.6,True,density_deficit_exceeds_threshold
nuscenes_mini_subset,scene-0103_028,scene-0103,calibration,original,0,none,42,90,34720,34720,0,0,0.7843266381,0.6,True,density_deficit_exceeds_threshold
nuscenes_mini_subset,scene-0103_028,scene-0103,calibration,random_dropout,0.1,fraction_removed,42,90,31288,31288,0,0,0.8050707935,0.6,True,density_deficit_exceeds_threshold
nuscenes_mini_subset,scene-0103_028,scene-0103,calibration,random_dropout,0.3,fraction_removed,42,90,24255,24255,0,0,0.8482054659,0.6,True,density_deficit_exceeds_threshold
nuscenes_mini_subset,scene-0103_028,scene-0103,calibration,random_dropout,0.5,fraction_removed,42,90,17283,17283,0,0,0.8890352321,0.6,True,density_deficit_exceeds_threshold
nuscenes_mini_subset,scene-0103_028,scene-0103,calibration,sector_dropout,10,degrees,42,90,34151,34151,0,0,0.7843266381,0.6,True,density_deficit_exceeds_threshold
nuscenes_mini_subset,scene-0103_028,scene-0103,calibration,sector_dropout,20,degrees,42,90,33510,33510,0,2,1,0.6,True,density_deficit_exceeds_threshold
nuscenes_mini_subset,scene-0103_028,scene-0103,calibration,sector_dropout,30,degrees,42,90,32755,32755,0,2,1,0.6,True,density_deficit_exceeds_threshold
nuscenes_mini_subset,scene-0103_029,scene-0103,test,original,0,none,42,90,34720,34720,0,0,0.4134563212,0.6,False,
nuscenes_mini_subset,scene-0103_029,scene-0103,test,random_dropout,0.1,fraction_removed,42,90,31288,31288,0,0,0.4742268041,0.6,False,
nuscenes_mini_subset,scene-0103_029,scene-0103,test,random_dropout,0.3,fraction_removed,42,90,24255,24255,0,0,0.5957677699,0.6,False,
nuscenes_mini_subset,scene-0103_029,scene-0103,test,random_dropout,0.5,fraction_removed,42,90,17283,17283,0,0,0.7145957678,0.6,True,density_deficit_exceeds_threshold
nuscenes_mini_subset,scene-0103_029,scene-0103,test,sector_dropout,10,degrees,42,90,34160,34160,0,0,0.5428571429,0.6,False,
nuscenes_mini_subset,scene-0103_029,scene-0103,test,sector_dropout,20,degrees,42,90,33514,33514,0,2,1,0.6,True,density_deficit_exceeds_threshold
nuscenes_mini_subset,scene-0103_029,scene-0103,test,sector_dropout,30,degrees,42,90,32798,32798,0,2,1,0.6,True,density_deficit_exceeds_threshold
nuscenes_mini_subset,scene-0103_030,scene-0103,calibration,original,0,none,42,90,34688,34688,0,0,0.8106684228,0.6,True,density_deficit_exceeds_threshold
nuscenes_mini_subset,scene-0103_030,scene-0103,calibration,random_dropout,0.1,fraction_removed,42,90,31260,31260,0,0,0.8297662167,0.6,True,density_deficit_exceeds_threshold
nuscenes_mini_subset,scene-0103_030,scene-0103,calibration,random_dropout,0.3,fraction_removed,42,90,24237,24237,0,0,0.8663154429,0.6,True,density_deficit_exceeds_threshold
nuscenes_mini_subset,scene-0103_030,scene-0103,calibration,random_dropout,0.5,fraction_removed,42,90,17270,17270,0,0,0.9031939414,0.6,True,density_deficit_exceeds_threshold
nuscenes_mini_subset,scene-0103_030,scene-0103,calibration,sector_dropout,10,degrees,42,90,34127,34127,0,0,0.8106684228,0.6,True,density_deficit_exceeds_threshold
nuscenes_mini_subset,scene-0103_030,scene-0103,calibration,sector_dropout,20,degrees,42,90,33482,33482,0,2,1,0.6,True,density_deficit_exceeds_threshold
nuscenes_mini_subset,scene-0103_030,scene-0103,calibration,sector_dropout,30,degrees,42,90,32731,32731,0,2,1,0.6,True,density_deficit_exceeds_threshold
nuscenes_mini_subset,scene-0103_031,scene-0103,test,original,0,none,42,90,34688,34688,0,0,0.8103391505,0.6,True,density_deficit_exceeds_threshold
nuscenes_mini_subset,scene-0103_031,scene-0103,test,random_dropout,0.1,fraction_removed,42,90,31260,31260,0,0,0.8287783997,0.6,True,density_deficit_exceeds_threshold
nuscenes_mini_subset,scene-0103_031,scene-0103,test,random_dropout,0.3,fraction_removed,42,90,24237,24237,0,0,0.8653276259,0.6,True,density_deficit_exceeds_threshold
nuscenes_mini_subset,scene-0103_031,scene-0103,test,random_dropout,0.5,fraction_removed,42,90,17270,17270,0,0,0.9028646691,0.6,True,density_deficit_exceeds_threshold
nuscenes_mini_subset,scene-0103_031,scene-0103,test,sector_dropout,10,degrees,42,90,34138,34138,0,0,0.8103391505,0.6,True,density_deficit_exceeds_threshold
nuscenes_mini_subset,scene-0103_031,scene-0103,test,sector_dropout,20,degrees,42,90,33506,33506,0,2,1,0.6,True,density_deficit_exceeds_threshold
nuscenes_mini_subset,scene-0103_031,scene-0103,test,sector_dropout,30,degrees,42,90,32761,32761,0,2,1,0.6,True,density_deficit_exceeds_threshold
nuscenes_mini_subset,scene-0103_032,scene-0103,calibration,original,0,none,42,90,34752,34752,0,0,0.8109976951,0.6,True,density_deficit_exceeds_threshold
nuscenes_mini_subset,scene-0103_032,scene-0103,calibration,random_dropout,0.1,fraction_removed,42,90,31318,31318,0,0,0.8297662167,0.6,True,density_deficit_exceeds_threshold
nuscenes_mini_subset,scene-0103_032,scene-0103,calibration,random_dropout,0.3,fraction_removed,42,90,24280,24280,0,0,0.8676325321,0.6,True,density_deficit_exceeds_threshold
nuscenes_mini_subset,scene-0103_032,scene-0103,calibration,random_dropout,0.5,fraction_removed,42,90,17300,17300,0,0,0.9048403029,0.6,True,density_deficit_exceeds_threshold
nuscenes_mini_subset,scene-0103_032,scene-0103,calibration,sector_dropout,10,degrees,42,90,34206,34206,0,0,0.8109976951,0.6,True,density_deficit_exceeds_threshold
nuscenes_mini_subset,scene-0103_032,scene-0103,calibration,sector_dropout,20,degrees,42,90,33570,33570,0,2,1,0.6,True,density_deficit_exceeds_threshold
nuscenes_mini_subset,scene-0103_032,scene-0103,calibration,sector_dropout,30,degrees,42,90,32828,32828,0,2,1,0.6,True,density_deficit_exceeds_threshold
nuscenes_mini_subset,scene-0103_033,scene-0103,test,original,0,none,42,90,34784,34784,0,0,0.8152782351,0.6,True,density_deficit_exceeds_threshold
nuscenes_mini_subset,scene-0103_033,scene-0103,test,random_dropout,0.1,fraction_removed,42,90,31345,31345,0,0,0.8353638459,0.6,True,density_deficit_exceeds_threshold
nuscenes_mini_subset,scene-0103_033,scene-0103,test,random_dropout,0.3,fraction_removed,42,90,24300,24300,0,0,0.8742179783,0.6,True,density_deficit_exceeds_threshold
nuscenes_mini_subset,scene-0103_033,scene-0103,test,random_dropout,0.5,fraction_removed,42,90,17313,17313,0,0,0.9107672045,0.6,True,density_deficit_exceeds_threshold
nuscenes_mini_subset,scene-0103_033,scene-0103,test,sector_dropout,10,degrees,42,90,34224,34224,0,0,0.8152782351,0.6,True,density_deficit_exceeds_threshold
nuscenes_mini_subset,scene-0103_033,scene-0103,test,sector_dropout,20,degrees,42,90,33602,33602,0,2,1,0.6,True,density_deficit_exceeds_threshold
nuscenes_mini_subset,scene-0103_033,scene-0103,test,sector_dropout,30,degrees,42,90,32854,32854,0,2,1,0.6,True,density_deficit_exceeds_threshold
nuscenes_mini_subset,scene-0103_034,scene-0103,calibration,original,0,none,42,90,34688,34688,0,0,0.2034902865,0.6,False,
nuscenes_mini_subset,scene-0103_034,scene-0103,calibration,random_dropout,0.1,fraction_removed,42,90,31260,31260,0,0,0.2835034574,0.6,False,
nuscenes_mini_subset,scene-0103_034,scene-0103,calibration,random_dropout,0.3,fraction_removed,42,90,24237,24237,0,0,0.4445176161,0.6,False,
nuscenes_mini_subset,scene-0103_034,scene-0103,calibration,random_dropout,0.5,fraction_removed,42,90,17270,17270,0,0,0.6195488722,0.6,True,density_deficit_exceeds_threshold
nuscenes_mini_subset,scene-0103_034,scene-0103,calibration,sector_dropout,10,degrees,42,90,34149,34149,0,0,0.5714285714,0.6,False,
nuscenes_mini_subset,scene-0103_034,scene-0103,calibration,sector_dropout,20,degrees,42,90,33512,33512,0,2,1,0.6,True,density_deficit_exceeds_threshold
nuscenes_mini_subset,scene-0103_034,scene-0103,calibration,sector_dropout,30,degrees,42,90,32762,32762,0,2,1,0.6,True,density_deficit_exceeds_threshold
nuscenes_mini_subset,scene-0103_035,scene-0103,test,original,0,none,42,90,34720,34720,0,0,0.8189002305,0.6,True,density_deficit_exceeds_threshold
nuscenes_mini_subset,scene-0103_035,scene-0103,test,random_dropout,0.1,fraction_removed,42,90,31288,31288,0,0,0.8363516628,0.6,True,density_deficit_exceeds_threshold
nuscenes_mini_subset,scene-0103_035,scene-0103,test,random_dropout,0.3,fraction_removed,42,90,24255,24255,0,0,0.8709252552,0.6,True,density_deficit_exceeds_threshold
nuscenes_mini_subset,scene-0103_035,scene-0103,test,random_dropout,0.5,fraction_removed,42,90,17283,17283,0,0,0.9061573922,0.6,True,density_deficit_exceeds_threshold
nuscenes_mini_subset,scene-0103_035,scene-0103,test,sector_dropout,10,degrees,42,90,34161,34161,0,0,0.8189002305,0.6,True,density_deficit_exceeds_threshold
nuscenes_mini_subset,scene-0103_035,scene-0103,test,sector_dropout,20,degrees,42,90,33562,33562,0,2,1,0.6,True,density_deficit_exceeds_threshold
nuscenes_mini_subset,scene-0103_035,scene-0103,test,sector_dropout,30,degrees,42,90,32824,32824,0,2,1,0.6,True,density_deficit_exceeds_threshold
nuscenes_mini_subset,scene-0103_036,scene-0103,calibration,original,0,none,42,90,34752,34752,0,0,0.8096806059,0.6,True,density_deficit_exceeds_threshold
nuscenes_mini_subset,scene-0103_036,scene-0103,calibration,random_dropout,0.1,fraction_removed,42,90,31318,31318,0,0,0.8297662167,0.6,True,density_deficit_exceeds_threshold
nuscenes_mini_subset,scene-0103_036,scene-0103,calibration,random_dropout,0.3,fraction_removed,42,90,24280,24280,0,0,0.869608166,0.6,True,density_deficit_exceeds_threshold
nuscenes_mini_subset,scene-0103_036,scene-0103,calibration,random_dropout,0.5,fraction_removed,42,90,17300,17300,0,0,0.9061573922,0.6,True,density_deficit_exceeds_threshold
nuscenes_mini_subset,scene-0103_036,scene-0103,calibration,sector_dropout,10,degrees,42,90,34202,34202,0,0,0.8096806059,0.6,True,density_deficit_exceeds_threshold
nuscenes_mini_subset,scene-0103_036,scene-0103,calibration,sector_dropout,20,degrees,42,90,33570,33570,0,2,1,0.6,True,density_deficit_exceeds_threshold
nuscenes_mini_subset,scene-0103_036,scene-0103,calibration,sector_dropout,30,degrees,42,90,32829,32829,0,2,1,0.6,True,density_deficit_exceeds_threshold
nuscenes_mini_subset,scene-0103_037,scene-0103,test,original,0,none,42,90,34720,34720,0,0,0.811985512,0.6,True,density_deficit_exceeds_threshold
nuscenes_mini_subset,scene-0103_037,scene-0103,test,random_dropout,0.1,fraction_removed,42,90,31288,31288,0,0,0.8310833059,0.6,True,density_deficit_exceeds_threshold
nuscenes_mini_subset,scene-0103_037,scene-0103,test,random_dropout,0.3,fraction_removed,42,90,24255,24255,0,0,0.8679618044,0.6,True,density_deficit_exceeds_threshold
nuscenes_mini_subset,scene-0103_037,scene-0103,test,random_dropout,0.5,fraction_removed,42,90,17283,17283,0,0,0.9045110306,0.6,True,density_deficit_exceeds_threshold
nuscenes_mini_subset,scene-0103_037,scene-0103,test,sector_dropout,10,degrees,42,90,34170,34170,0,0,0.811985512,0.6,True,density_deficit_exceeds_threshold
nuscenes_mini_subset,scene-0103_037,scene-0103,test,sector_dropout,20,degrees,42,90,33573,33573,0,2,1,0.6,True,density_deficit_exceeds_threshold
nuscenes_mini_subset,scene-0103_037,scene-0103,test,sector_dropout,30,degrees,42,90,32829,32829,0,2,1,0.6,True,density_deficit_exceeds_threshold
nuscenes_mini_subset,scene-0103_038,scene-0103,calibration,original,0,none,42,90,34752,34752,0,0,0.6424308193,0.6,True,density_deficit_exceeds_threshold
nuscenes_mini_subset,scene-0103_038,scene-0103,calibration,random_dropout,0.1,fraction_removed,42,90,31318,31318,0,0,0.6825827455,0.6,True,density_deficit_exceeds_threshold
nuscenes_mini_subset,scene-0103_038,scene-0103,calibration,random_dropout,0.3,fraction_removed,42,90,24280,24280,0,0,0.7542051004,0.6,True,density_deficit_exceeds_threshold
nuscenes_mini_subset,scene-0103_038,scene-0103,calibration,random_dropout,0.5,fraction_removed,42,90,17300,17300,0,0,0.8285404232,0.6,True,density_deficit_exceeds_threshold
nuscenes_mini_subset,scene-0103_038,scene-0103,calibration,sector_dropout,10,degrees,42,90,34195,34195,0,0,0.6424308193,0.6,True,density_deficit_exceeds_threshold
nuscenes_mini_subset,scene-0103_038,scene-0103,calibration,sector_dropout,20,degrees,42,90,33560,33560,0,2,1,0.6,True,density_deficit_exceeds_threshold
nuscenes_mini_subset,scene-0103_038,scene-0103,calibration,sector_dropout,30,degrees,42,90,32820,32820,0,2,1,0.6,True,density_deficit_exceeds_threshold
nuscenes_mini_subset,scene-0103_039,scene-0103,test,original,0,none,42,90,34720,34720,0,0,0.8179124136,0.6,True,density_deficit_exceeds_threshold
nuscenes_mini_subset,scene-0103_039,scene-0103,test,random_dropout,0.1,fraction_removed,42,90,31288,31288,0,0,0.8366809351,0.6,True,density_deficit_exceeds_threshold
nuscenes_mini_subset,scene-0103_039,scene-0103,test,random_dropout,0.3,fraction_removed,42,90,24255,24255,0,0,0.8722423444,0.6,True,density_deficit_exceeds_threshold
nuscenes_mini_subset,scene-0103_039,scene-0103,test,random_dropout,0.5,fraction_removed,42,90,17283,17283,0,0,0.908133026,0.6,True,density_deficit_exceeds_threshold
nuscenes_mini_subset,scene-0103_039,scene-0103,test,sector_dropout,10,degrees,42,90,34189,34189,0,0,0.8179124136,0.6,True,density_deficit_exceeds_threshold
nuscenes_mini_subset,scene-0103_039,scene-0103,test,sector_dropout,20,degrees,42,90,33586,33586,0,2,1,0.6,True,density_deficit_exceeds_threshold
nuscenes_mini_subset,scene-0103_039,scene-0103,test,sector_dropout,30,degrees,42,90,32845,32845,0,2,1,0.6,True,density_deficit_exceeds_threshold
nuscenes_mini_subset,scene-1094_000,scene-1094,calibration,original,0,none,42,90,34400,34400,0,0,0.5802997859,0.6,False,
nuscenes_mini_subset,scene-1094_000,scene-1094,calibration,random_dropout,0.1,fraction_removed,42,90,31003,31003,0,0,0.6209850107,0.6,True,density_deficit_exceeds_threshold
nuscenes_mini_subset,scene-1094_000,scene-1094,calibration,random_dropout,0.3,fraction_removed,42,90,24033,24033,0,0,0.7194860814,0.6,True,density_deficit_exceeds_threshold
nuscenes_mini_subset,scene-1094_000,scene-1094,calibration,random_dropout,0.5,fraction_removed,42,90,17119,17119,0,0,0.8094218415,0.6,True,density_deficit_exceeds_threshold
nuscenes_mini_subset,scene-1094_000,scene-1094,calibration,sector_dropout,10,degrees,42,90,33517,33517,0,0,0.5802997859,0.6,False,
nuscenes_mini_subset,scene-1094_000,scene-1094,calibration,sector_dropout,20,degrees,42,90,32616,32616,0,2,1,0.6,True,density_deficit_exceeds_threshold
nuscenes_mini_subset,scene-1094_000,scene-1094,calibration,sector_dropout,30,degrees,42,90,31737,31737,0,2,1,0.6,True,density_deficit_exceeds_threshold
nuscenes_mini_subset,scene-1094_001,scene-1094,test,original,0,none,42,90,34688,34688,0,0,0.5728051392,0.6,False,
nuscenes_mini_subset,scene-1094_001,scene-1094,test,random_dropout,0.1,fraction_removed,42,90,31260,31260,0,0,0.6102783726,0.6,True,density_deficit_exceeds_threshold
nuscenes_mini_subset,scene-1094_001,scene-1094,test,random_dropout,0.3,fraction_removed,42,90,24237,24237,0,0,0.7012847966,0.6,True,density_deficit_exceeds_threshold
nuscenes_mini_subset,scene-1094_001,scene-1094,test,random_dropout,0.5,fraction_removed,42,90,17270,17270,0,0,0.7890792291,0.6,True,density_deficit_exceeds_threshold
nuscenes_mini_subset,scene-1094_001,scene-1094,test,sector_dropout,10,degrees,42,90,33800,33800,0,0,0.5728051392,0.6,False,
nuscenes_mini_subset,scene-1094_001,scene-1094,test,sector_dropout,20,degrees,42,90,32888,32888,0,2,1,0.6,True,density_deficit_exceeds_threshold
nuscenes_mini_subset,scene-1094_001,scene-1094,test,sector_dropout,30,degrees,42,90,32011,32011,0,2,1,0.6,True,density_deficit_exceeds_threshold
nuscenes_mini_subset,scene-1094_002,scene-1094,calibration,original,0,none,42,90,34720,34720,0,0,0.579489962,0.6,False,
nuscenes_mini_subset,scene-1094_002,scene-1094,calibration,random_dropout,0.1,fraction_removed,42,90,31288,31288,0,0,0.6223548562,0.6,True,density_deficit_exceeds_threshold
nuscenes_mini_subset,scene-1094_002,scene-1094,calibration,random_dropout,0.3,fraction_removed,42,90,24255,24255,0,0,0.710255019,0.6,True,density_deficit_exceeds_threshold
nuscenes_mini_subset,scene-1094_002,scene-1094,calibration,random_dropout,0.5,fraction_removed,42,90,17283,17283,0,0,0.7894736842,0.6,True,density_deficit_exceeds_threshold
nuscenes_mini_subset,scene-1094_002,scene-1094,calibration,sector_dropout,10,degrees,42,90,33827,33827,0,0,0.579489962,0.6,False,
nuscenes_mini_subset,scene-1094_002,scene-1094,calibration,sector_dropout,20,degrees,42,90,32927,32927,0,2,1,0.6,True,density_deficit_exceeds_threshold
nuscenes_mini_subset,scene-1094_002,scene-1094,calibration,sector_dropout,30,degrees,42,90,32040,32040,0,2,1,0.6,True,density_deficit_exceeds_threshold
nuscenes_mini_subset,scene-1094_003,scene-1094,test,original,0,none,42,90,34688,34688,0,0,0.5979381443,0.6,False,
nuscenes_mini_subset,scene-1094_003,scene-1094,test,random_dropout,0.1,fraction_removed,42,90,31260,31260,0,0,0.6424308193,0.6,True,density_deficit_exceeds_threshold
nuscenes_mini_subset,scene-1094_003,scene-1094,test,random_dropout,0.3,fraction_removed,42,90,24237,24237,0,0,0.7249050461,0.6,True,density_deficit_exceeds_threshold
nuscenes_mini_subset,scene-1094_003,scene-1094,test,random_dropout,0.5,fraction_removed,42,90,17270,17270,0,0,0.8041237113,0.6,True,density_deficit_exceeds_threshold
nuscenes_mini_subset,scene-1094_003,scene-1094,test,sector_dropout,10,degrees,42,90,33781,33781,0,0,0.5979381443,0.6,False,
nuscenes_mini_subset,scene-1094_003,scene-1094,test,sector_dropout,20,degrees,42,90,32881,32881,0,2,1,0.6,True,density_deficit_exceeds_threshold
nuscenes_mini_subset,scene-1094_003,scene-1094,test,sector_dropout,30,degrees,42,90,31999,31999,0,2,1,0.6,True,density_deficit_exceeds_threshold
nuscenes_mini_subset,scene-1094_004,scene-1094,calibration,original,0,none,42,90,34720,34720,0,0,0.6087900163,0.6,True,density_deficit_exceeds_threshold
nuscenes_mini_subset,scene-1094_004,scene-1094,calibration,random_dropout,0.1,fraction_removed,42,90,31288,31288,0,0,0.6478567553,0.6,True,density_deficit_exceeds_threshold
nuscenes_mini_subset,scene-1094_004,scene-1094,calibration,random_dropout,0.3,fraction_removed,42,90,24255,24255,0,0,0.7308735757,0.6,True,density_deficit_exceeds_threshold
nuscenes_mini_subset,scene-1094_004,scene-1094,calibration,random_dropout,0.5,fraction_removed,42,90,17283,17283,0,0,0.8090070537,0.6,True,density_deficit_exceeds_threshold
nuscenes_mini_subset,scene-1094_004,scene-1094,calibration,sector_dropout,10,degrees,42,90,33834,33834,0,0,0.6087900163,0.6,True,density_deficit_exceeds_threshold
nuscenes_mini_subset,scene-1094_004,scene-1094,calibration,sector_dropout,20,degrees,42,90,32932,32932,0,2,1,0.6,True,density_deficit_exceeds_threshold
nuscenes_mini_subset,scene-1094_004,scene-1094,calibration,sector_dropout,30,degrees,42,90,32053,32053,0,2,1,0.6,True,density_deficit_exceeds_threshold
nuscenes_mini_subset,scene-1094_005,scene-1094,test,original,0,none,42,90,34752,34752,0,0,0.6277807922,0.6,True,density_deficit_exceeds_threshold
nuscenes_mini_subset,scene-1094_005,scene-1094,test,random_dropout,0.1,fraction_removed,42,90,31318,31318,0,0,0.6668475312,0.6,True,density_deficit_exceeds_threshold
nuscenes_mini_subset,scene-1094_005,scene-1094,test,random_dropout,0.3,fraction_removed,42,90,24280,24280,0,0,0.7406402604,0.6,True,density_deficit_exceeds_threshold
nuscenes_mini_subset,scene-1094_005,scene-1094,test,random_dropout,0.5,fraction_removed,42,90,17300,17300,0,0,0.8133478025,0.6,True,density_deficit_exceeds_threshold
nuscenes_mini_subset,scene-1094_005,scene-1094,test,sector_dropout,10,degrees,42,90,33885,33885,0,0,0.6277807922,0.6,True,density_deficit_exceeds_threshold
nuscenes_mini_subset,scene-1094_005,scene-1094,test,sector_dropout,20,degrees,42,90,32989,32989,0,2,1,0.6,True,density_deficit_exceeds_threshold
nuscenes_mini_subset,scene-1094_005,scene-1094,test,sector_dropout,30,degrees,42,90,32119,32119,0,2,1,0.6,True,density_deficit_exceeds_threshold
nuscenes_mini_subset,scene-1094_006,scene-1094,calibration,original,0,none,42,90,34688,34688,0,0,0.6065195917,0.6,True,density_deficit_exceeds_threshold
nuscenes_mini_subset,scene-1094_006,scene-1094,calibration,random_dropout,0.1,fraction_removed,42,90,31260,31260,0,0,0.6473493579,0.6,True,density_deficit_exceeds_threshold
nuscenes_mini_subset,scene-1094_006,scene-1094,calibration,random_dropout,0.3,fraction_removed,42,90,24237,24237,0,0,0.7299967073,0.6,True,density_deficit_exceeds_threshold
nuscenes_mini_subset,scene-1094_006,scene-1094,calibration,random_dropout,0.5,fraction_removed,42,90,17270,17270,0,0,0.8027658874,0.6,True,density_deficit_exceeds_threshold
nuscenes_mini_subset,scene-1094_006,scene-1094,calibration,sector_dropout,10,degrees,42,90,33800,33800,0,0,0.6065195917,0.6,True,density_deficit_exceeds_threshold
nuscenes_mini_subset,scene-1094_006,scene-1094,calibration,sector_dropout,20,degrees,42,90,32901,32901,0,2,1,0.6,True,density_deficit_exceeds_threshold
nuscenes_mini_subset,scene-1094_006,scene-1094,calibration,sector_dropout,30,degrees,42,90,32055,32055,0,2,1,0.6,True,density_deficit_exceeds_threshold
nuscenes_mini_subset,scene-1094_007,scene-1094,test,original,0,none,42,90,34720,34720,0,0,0.6549104721,0.6,True,density_deficit_exceeds_threshold
nuscenes_mini_subset,scene-1094_007,scene-1094,test,random_dropout,0.1,fraction_removed,42,90,31288,31288,0,0,0.6912642431,0.6,True,density_deficit_exceeds_threshold
nuscenes_mini_subset,scene-1094_007,scene-1094,test,random_dropout,0.3,fraction_removed,42,90,24255,24255,0,0,0.7655995659,0.6,True,density_deficit_exceeds_threshold
nuscenes_mini_subset,scene-1094_007,scene-1094,test,random_dropout,0.5,fraction_removed,42,90,17283,17283,0,0,0.8339663592,0.6,True,density_deficit_exceeds_threshold
nuscenes_mini_subset,scene-1094_007,scene-1094,test,sector_dropout,10,degrees,42,90,33837,33837,0,0,0.6549104721,0.6,True,density_deficit_exceeds_threshold
nuscenes_mini_subset,scene-1094_007,scene-1094,test,sector_dropout,20,degrees,42,90,32944,32944,0,2,1,0.6,True,density_deficit_exceeds_threshold
nuscenes_mini_subset,scene-1094_007,scene-1094,test,sector_dropout,30,degrees,42,90,32071,32071,0,2,1,0.6,True,density_deficit_exceeds_threshold
nuscenes_mini_subset,scene-1094_008,scene-1094,calibration,original,0,none,42,90,34752,34752,0,0,0.634834509,0.6,True,density_deficit_exceeds_threshold
nuscenes_mini_subset,scene-1094_008,scene-1094,calibration,random_dropout,0.1,fraction_removed,42,90,31318,31318,0,0,0.6755290288,0.6,True,density_deficit_exceeds_threshold
nuscenes_mini_subset,scene-1094_008,scene-1094,calibration,random_dropout,0.3,fraction_removed,42,90,24280,24280,0,0,0.7471513836,0.6,True,density_deficit_exceeds_threshold
nuscenes_mini_subset,scene-1094_008,scene-1094,calibration,random_dropout,0.5,fraction_removed,42,90,17300,17300,0,0,0.8209441129,0.6,True,density_deficit_exceeds_threshold
nuscenes_mini_subset,scene-1094_008,scene-1094,calibration,sector_dropout,10,degrees,42,90,33863,33863,0,0,0.634834509,0.6,True,density_deficit_exceeds_threshold
nuscenes_mini_subset,scene-1094_008,scene-1094,calibration,sector_dropout,20,degrees,42,90,32975,32975,0,2,1,0.6,True,density_deficit_exceeds_threshold
nuscenes_mini_subset,scene-1094_008,scene-1094,calibration,sector_dropout,30,degrees,42,90,32115,32115,0,2,1,0.6,True,density_deficit_exceeds_threshold
nuscenes_mini_subset,scene-1094_009,scene-1094,test,original,0,none,42,90,34720,34720,0,0,0.7593019427,0.6,True,density_deficit_exceeds_threshold
nuscenes_mini_subset,scene-1094_009,scene-1094,test,random_dropout,0.1,fraction_removed,42,90,31288,31288,0,0,0.7826802766,0.6,True,density_deficit_exceeds_threshold
nuscenes_mini_subset,scene-1094_009,scene-1094,test,random_dropout,0.3,fraction_removed,42,90,24255,24255,0,0,0.8307540336,0.6,True,density_deficit_exceeds_threshold
nuscenes_mini_subset,scene-1094_009,scene-1094,test,random_dropout,0.5,fraction_removed,42,90,17283,17283,0,0,0.873888706,0.6,True,density_deficit_exceeds_threshold
nuscenes_mini_subset,scene-1094_009,scene-1094,test,sector_dropout,10,degrees,42,90,33837,33837,0,0,0.7593019427,0.6,True,density_deficit_exceeds_threshold
nuscenes_mini_subset,scene-1094_009,scene-1094,test,sector_dropout,20,degrees,42,90,32958,32958,0,2,1,0.6,True,density_deficit_exceeds_threshold
nuscenes_mini_subset,scene-1094_009,scene-1094,test,sector_dropout,30,degrees,42,90,32071,32071,0,2,1,0.6,True,density_deficit_exceeds_threshold
nuscenes_mini_subset,scene-1094_010,scene-1094,calibration,original,0,none,42,90,34688,34688,0,0,0.7780704643,0.6,True,density_deficit_exceeds_threshold
nuscenes_mini_subset,scene-1094_010,scene-1094,calibration,random_dropout,0.1,fraction_removed,42,90,31260,31260,0,0,0.7981560751,0.6,True,density_deficit_exceeds_threshold
nuscenes_mini_subset,scene-1094_010,scene-1094,calibration,random_dropout,0.3,fraction_removed,42,90,24237,24237,0,0,0.8419492921,0.6,True,density_deficit_exceeds_threshold
nuscenes_mini_subset,scene-1094_010,scene-1094,calibration,random_dropout,0.5,fraction_removed,42,90,17270,17270,0,0,0.8847546921,0.6,True,density_deficit_exceeds_threshold
nuscenes_mini_subset,scene-1094_010,scene-1094,calibration,sector_dropout,10,degrees,42,90,33837,33837,0,0,0.7780704643,0.6,True,density_deficit_exceeds_threshold
nuscenes_mini_subset,scene-1094_010,scene-1094,calibration,sector_dropout,20,degrees,42,90,32942,32942,0,2,1,0.6,True,density_deficit_exceeds_threshold
nuscenes_mini_subset,scene-1094_010,scene-1094,calibration,sector_dropout,30,degrees,42,90,32064,32064,0,2,1,0.6,True,density_deficit_exceeds_threshold
nuscenes_mini_subset,scene-1094_011,scene-1094,test,original,0,none,42,90,34688,34688,0,0,0.8024366151,0.6,True,density_deficit_exceeds_threshold
nuscenes_mini_subset,scene-1094_011,scene-1094,test,random_dropout,0.1,fraction_removed,42,90,31260,31260,0,0,0.8212051366,0.6,True,density_deficit_exceeds_threshold
nuscenes_mini_subset,scene-1094_011,scene-1094,test,random_dropout,0.3,fraction_removed,42,90,24237,24237,0,0,0.860059269,0.6,True,density_deficit_exceeds_threshold
nuscenes_mini_subset,scene-1094_011,scene-1094,test,random_dropout,0.5,fraction_removed,42,90,17270,17270,0,0,0.8992426737,0.6,True,density_deficit_exceeds_threshold
nuscenes_mini_subset,scene-1094_011,scene-1094,test,sector_dropout,10,degrees,42,90,33810,33810,0,0,0.8024366151,0.6,True,density_deficit_exceeds_threshold
nuscenes_mini_subset,scene-1094_011,scene-1094,test,sector_dropout,20,degrees,42,90,32933,32933,0,2,1,0.6,True,density_deficit_exceeds_threshold
nuscenes_mini_subset,scene-1094_011,scene-1094,test,sector_dropout,30,degrees,42,90,32075,32075,0,2,1,0.6,True,density_deficit_exceeds_threshold
nuscenes_mini_subset,scene-1094_012,scene-1094,calibration,original,0,none,42,90,34752,34752,0,0,0.7830095489,0.6,True,density_deficit_exceeds_threshold
nuscenes_mini_subset,scene-1094_012,scene-1094,calibration,random_dropout,0.1,fraction_removed,42,90,31318,31318,0,0,0.8040829766,0.6,True,density_deficit_exceeds_threshold
nuscenes_mini_subset,scene-1094_012,scene-1094,calibration,random_dropout,0.3,fraction_removed,42,90,24280,24280,0,0,0.8495225552,0.6,True,density_deficit_exceeds_threshold
nuscenes_mini_subset,scene-1094_012,scene-1094,calibration,random_dropout,0.5,fraction_removed,42,90,17300,17300,0,0,0.8890352321,0.6,True,density_deficit_exceeds_threshold
nuscenes_mini_subset,scene-1094_012,scene-1094,calibration,sector_dropout,10,degrees,42,90,33898,33898,0,0,0.7830095489,0.6,True,density_deficit_exceeds_threshold
nuscenes_mini_subset,scene-1094_012,scene-1094,calibration,sector_dropout,20,degrees,42,90,33019,33019,0,2,1,0.6,True,density_deficit_exceeds_threshold
nuscenes_mini_subset,scene-1094_012,scene-1094,calibration,sector_dropout,30,degrees,42,90,32147,32147,0,2,1,0.6,True,density_deficit_exceeds_threshold
nuscenes_mini_subset,scene-1094_013,scene-1094,test,original,0,none,42,90,34752,34752,0,0,0.7451432335,0.6,True,density_deficit_exceeds_threshold
nuscenes_mini_subset,scene-1094_013,scene-1094,test,random_dropout,0.1,fraction_removed,42,90,31318,31318,0,0,0.7685215673,0.6,True,density_deficit_exceeds_threshold
nuscenes_mini_subset,scene-1094_013,scene-1094,test,random_dropout,0.3,fraction_removed,42,90,24280,24280,0,0,0.8208758643,0.6,True,density_deficit_exceeds_threshold
nuscenes_mini_subset,scene-1094_013,scene-1094,test,random_dropout,0.5,fraction_removed,42,90,17300,17300,0,0,0.8699374383,0.6,True,density_deficit_exceeds_threshold
nuscenes_mini_subset,scene-1094_013,scene-1094,test,sector_dropout,10,degrees,42,90,33875,33875,0,0,0.7451432335,0.6,True,density_deficit_exceeds_threshold
nuscenes_mini_subset,scene-1094_013,scene-1094,test,sector_dropout,20,degrees,42,90,33042,33042,0,2,1,0.6,True,density_deficit_exceeds_threshold
nuscenes_mini_subset,scene-1094_013,scene-1094,test,sector_dropout,30,degrees,42,90,32252,32252,0,2,1,0.6,True,density_deficit_exceeds_threshold
nuscenes_mini_subset,scene-1094_014,scene-1094,calibration,original,0,none,42,90,34720,34720,0,0,0.7843266381,0.6,True,density_deficit_exceeds_threshold
nuscenes_mini_subset,scene-1094_014,scene-1094,calibration,random_dropout,0.1,fraction_removed,42,90,31288,31288,0,0,0.8044122489,0.6,True,density_deficit_exceeds_threshold
nuscenes_mini_subset,scene-1094_014,scene-1094,calibration,random_dropout,0.3,fraction_removed,42,90,24255,24255,0,0,0.8505103721,0.6,True,density_deficit_exceeds_threshold
nuscenes_mini_subset,scene-1094_014,scene-1094,calibration,random_dropout,0.5,fraction_removed,42,90,17283,17283,0,0,0.8923279552,0.6,True,density_deficit_exceeds_threshold
nuscenes_mini_subset,scene-1094_014,scene-1094,calibration,sector_dropout,10,degrees,42,90,34007,34007,0,0,0.7843266381,0.6,True,density_deficit_exceeds_threshold
nuscenes_mini_subset,scene-1094_014,scene-1094,calibration,sector_dropout,20,degrees,42,90,33264,33264,0,2,1,0.6,True,density_deficit_exceeds_threshold
nuscenes_mini_subset,scene-1094_014,scene-1094,calibration,sector_dropout,30,degrees,42,90,32493,32493,0,2,1,0.6,True,density_deficit_exceeds_threshold
nuscenes_mini_subset,scene-1094_015,scene-1094,test,original,0,none,42,90,34752,34752,0,0,0.7823510043,0.6,True,density_deficit_exceeds_threshold
nuscenes_mini_subset,scene-1094_015,scene-1094,test,random_dropout,0.1,fraction_removed,42,90,31318,31318,0,0,0.8027658874,0.6,True,density_deficit_exceeds_threshold
nuscenes_mini_subset,scene-1094_015,scene-1094,test,random_dropout,0.3,fraction_removed,42,90,24280,24280,0,0,0.8478761936,0.6,True,density_deficit_exceeds_threshold
nuscenes_mini_subset,scene-1094_015,scene-1094,test,random_dropout,0.5,fraction_removed,42,90,17300,17300,0,0,0.8906815937,0.6,True,density_deficit_exceeds_threshold
nuscenes_mini_subset,scene-1094_015,scene-1094,test,sector_dropout,10,degrees,42,90,34072,34072,0,0,0.7823510043,0.6,True,density_deficit_exceeds_threshold
nuscenes_mini_subset,scene-1094_015,scene-1094,test,sector_dropout,20,degrees,42,90,33368,33368,0,2,1,0.6,True,density_deficit_exceeds_threshold
nuscenes_mini_subset,scene-1094_015,scene-1094,test,sector_dropout,30,degrees,42,90,32709,32709,0,2,1,0.6,True,density_deficit_exceeds_threshold
nuscenes_mini_subset,scene-1094_016,scene-1094,calibration,original,0,none,42,90,34816,34816,0,0,0.7461310504,0.6,True,density_deficit_exceeds_threshold
nuscenes_mini_subset,scene-1094_016,scene-1094,calibration,random_dropout,0.1,fraction_removed,42,90,31375,31375,0,0,0.7698386566,0.6,True,density_deficit_exceeds_threshold
nuscenes_mini_subset,scene-1094_016,scene-1094,calibration,random_dropout,0.3,fraction_removed,42,90,24320,24320,0,0,0.8261442213,0.6,True,density_deficit_exceeds_threshold
nuscenes_mini_subset,scene-1094_016,scene-1094,calibration,random_dropout,0.5,fraction_removed,42,90,17326,17326,0,0,0.8768521567,0.6,True,density_deficit_exceeds_threshold
nuscenes_mini_subset,scene-1094_016,scene-1094,calibration,sector_dropout,10,degrees,42,90,34137,34137,0,0,0.7461310504,0.6,True,density_deficit_exceeds_threshold
nuscenes_mini_subset,scene-1094_016,scene-1094,calibration,sector_dropout,20,degrees,42,90,33471,33471,0,2,1,0.6,True,density_deficit_exceeds_threshold
nuscenes_mini_subset,scene-1094_016,scene-1094,calibration,sector_dropout,30,degrees,42,90,32746,32746,0,2,1,0.6,True,density_deficit_exceeds_threshold
nuscenes_mini_subset,scene-1094_017,scene-1094,test,original,0,none,42,90,34752,34752,0,0,0.7411919658,0.6,True,density_deficit_exceeds_threshold
nuscenes_mini_subset,scene-1094_017,scene-1094,test,random_dropout,0.1,fraction_removed,42,90,31318,31318,0,0,0.7652288443,0.6,True,density_deficit_exceeds_threshold
nuscenes_mini_subset,scene-1094_017,scene-1094,test,random_dropout,0.3,fraction_removed,42,90,24280,24280,0,0,0.8198880474,0.6,True,density_deficit_exceeds_threshold
nuscenes_mini_subset,scene-1094_017,scene-1094,test,random_dropout,0.5,fraction_removed,42,90,17300,17300,0,0,0.8709252552,0.6,True,density_deficit_exceeds_threshold
nuscenes_mini_subset,scene-1094_017,scene-1094,test,sector_dropout,10,degrees,42,90,34096,34096,0,0,0.7411919658,0.6,True,density_deficit_exceeds_threshold
nuscenes_mini_subset,scene-1094_017,scene-1094,test,sector_dropout,20,degrees,42,90,33353,33353,0,2,1,0.6,True,density_deficit_exceeds_threshold
nuscenes_mini_subset,scene-1094_017,scene-1094,test,sector_dropout,30,degrees,42,90,32645,32645,0,2,1,0.6,True,density_deficit_exceeds_threshold
nuscenes_mini_subset,scene-1094_018,scene-1094,calibration,original,0,none,42,90,34688,34688,0,0,0.7290088904,0.6,True,density_deficit_exceeds_threshold
nuscenes_mini_subset,scene-1094_018,scene-1094,calibration,random_dropout,0.1,fraction_removed,42,90,31260,31260,0,0,0.7540335858,0.6,True,density_deficit_exceeds_threshold
nuscenes_mini_subset,scene-1094_018,scene-1094,calibration,random_dropout,0.3,fraction_removed,42,90,24237,24237,0,0,0.8106684228,0.6,True,density_deficit_exceeds_threshold
nuscenes_mini_subset,scene-1094_018,scene-1094,calibration,random_dropout,0.5,fraction_removed,42,90,17270,17270,0,0,0.8610470859,0.6,True,density_deficit_exceeds_threshold
nuscenes_mini_subset,scene-1094_018,scene-1094,calibration,sector_dropout,10,degrees,42,90,34081,34081,0,0,0.7290088904,0.6,True,density_deficit_exceeds_threshold
nuscenes_mini_subset,scene-1094_018,scene-1094,calibration,sector_dropout,20,degrees,42,90,33332,33332,0,2,1,0.6,True,density_deficit_exceeds_threshold
nuscenes_mini_subset,scene-1094_018,scene-1094,calibration,sector_dropout,30,degrees,42,90,32612,32612,0,2,1,0.6,True,density_deficit_exceeds_threshold
nuscenes_mini_subset,scene-1094_019,scene-1094,test,original,0,none,42,90,34688,34688,0,0,0.7313137965,0.6,True,density_deficit_exceeds_threshold
nuscenes_mini_subset,scene-1094_019,scene-1094,test,random_dropout,0.1,fraction_removed,42,90,31260,31260,0,0,0.7560092196,0.6,True,density_deficit_exceeds_threshold
nuscenes_mini_subset,scene-1094_019,scene-1094,test,random_dropout,0.3,fraction_removed,42,90,24237,24237,0,0,0.8116562397,0.6,True,density_deficit_exceeds_threshold
nuscenes_mini_subset,scene-1094_019,scene-1094,test,random_dropout,0.5,fraction_removed,42,90,17270,17270,0,0,0.8640105367,0.6,True,density_deficit_exceeds_threshold
nuscenes_mini_subset,scene-1094_019,scene-1094,test,sector_dropout,10,degrees,42,90,34078,34078,0,0,0.7313137965,0.6,True,density_deficit_exceeds_threshold
nuscenes_mini_subset,scene-1094_019,scene-1094,test,sector_dropout,20,degrees,42,90,33325,33325,0,2,1,0.6,True,density_deficit_exceeds_threshold
nuscenes_mini_subset,scene-1094_019,scene-1094,test,sector_dropout,30,degrees,42,90,32571,32571,0,2,1,0.6,True,density_deficit_exceeds_threshold
nuscenes_mini_subset,scene-1094_020,scene-1094,calibration,original,0,none,42,90,34720,34720,0,0,0.7385577873,0.6,True,density_deficit_exceeds_threshold
nuscenes_mini_subset,scene-1094_020,scene-1094,calibration,random_dropout,0.1,fraction_removed,42,90,31288,31288,0,0,0.7609483042,0.6,True,density_deficit_exceeds_threshold
nuscenes_mini_subset,scene-1094_020,scene-1094,calibration,random_dropout,0.3,fraction_removed,42,90,24255,24255,0,0,0.8159367797,0.6,True,density_deficit_exceeds_threshold
nuscenes_mini_subset,scene-1094_020,scene-1094,calibration,random_dropout,0.5,fraction_removed,42,90,17283,17283,0,0,0.8682910767,0.6,True,density_deficit_exceeds_threshold
nuscenes_mini_subset,scene-1094_020,scene-1094,calibration,sector_dropout,10,degrees,42,90,34089,34089,0,0,0.7385577873,0.6,True,density_deficit_exceeds_threshold
nuscenes_mini_subset,scene-1094_020,scene-1094,calibration,sector_dropout,20,degrees,42,90,33382,33382,0,2,1,0.6,True,density_deficit_exceeds_threshold
nuscenes_mini_subset,scene-1094_020,scene-1094,calibration,sector_dropout,30,degrees,42,90,32620,32620,0,2,1,0.6,True,density_deficit_exceeds_threshold
nuscenes_mini_subset,scene-1094_021,scene-1094,test,original,0,none,42,90,34688,34688,0,0,0.6386326641,0.6,True,density_deficit_exceeds_threshold
nuscenes_mini_subset,scene-1094_021,scene-1094,test,random_dropout,0.1,fraction_removed,42,90,31260,31260,0,0,0.6798697775,0.6,True,density_deficit_exceeds_threshold
nuscenes_mini_subset,scene-1094_021,scene-1094,test,random_dropout,0.3,fraction_removed,42,90,24237,24237,0,0,0.7542051004,0.6,True,density_deficit_exceeds_threshold
nuscenes_mini_subset,scene-1094_021,scene-1094,test,random_dropout,0.5,fraction_removed,42,90,17270,17270,0,0,0.8241996744,0.6,True,density_deficit_exceeds_threshold
nuscenes_mini_subset,scene-1094_021,scene-1094,test,sector_dropout,10,degrees,42,90,34068,34068,0,0,0.6386326641,0.6,True,density_deficit_exceeds_threshold
nuscenes_mini_subset,scene-1094_021,scene-1094,test,sector_dropout,20,degrees,42,90,33364,33364,0,2,1,0.6,True,density_deficit_exceeds_threshold
nuscenes_mini_subset,scene-1094_021,scene-1094,test,sector_dropout,30,degrees,42,90,32597,32597,0,2,1,0.6,True,density_deficit_exceeds_threshold
nuscenes_mini_subset,scene-1094_022,scene-1094,calibration,original,0,none,42,90,34656,34656,0,0,0.3233454067,0.6,False,
nuscenes_mini_subset,scene-1094_022,scene-1094,calibration,random_dropout,0.1,fraction_removed,42,90,31230,31230,0,0,0.3852486006,0.6,False,
nuscenes_mini_subset,scene-1094_022,scene-1094,calibration,random_dropout,0.3,fraction_removed,42,90,24211,24211,0,0,0.5172867962,0.6,False,
nuscenes_mini_subset,scene-1094_022,scene-1094,calibration,random_dropout,0.5,fraction_removed,42,90,17250,17250,0,0,0.6516298979,0.6,True,density_deficit_exceeds_threshold
nuscenes_mini_subset,scene-1094_022,scene-1094,calibration,sector_dropout,10,degrees,42,90,34058,34058,0,0,0.5187250996,0.6,False,
nuscenes_mini_subset,scene-1094_022,scene-1094,calibration,sector_dropout,20,degrees,42,90,33348,33348,0,2,1,0.6,True,density_deficit_exceeds_threshold
nuscenes_mini_subset,scene-1094_022,scene-1094,calibration,sector_dropout,30,degrees,42,90,32573,32573,0,2,1,0.6,True,density_deficit_exceeds_threshold
nuscenes_mini_subset,scene-1094_023,scene-1094,test,original,0,none,42,90,34688,34688,0,0,0.6858383071,0.6,True,density_deficit_exceeds_threshold
nuscenes_mini_subset,scene-1094_023,scene-1094,test,random_dropout,0.1,fraction_removed,42,90,31260,31260,0,0,0.7211068909,0.6,True,density_deficit_exceeds_threshold
nuscenes_mini_subset,scene-1094_023,scene-1094,test,random_dropout,0.3,fraction_removed,42,90,24237,24237,0,0,0.7873033098,0.6,True,density_deficit_exceeds_threshold
nuscenes_mini_subset,scene-1094_023,scene-1094,test,random_dropout,0.5,fraction_removed,42,90,17270,17270,0,0,0.8513293543,0.6,True,density_deficit_exceeds_threshold
nuscenes_mini_subset,scene-1094_023,scene-1094,test,sector_dropout,10,degrees,42,90,34084,34084,0,0,0.6858383071,0.6,True,density_deficit_exceeds_threshold
nuscenes_mini_subset,scene-1094_023,scene-1094,test,sector_dropout,20,degrees,42,90,33415,33415,0,2,1,0.6,True,density_deficit_exceeds_threshold
nuscenes_mini_subset,scene-1094_023,scene-1094,test,sector_dropout,30,degrees,42,90,32647,32647,0,2,1,0.6,True,density_deficit_exceeds_threshold
nuscenes_mini_subset,scene-1094_024,scene-1094,calibration,original,0,none,42,90,34688,34688,0,0,0.7451432335,0.6,True,density_deficit_exceeds_threshold
nuscenes_mini_subset,scene-1094_024,scene-1094,calibration,random_dropout,0.1,fraction_removed,42,90,31260,31260,0,0,0.7675337504,0.6,True,density_deficit_exceeds_threshold
nuscenes_mini_subset,scene-1094_024,scene-1094,calibration,random_dropout,0.3,fraction_removed,42,90,24237,24237,0,0,0.8202173197,0.6,True,density_deficit_exceeds_threshold
nuscenes_mini_subset,scene-1094_024,scene-1094,calibration,random_dropout,0.5,fraction_removed,42,90,17270,17270,0,0,0.8702667106,0.6,True,density_deficit_exceeds_threshold
nuscenes_mini_subset,scene-1094_024,scene-1094,calibration,sector_dropout,10,degrees,42,90,34056,34056,0,0,0.7451432335,0.6,True,density_deficit_exceeds_threshold
nuscenes_mini_subset,scene-1094_024,scene-1094,calibration,sector_dropout,20,degrees,42,90,33399,33399,0,2,1,0.6,True,density_deficit_exceeds_threshold
nuscenes_mini_subset,scene-1094_024,scene-1094,calibration,sector_dropout,30,degrees,42,90,32635,32635,0,2,1,0.6,True,density_deficit_exceeds_threshold
nuscenes_mini_subset,scene-1094_025,scene-1094,test,original,0,none,42,90,34720,34720,0,0,0.4915897992,0.6,False,
nuscenes_mini_subset,scene-1094_025,scene-1094,test,random_dropout,0.1,fraction_removed,42,90,31288,31288,0,0,0.5463917526,0.6,False,
nuscenes_mini_subset,scene-1094_025,scene-1094,test,random_dropout,0.3,fraction_removed,42,90,24255,24255,0,0,0.6473141617,0.6,True,density_deficit_exceeds_threshold
nuscenes_mini_subset,scene-1094_025,scene-1094,test,random_dropout,0.5,fraction_removed,42,90,17283,17283,0,0,0.7498643516,0.6,True,density_deficit_exceeds_threshold
nuscenes_mini_subset,scene-1094_025,scene-1094,test,sector_dropout,10,degrees,42,90,34099,34099,0,0,0.5235059761,0.6,False,
nuscenes_mini_subset,scene-1094_025,scene-1094,test,sector_dropout,20,degrees,42,90,33446,33446,0,2,1,0.6,True,density_deficit_exceeds_threshold
nuscenes_mini_subset,scene-1094_025,scene-1094,test,sector_dropout,30,degrees,42,90,32699,32699,0,2,1,0.6,True,density_deficit_exceeds_threshold
nuscenes_mini_subset,scene-1094_026,scene-1094,calibration,original,0,none,42,90,34752,34752,0,0,0.7533750412,0.6,True,density_deficit_exceeds_threshold
nuscenes_mini_subset,scene-1094_026,scene-1094,calibration,random_dropout,0.1,fraction_removed,42,90,31318,31318,0,0,0.7747777412,0.6,True,density_deficit_exceeds_threshold
nuscenes_mini_subset,scene-1094_026,scene-1094,calibration,random_dropout,0.3,fraction_removed,42,90,24280,24280,0,0,0.829107672,0.6,True,density_deficit_exceeds_threshold
nuscenes_mini_subset,scene-1094_026,scene-1094,calibration,random_dropout,0.5,fraction_removed,42,90,17300,17300,0,0,0.8765228844,0.6,True,density_deficit_exceeds_threshold
nuscenes_mini_subset,scene-1094_026,scene-1094,calibration,sector_dropout,10,degrees,42,90,34119,34119,0,0,0.7533750412,0.6,True,density_deficit_exceeds_threshold
nuscenes_mini_subset,scene-1094_026,scene-1094,calibration,sector_dropout,20,degrees,42,90,33461,33461,0,2,1,0.6,True,density_deficit_exceeds_threshold
nuscenes_mini_subset,scene-1094_026,scene-1094,calibration,sector_dropout,30,degrees,42,90,32705,32705,0,2,1,0.6,True,density_deficit_exceeds_threshold
nuscenes_mini_subset,scene-1094_027,scene-1094,test,original,0,none,42,90,34752,34752,0,0,0.1971830986,0.6,False,
nuscenes_mini_subset,scene-1094_027,scene-1094,test,random_dropout,0.1,fraction_removed,42,90,31318,31318,0,0,0.2688860435,0.6,False,
nuscenes_mini_subset,scene-1094_027,scene-1094,test,random_dropout,0.3,fraction_removed,42,90,24280,24280,0,0,0.4302176697,0.6,False,
nuscenes_mini_subset,scene-1094_027,scene-1094,test,random_dropout,0.5,fraction_removed,42,90,17300,17300,0,0,0.609475032,0.6,True,density_deficit_exceeds_threshold
nuscenes_mini_subset,scene-1094_027,scene-1094,test,sector_dropout,10,degrees,42,90,34103,34103,0,0,0.5235059761,0.6,False,
nuscenes_mini_subset,scene-1094_027,scene-1094,test,sector_dropout,20,degrees,42,90,33451,33451,0,2,1,0.6,True,density_deficit_exceeds_threshold
nuscenes_mini_subset,scene-1094_027,scene-1094,test,sector_dropout,30,degrees,42,90,32683,32683,0,2,1,0.6,True,density_deficit_exceeds_threshold
nuscenes_mini_subset,scene-1094_028,scene-1094,calibration,original,0,none,42,90,34752,34752,0,0,0.6635919696,0.6,True,density_deficit_exceeds_threshold
nuscenes_mini_subset,scene-1094_028,scene-1094,calibration,random_dropout,0.1,fraction_removed,42,90,31318,31318,0,0,0.6977753663,0.6,True,density_deficit_exceeds_threshold
nuscenes_mini_subset,scene-1094_028,scene-1094,calibration,random_dropout,0.3,fraction_removed,42,90,24280,24280,0,0,0.7672273467,0.6,True,density_deficit_exceeds_threshold
nuscenes_mini_subset,scene-1094_028,scene-1094,calibration,random_dropout,0.5,fraction_removed,42,90,17300,17300,0,0,0.8372219208,0.6,True,density_deficit_exceeds_threshold
nuscenes_mini_subset,scene-1094_028,scene-1094,calibration,sector_dropout,10,degrees,42,90,34143,34143,0,0,0.6635919696,0.6,True,density_deficit_exceeds_threshold
nuscenes_mini_subset,scene-1094_028,scene-1094,calibration,sector_dropout,20,degrees,42,90,33518,33518,0,2,1,0.6,True,density_deficit_exceeds_threshold
nuscenes_mini_subset,scene-1094_028,scene-1094,calibration,sector_dropout,30,degrees,42,90,32762,32762,0,2,1,0.6,True,density_deficit_exceeds_threshold
nuscenes_mini_subset,scene-1094_029,scene-1094,test,original,0,none,42,90,34720,34720,0,0,0.7062891011,0.6,True,density_deficit_exceeds_threshold
nuscenes_mini_subset,scene-1094_029,scene-1094,test,random_dropout,0.1,fraction_removed,42,90,31288,31288,0,0,0.7329601581,0.6,True,density_deficit_exceeds_threshold
nuscenes_mini_subset,scene-1094_029,scene-1094,test,random_dropout,0.3,fraction_removed,42,90,24255,24255,0,0,0.7925584458,0.6,True,density_deficit_exceeds_threshold
nuscenes_mini_subset,scene-1094_029,scene-1094,test,random_dropout,0.5,fraction_removed,42,90,17283,17283,0,0,0.8501810998,0.6,True,density_deficit_exceeds_threshold
nuscenes_mini_subset,scene-1094_029,scene-1094,test,sector_dropout,10,degrees,42,90,34110,34110,0,0,0.7062891011,0.6,True,density_deficit_exceeds_threshold
nuscenes_mini_subset,scene-1094_029,scene-1094,test,sector_dropout,20,degrees,42,90,33483,33483,0,2,1,0.6,True,density_deficit_exceeds_threshold
nuscenes_mini_subset,scene-1094_029,scene-1094,test,sector_dropout,30,degrees,42,90,32715,32715,0,2,1,0.6,True,density_deficit_exceeds_threshold
nuscenes_mini_subset,scene-1094_030,scene-1094,calibration,original,0,none,42,90,34720,34720,0,0,0.6760716224,0.6,True,density_deficit_exceeds_threshold
nuscenes_mini_subset,scene-1094_030,scene-1094,calibration,random_dropout,0.1,fraction_removed,42,90,31288,31288,0,0,0.7118827998,0.6,True,density_deficit_exceeds_threshold
nuscenes_mini_subset,scene-1094_030,scene-1094,calibration,random_dropout,0.3,fraction_removed,42,90,24255,24255,0,0,0.7764514379,0.6,True,density_deficit_exceeds_threshold
nuscenes_mini_subset,scene-1094_030,scene-1094,calibration,random_dropout,0.5,fraction_removed,42,90,17283,17283,0,0,0.843733044,0.6,True,density_deficit_exceeds_threshold
nuscenes_mini_subset,scene-1094_030,scene-1094,calibration,sector_dropout,10,degrees,42,90,34133,34133,0,0,0.6760716224,0.6,True,density_deficit_exceeds_threshold
nuscenes_mini_subset,scene-1094_030,scene-1094,calibration,sector_dropout,20,degrees,42,90,33506,33506,0,2,1,0.6,True,density_deficit_exceeds_threshold
nuscenes_mini_subset,scene-1094_030,scene-1094,calibration,sector_dropout,30,degrees,42,90,32744,32744,0,2,1,0.6,True,density_deficit_exceeds_threshold
nuscenes_mini_subset,scene-1094_031,scene-1094,test,original,0,none,42,90,34752,34752,0,0,0.6695604992,0.6,True,density_deficit_exceeds_threshold
nuscenes_mini_subset,scene-1094_031,scene-1094,test,random_dropout,0.1,fraction_removed,42,90,31318,31318,0,0,0.704829083,0.6,True,density_deficit_exceeds_threshold
nuscenes_mini_subset,scene-1094_031,scene-1094,test,random_dropout,0.3,fraction_removed,42,90,24280,24280,0,0,0.7688551275,0.6,True,density_deficit_exceeds_threshold
nuscenes_mini_subset,scene-1094_031,scene-1094,test,random_dropout,0.5,fraction_removed,42,90,17300,17300,0,0,0.838307108,0.6,True,density_deficit_exceeds_threshold
nuscenes_mini_subset,scene-1094_031,scene-1094,test,sector_dropout,10,degrees,42,90,34179,34179,0,0,0.6695604992,0.6,True,density_deficit_exceeds_threshold
nuscenes_mini_subset,scene-1094_031,scene-1094,test,sector_dropout,20,degrees,42,90,33543,33543,0,2,1,0.6,True,density_deficit_exceeds_threshold
nuscenes_mini_subset,scene-1094_031,scene-1094,test,sector_dropout,30,degrees,42,90,32797,32797,0,2,1,0.6,True,density_deficit_exceeds_threshold
nuscenes_mini_subset,scene-1094_032,scene-1094,calibration,original,0,none,42,90,34784,34784,0,0,0.7385577873,0.6,True,density_deficit_exceeds_threshold
nuscenes_mini_subset,scene-1094_032,scene-1094,calibration,random_dropout,0.1,fraction_removed,42,90,31345,31345,0,0,0.7648995719,0.6,True,density_deficit_exceeds_threshold
nuscenes_mini_subset,scene-1094_032,scene-1094,calibration,random_dropout,0.3,fraction_removed,42,90,24300,24300,0,0,0.8225222259,0.6,True,density_deficit_exceeds_threshold
nuscenes_mini_subset,scene-1094_032,scene-1094,calibration,random_dropout,0.5,fraction_removed,42,90,17313,17313,0,0,0.8712545275,0.6,True,density_deficit_exceeds_threshold
nuscenes_mini_subset,scene-1094_032,scene-1094,calibration,sector_dropout,10,degrees,42,90,34224,34224,0,0,0.7385577873,0.6,True,density_deficit_exceeds_threshold
nuscenes_mini_subset,scene-1094_032,scene-1094,calibration,sector_dropout,20,degrees,42,90,33613,33613,0,2,1,0.6,True,density_deficit_exceeds_threshold
nuscenes_mini_subset,scene-1094_032,scene-1094,calibration,sector_dropout,30,degrees,42,90,32901,32901,0,2,1,0.6,True,density_deficit_exceeds_threshold
nuscenes_mini_subset,scene-1094_033,scene-1094,test,original,0,none,42,90,34720,34720,0,0,0.7365821534,0.6,True,density_deficit_exceeds_threshold
nuscenes_mini_subset,scene-1094_033,scene-1094,test,random_dropout,0.1,fraction_removed,42,90,31288,31288,0,0,0.7602897596,0.6,True,density_deficit_exceeds_threshold
nuscenes_mini_subset,scene-1094_033,scene-1094,test,random_dropout,0.3,fraction_removed,42,90,24255,24255,0,0,0.8169245966,0.6,True,density_deficit_exceeds_threshold
nuscenes_mini_subset,scene-1094_033,scene-1094,test,random_dropout,0.5,fraction_removed,42,90,17283,17283,0,0,0.8679618044,0.6,True,density_deficit_exceeds_threshold
nuscenes_mini_subset,scene-1094_033,scene-1094,test,sector_dropout,10,degrees,42,90,34154,34154,0,0,0.7365821534,0.6,True,density_deficit_exceeds_threshold
nuscenes_mini_subset,scene-1094_033,scene-1094,test,sector_dropout,20,degrees,42,90,33557,33557,0,2,1,0.6,True,density_deficit_exceeds_threshold
nuscenes_mini_subset,scene-1094_033,scene-1094,test,sector_dropout,30,degrees,42,90,32893,32893,0,2,1,0.6,True,density_deficit_exceeds_threshold
nuscenes_mini_subset,scene-1094_034,scene-1094,calibration,original,0,none,42,90,34720,34720,0,0,0.676614216,0.6,True,density_deficit_exceeds_threshold
nuscenes_mini_subset,scene-1094_034,scene-1094,calibration,random_dropout,0.1,fraction_removed,42,90,31288,31288,0,0,0.7118827998,0.6,True,density_deficit_exceeds_threshold
nuscenes_mini_subset,scene-1094_034,scene-1094,calibration,random_dropout,0.3,fraction_removed,42,90,24255,24255,0,0,0.7786218123,0.6,True,density_deficit_exceeds_threshold
nuscenes_mini_subset,scene-1094_034,scene-1094,calibration,random_dropout,0.5,fraction_removed,42,90,17283,17283,0,0,0.843733044,0.6,True,density_deficit_exceeds_threshold
nuscenes_mini_subset,scene-1094_034,scene-1094,calibration,sector_dropout,10,degrees,42,90,34169,34169,0,0,0.676614216,0.6,True,density_deficit_exceeds_threshold
nuscenes_mini_subset,scene-1094_034,scene-1094,calibration,sector_dropout,20,degrees,42,90,33609,33609,0,2,1,0.6,True,density_deficit_exceeds_threshold
nuscenes_mini_subset,scene-1094_034,scene-1094,calibration,sector_dropout,30,degrees,42,90,32954,32954,0,2,1,0.6,True,density_deficit_exceeds_threshold
nuscenes_mini_subset,scene-1094_035,scene-1094,test,original,0,none,42,90,34720,34720,0,0,0.6473141617,0.6,True,density_deficit_exceeds_threshold
nuscenes_mini_subset,scene-1094_035,scene-1094,test,random_dropout,0.1,fraction_removed,42,90,31288,31288,0,0,0.6842105263,0.6,True,density_deficit_exceeds_threshold
nuscenes_mini_subset,scene-1094_035,scene-1094,test,random_dropout,0.3,fraction_removed,42,90,24255,24255,0,0,0.76017363,0.6,True,density_deficit_exceeds_threshold
nuscenes_mini_subset,scene-1094_035,scene-1094,test,random_dropout,0.5,fraction_removed,42,90,17283,17283,0,0,0.827455236,0.6,True,density_deficit_exceeds_threshold
nuscenes_mini_subset,scene-1094_035,scene-1094,test,sector_dropout,10,degrees,42,90,34168,34168,0,0,0.6473141617,0.6,True,density_deficit_exceeds_threshold
nuscenes_mini_subset,scene-1094_035,scene-1094,test,sector_dropout,20,degrees,42,90,33607,33607,0,2,1,0.6,True,density_deficit_exceeds_threshold
nuscenes_mini_subset,scene-1094_035,scene-1094,test,sector_dropout,30,degrees,42,90,32983,32983,0,2,1,0.6,True,density_deficit_exceeds_threshold
nuscenes_mini_subset,scene-1094_036,scene-1094,calibration,original,0,none,42,90,34720,34720,0,0,0.6890938687,0.6,True,density_deficit_exceeds_threshold
nuscenes_mini_subset,scene-1094_036,scene-1094,calibration,random_dropout,0.1,fraction_removed,42,90,31288,31288,0,0,0.7216494845,0.6,True,density_deficit_exceeds_threshold
nuscenes_mini_subset,scene-1094_036,scene-1094,calibration,random_dropout,0.3,fraction_removed,42,90,24255,24255,0,0,0.7878459034,0.6,True,density_deficit_exceeds_threshold
nuscenes_mini_subset,scene-1094_036,scene-1094,calibration,random_dropout,0.5,fraction_removed,42,90,17283,17283,0,0,0.8491589799,0.6,True,density_deficit_exceeds_threshold
nuscenes_mini_subset,scene-1094_036,scene-1094,calibration,sector_dropout,10,degrees,42,90,34178,34178,0,0,0.6890938687,0.6,True,density_deficit_exceeds_threshold
nuscenes_mini_subset,scene-1094_036,scene-1094,calibration,sector_dropout,20,degrees,42,90,33611,33611,0,2,1,0.6,True,density_deficit_exceeds_threshold
nuscenes_mini_subset,scene-1094_036,scene-1094,calibration,sector_dropout,30,degrees,42,90,32996,32996,0,2,1,0.6,True,density_deficit_exceeds_threshold
nuscenes_mini_subset,scene-1094_037,scene-1094,test,original,0,none,42,90,34752,34752,0,0,0.6771568095,0.6,True,density_deficit_exceeds_threshold
nuscenes_mini_subset,scene-1094_037,scene-1094,test,random_dropout,0.1,fraction_removed,42,90,31318,31318,0,0,0.7107976126,0.6,True,density_deficit_exceeds_threshold
nuscenes_mini_subset,scene-1094_037,scene-1094,test,random_dropout,0.3,fraction_removed,42,90,24280,24280,0,0,0.7775366251,0.6,True,density_deficit_exceeds_threshold
nuscenes_mini_subset,scene-1094_037,scene-1094,test,random_dropout,0.5,fraction_removed,42,90,17300,17300,0,0,0.8421052632,0.6,True,density_deficit_exceeds_threshold
nuscenes_mini_subset,scene-1094_037,scene-1094,test,sector_dropout,10,degrees,42,90,34214,34214,0,0,0.6771568095,0.6,True,density_deficit_exceeds_threshold
nuscenes_mini_subset,scene-1094_037,scene-1094,test,sector_dropout,20,degrees,42,90,33650,33650,0,2,1,0.6,True,density_deficit_exceeds_threshold
nuscenes_mini_subset,scene-1094_037,scene-1094,test,sector_dropout,30,degrees,42,90,33019,33019,0,2,1,0.6,True,density_deficit_exceeds_threshold
nuscenes_mini_subset,scene-1094_038,scene-1094,calibration,original,0,none,42,90,34688,34688,0,0,0.6880086815,0.6,True,density_deficit_exceeds_threshold
nuscenes_mini_subset,scene-1094_038,scene-1094,calibration,random_dropout,0.1,fraction_removed,42,90,31260,31260,0,0,0.7221920781,0.6,True,density_deficit_exceeds_threshold
nuscenes_mini_subset,scene-1094_038,scene-1094,calibration,random_dropout,0.3,fraction_removed,42,90,24237,24237,0,0,0.7878459034,0.6,True,density_deficit_exceeds_threshold
nuscenes_mini_subset,scene-1094_038,scene-1094,calibration,random_dropout,0.5,fraction_removed,42,90,17270,17270,0,0,0.8507867607,0.6,True,density_deficit_exceeds_threshold
nuscenes_mini_subset,scene-1094_038,scene-1094,calibration,sector_dropout,10,degrees,42,90,34144,34144,0,0,0.6880086815,0.6,True,density_deficit_exceeds_threshold
nuscenes_mini_subset,scene-1094_038,scene-1094,calibration,sector_dropout,20,degrees,42,90,33558,33558,0,2,1,0.6,True,density_deficit_exceeds_threshold
nuscenes_mini_subset,scene-1094_038,scene-1094,calibration,sector_dropout,30,degrees,42,90,32951,32951,0,2,1,0.6,True,density_deficit_exceeds_threshold
nuscenes_mini_subset,scene-1094_039,scene-1094,test,original,0,none,42,90,34720,34720,0,0,0.6782419967,0.6,True,density_deficit_exceeds_threshold
nuscenes_mini_subset,scene-1094_039,scene-1094,test,random_dropout,0.1,fraction_removed,42,90,31288,31288,0,0,0.7118827998,0.6,True,density_deficit_exceeds_threshold
nuscenes_mini_subset,scene-1094_039,scene-1094,test,random_dropout,0.3,fraction_removed,42,90,24255,24255,0,0,0.7813347802,0.6,True,density_deficit_exceeds_threshold
nuscenes_mini_subset,scene-1094_039,scene-1094,test,random_dropout,0.5,fraction_removed,42,90,17283,17283,0,0,0.8464460119,0.6,True,density_deficit_exceeds_threshold
nuscenes_mini_subset,scene-1094_039,scene-1094,test,sector_dropout,10,degrees,42,90,34182,34182,0,0,0.6782419967,0.6,True,density_deficit_exceeds_threshold
nuscenes_mini_subset,scene-1094_039,scene-1094,test,sector_dropout,20,degrees,42,90,33622,33622,0,2,1,0.6,True,density_deficit_exceeds_threshold
nuscenes_mini_subset,scene-1094_039,scene-1094,test,sector_dropout,30,degrees,42,90,33014,33014,0,2,1,0.6,True,density_deficit_exceeds_threshold
